Workbook
Name d: Sheet1!$J$2:$J$101
Name hit: Sheet1!$K$2:$K$101
Name n: Sheet1!$D$2
Name p: Sheet1!$O$2
Name s: Sheet1!$O$3
Name t: Sheet1!$M$11:$M$28
Name x: Sheet1!$H$2:$H$101
Name y: Sheet1!$I$2:$I$101

Sheet Project Overview
A1: Monte Carlo Dart Game Simulation
A2: MGT 239 · Simulation for Business · Course Mini-Project
A4: PURPOSE
A5: Use repeated random sampling to estimate the probability that a uniformly generated point in a unit square falls inside a quarter circle. The exercise introduces Monte Carlo simulation as a way to estimate an uncertain quantity from simulated observations.
A8: METHOD
A9: Generate independent x and y coordinates with RAND(). For each simulated point, compute d = SQRT(x^2 + y^2) and record hit = 1 when d < 1, otherwise 0. Repeat the experiment for n = 100 trials. The sample mean of the hit indicator estimates the hit probability; the sample standard deviation is used to construct an approximate 95% confidence interval.
A13: KEY TAKEAWAY
A14: Simulation produces an estimate rather than an exact answer. Because RAND() generates a new sample when the workbook recalculates, the estimated probability and confidence interval vary from run to run. The confidence interval makes this simulation uncertainty visible.
A18: BUSINESS / DECISION RELEVANCE
A19: The same Monte Carlo logic can be used when business outcomes depend on uncertain inputs: generate plausible random outcomes, repeat the model, summarize the resulting distribution, and quantify uncertainty before making a decision. This exercise focuses on the simulation mechanics rather than a specific business application.
A23: MODEL FLOW
A24: INPUT → RANDOM SAMPLE → DISTANCE / HIT RULE → OUTPUT STATISTICS → UNCERTAINTY INTERPRETATION
A26: Model input | B26: Current value | C26: Output measure | D26: Current value
A27: Radius | B27: =Sheet1!D1 -> 1 | C27: Estimated hit probability | D27: =Sheet1!O2 -> 0.85
A28: Number of trials (n) | B28: =Sheet1!D2 -> 100 | C28: Sample standard deviation | D28: =Sheet1!O3 -> 0.35887028
A29: Random coordinates | B29: x, y ~ Uniform(0,1) | C29: Approx. 95% confidence interval | D29: =TEXT(Sheet1!O5,"0.000")&" to "&TEXT(Sheet1!P5,"0.000") -> 0.780 to 0.920
A31: Interpretation note: A hit is a Bernoulli outcome (1 = inside the quarter circle; 0 = outside). The average of the hit indicators is therefore the simulated probability of a hit.

Sheet Sheet1
B1: input | C1: radius | D1: 1 | F1: sample | G1: run | H1: x | I1: y | J1: d | K1: hit | M1: output
C2: n | D2: 100 | G2: 1 | H2: =RAND() -> 0.0062342001 | I2: =RAND() -> 0.40471753 | J2: =SQRT(H2^2+I2^2) -> 0.40476554 | K2: =IF(J2<1,1,0) -> 1 | N2: p | O2: =AVERAGE(hit) -> 0.85
G3: 2 | H3: =RAND() -> 0.50850262 | I3: =RAND() -> 0.40994751 | J3: =SQRT(H3^2+I3^2) -> 0.65317063 | K3: =IF(J3<1,1,0) -> 1 | N3: s | O3: =STDEV(hit) -> 0.35887028
G4: 3 | H4: =RAND() -> 0.28347253 | I4: =RAND() -> 0.69057295 | J4: =SQRT(H4^2+I4^2) -> 0.74649023 | K4: =IF(J4<1,1,0) -> 1 | N4: 95%CI | O4: LB | P4: UB
G5: 4 | H5: =RAND() -> 0.25757221 | I5: =RAND() -> 0.19615609 | J5: =SQRT(H5^2+I5^2) -> 0.32376018 | K5: =IF(J5<1,1,0) -> 1 | O5: =p-1.96*s/SQRT(n) -> 0.77966142 | P5: =p+1.96*s/SQRT(n) -> 0.92033858
G6: 5 | H6: =RAND() -> 0.75609697 | I6: =RAND() -> 0.19613766 | J6: =SQRT(H6^2+I6^2) -> 0.78112266 | K6: =IF(J6<1,1,0) -> 1
G7: 6 | H7: =RAND() -> 0.8727757 | I7: =RAND() -> 0.34548613 | J7: =SQRT(H7^2+I7^2) -> 0.93866825 | K7: =IF(J7<1,1,0) -> 1
G8: 7 | H8: =RAND() -> 0.42186559 | I8: =RAND() -> 0.21432673 | J8: =SQRT(H8^2+I8^2) -> 0.47318762 | K8: =IF(J8<1,1,0) -> 1
G9: 8 | H9: =RAND() -> 0.16054092 | I9: =RAND() -> 0.93404946 | J9: =SQRT(H9^2+I9^2) -> 0.94774563 | K9: =IF(J9<1,1,0) -> 1
G10: 9 | H10: =RAND() -> 0.167817 | I10: =RAND() -> 0.69121091 | J10: =SQRT(H10^2+I10^2) -> 0.71129113 | K10: =IF(J10<1,1,0) -> 1 | M10: t | N10: cost | O10: sint
G11: 10 | H11: =RAND() -> 0.25498624 | I11: =RAND() -> 0.94690944 | J11: =SQRT(H11^2+I11^2) -> 0.98064034 | K11: =IF(J11<1,1,0) -> 1 | M11: 0 | N11: {=COS(t)} -> 1 | O11: {=SIN(t)} -> 0
G12: 11 | H12: =RAND() -> 0.10138043 | I12: =RAND() -> 0.43319209 | J12: =SQRT(H12^2+I12^2) -> 0.44489704 | K12: =IF(J12<1,1,0) -> 1 | M12: 0.1 | N12: 0.99500417 | O12: 0.099833417
G13: 12 | H13: =RAND() -> 0.84135342 | I13: =RAND() -> 0.37229818 | J13: =SQRT(H13^2+I13^2) -> 0.9200443 | K13: =IF(J13<1,1,0) -> 1 | M13: 0.2 | N13: 0.98006658 | O13: 0.19866933
G14: 13 | H14: =RAND() -> 0.2871294 | I14: =RAND() -> 0.71191929 | J14: =SQRT(H14^2+I14^2) -> 0.76764078 | K14: =IF(J14<1,1,0) -> 1 | M14: 0.3 | N14: 0.95533649 | O14: 0.29552021
G15: 14 | H15: =RAND() -> 0.34547885 | I15: =RAND() -> 0.055440193 | J15: =SQRT(H15^2+I15^2) -> 0.34989891 | K15: =IF(J15<1,1,0) -> 1 | M15: 0.4 | N15: 0.92106099 | O15: 0.38941834
G16: 15 | H16: =RAND() -> 0.75608478 | I16: =RAND() -> 0.28346329 | J16: =SQRT(H16^2+I16^2) -> 0.80747485 | K16: =IF(J16<1,1,0) -> 1 | M16: 0.5 | N16: 0.87758256 | O16: 0.47942554
G17: 16 | H17: =RAND() -> 0.86938703 | I17: =RAND() -> 0.43317461 | J17: =SQRT(H17^2+I17^2) -> 0.97132593 | K17: =IF(J17<1,1,0) -> 1 | M17: 0.6 | N17: 0.82533561 | O17: 0.56464247
G18: 17 | H18: =RAND() -> 0.36649041 | I18: =RAND() -> 0.0062548777 | J18: =SQRT(H18^2+I18^2) -> 0.36654378 | K18: =IF(J18<1,1,0) -> 1 | M18: 0.7 | N18: 0.76484219 | O18: 0.64421769
G19: 18 | H19: =RAND() -> 0.48099332 | I19: =RAND() -> 0.42385619 | J19: =SQRT(H19^2+I19^2) -> 0.64109956 | K19: =IF(J19<1,1,0) -> 1 | M19: 0.8 | N19: 0.69670671 | O19: 0.71735609
G20: 19 | H20: =RAND() -> 0.26797295 | I20: =RAND() -> 0.16783869 | J20: =SQRT(H20^2+I20^2) -> 0.31619508 | K20: =IF(J20<1,1,0) -> 1 | M20: 0.9 | N20: 0.62160997 | O20: 0.78332691
G21: 20 | H21: =RAND() -> 0.43319161 | I21: =RAND() -> 0.89277873 | J21: =SQRT(H21^2+I21^2) -> 0.99232496 | K21: =IF(J21<1,1,0) -> 1 | M21: 1 | N21: 0.54030231 | O21: 0.84147098
G22: 21 | H22: =RAND() -> 0.84135332 | I22: =RAND() -> 0.13786683 | J22: =SQRT(H22^2+I22^2) -> 0.85257414 | K22: =IF(J22<1,1,0) -> 1 | M22: 1.1 | N22: 0.45359612 | O22: 0.89120736
G23: 22 | H23: =RAND() -> 0.69057858 | I23: =RAND() -> 0.94691723 | J23: =SQRT(H23^2+I23^2) -> 1.1719859 | K23: =IF(J23<1,1,0) -> 0 | M23: 1.2 | N23: 0.36235775 | O23: 0.93203909
... G28: 27 | H28: =RAND() -> 0.88782367 | I28: =RAND() -> 0.087729219 | J28: =SQRT(H28^2+I28^2) -> 0.89214757 | K28: =IF(J28<1,1,0) -> 1 | M28: 1.7 | N28: -0.12884449 | O28: 0.99166481
G29: 28 | H29: =RAND() -> 0.56155222 | I29: =RAND() -> 0.01531594 | J29: =SQRT(H29^2+I29^2) -> 0.56176104 | K29: =IF(J29<1,1,0) -> 1
G30: 29 | H30: =RAND() -> 0.37230882 | I30: =RAND() -> 0.87279512 | J30: =SQRT(H30^2+I30^2) -> 0.94888628 | K30: =IF(J30<1,1,0) -> 1
G31: 30 | H31: =RAND() -> 0.21036614 | I31: =RAND() -> 0.69055679 | J31: =SQRT(H31^2+I31^2) -> 0.72188821 | K31: =IF(J31<1,1,0) -> 1
G32: 31 | H32: =RAND() -> 0.86940057 | I32: =RAND() -> 0.67548767 | J32: =SQRT(H32^2+I32^2) -> 1.1009727 | K32: =IF(J32<1,1,0) -> 0
G33: 32 | H33: =RAND() -> 0.552109 | I33: =RAND() -> 0.69120903 | J33: =SQRT(H33^2+I33^2) -> 0.88464359 | K33: =IF(J33<1,1,0) -> 1
G34: 33 | H34: =RAND() -> 0.41351476 | I34: =RAND() -> 0.65561597 | J34: =SQRT(H34^2+I34^2) -> 0.77513016 | K34: =IF(J34<1,1,0) -> 1
G35: 34 | H35: =RAND() -> 0.28713556 | I35: =RAND() -> 0.50851081 | J35: =SQRT(H35^2+I35^2) -> 0.5839778 | K35: =IF(J35<1,1,0) -> 1
G36: 35 | H36: =RAND() -> 0.40995324 | I36: =RAND() -> 0.7119185 | J36: =SQRT(H36^2+I36^2) -> 0.82151665 | K36: =IF(J36<1,1,0) -> 1
G37: 36 | H37: =RAND() -> 0.92546998 | I37: =RAND() -> 0.40995561 | J37: =SQRT(H37^2+I37^2) -> 1.0122047 | K37: =IF(J37<1,1,0) -> 0
G38: 37 | H38: =RAND() -> 0.41550075 | I38: =RAND() -> 0.92135844 | J38: =SQRT(H38^2+I38^2) -> 1.0107137 | K38: =IF(J38<1,1,0) -> 0
G39: 38 | H39: =RAND() -> 0.93402506 | I39: =RAND() -> 0.28712544 | J39: =SQRT(H39^2+I39^2) -> 0.97716111 | K39: =IF(J39<1,1,0) -> 1
G40: 39 | H40: =RAND() -> 0.015306101 | I40: =RAND() -> 0.89276832 | J40: =SQRT(H40^2+I40^2) -> 0.89289952 | K40: =IF(J40<1,1,0) -> 1
... G101: 100 | H101: =RAND() -> 0.40995763 | I101: =RAND() -> 0.25759475 | J101: =SQRT(H101^2+I101^2) -> 0.48416972 | K101: =IF(J101<1,1,0) -> 1

Sheet Results & Interpretation
A1: Simulation Results & Interpretation
A2: Monte Carlo Dart Game · Interpretation of the current simulation run
A4: CURRENT SIMULATION RESULTS
A5: Metric | B5: Current result
A6: Number of trials | B6: =Sheet1!D2 -> 100
A7: Estimated hit probability | B7: =Sheet1!O2 -> 0.85
A8: Sample standard deviation | B8: =Sheet1!O3 -> 0.35887028
A9: 95% CI — lower bound | B9: =Sheet1!O5 -> 0.77966142
A10: 95% CI — upper bound | B10: =Sheet1!P5 -> 0.92033858
A12: RESULT INTERPRETATION
A13: ="In the current run, "&TEXT(Sheet1!D2,"0")&" random points are simulated in the unit square. "&TEXT(Sheet1!O2,"0.0%")&" of the points fall inside the quarter circle (hit = 1), giving a simulated hit probability of "&TEXT(Sheet1!O2,"0.000")&"." -> In the current run, 100 random points are simulated in the unit square. 85.0% of the points fall inside the quarter circle (hit = 1), giving a simulated hit probability of 0.850.
A16: ="The approximate 95% confidence interval for the hit probability is ["&TEXT(Sheet1!O5,"0.000")&", "&TEXT(Sheet1!P5,"0.000")&"]. "&"This interval summarizes the sampling uncertainty in this particular Monte Carlo run. A narrower interval would indicate a more precise simulation estimate." -> The approximate 95% confidence interval for the hit probability is [0.780, 0.920]. This interval summarizes the sampling uncertainty in this particular Monte Carlo run. A narrower interval would indicate a more precise simulation estimate.
A20: Because the x and y coordinates are generated with RAND(), recalculating the workbook produces a new random sample. The point estimate, sample standard deviation, and confidence interval can therefore change from one run to another. This variation is an expected feature of stochastic simulation, not an error in the model.
A24: WHAT THE EXERCISE DEMONSTRATES
A25: The model converts random inputs into a measurable output through a simple rule: each simulated point is classified as a hit or miss. Repeating that rule many times creates an empirical estimate of the underlying probability. The exercise therefore demonstrates the core Monte Carlo workflow used throughout simulation analysis: generate random inputs → evaluate each trial → aggregate outcomes → quantify uncertainty.
A29: BUSINESS / DECISION-MAKING INTERPRETATION
A30: The dart geometry itself is a teaching example, but the decision logic generalizes to business settings in which outcomes depend on uncertain inputs. For example, a simulated trial could represent a period of demand, a customer arrival, a supply disruption, or another uncertain operating condition. Managers can use repeated trials to estimate expected outcomes and the uncertainty around those estimates before evaluating a decision. The key lesson is to interpret both the estimated outcome and its uncertainty rather than relying on a single simulated value.
A35: Note: The results shown on this sheet are linked directly to the simulation formulas. They update whenever Excel recalculates the RAND() functions, so the written interpretation remains consistent with the current simulation run.
