Workbook
Name PDF: Sheet1!$H$2:$H$12
Name size: Sheet1!$Q$2
Name rfr: Sheet1!$V$2:$V$12
Name s: Sheet1!$Q$4
Name data: Sheet1!$M$2:$M$1001
Name bin: Sheet1!$T$2:$T$12
Name run: Sheet1!$L$2:$L$1001
Name fr: Sheet1!$U$2:$U$12
Name cfr: Sheet1!$W$2:$W$12
Name xbar: Sheet1!$Q$3
Name n: Sheet1!$E$1
Name CDF: Sheet1!$I$2:$I$12
Name y: Sheet1!$G$2:$G$12
Name p: Sheet1!$E$2

Sheet Project Overview
A1: Generating and Validating Binomial Random Variables
A2: MGT 239 · Simulation for Business · Course Mini-Project
A4: PURPOSE
A5: Generate a large sample from a Binomial probability model and validate the simulated observations against the theoretical distribution. The exercise connects random-variable generation with empirical verification using sample statistics, relative frequencies, and cumulative relative frequencies.
A8: METHOD
A9: Define X ~ Binomial(n = 10, p = 0.5) and compute the theoretical PDF and CDF for outcomes 0 through 10. Generate 1,000 observations using BINOM.INV(n,p,RAND()). Summarize the sample with its mean, standard deviation, and approximate 95% confidence interval, then compare empirical relative frequency (rfr) with the theoretical PDF and cumulative relative frequency (cfr) with the theoretical CDF.
A13: KEY TAKEAWAY
A14: A correctly generated random sample should reproduce the main features of its underlying probability distribution without matching it exactly. With 1,000 observations, the sample mean, dispersion, relative frequencies, and cumulative frequencies provide several ways to check whether the simulated data behave consistently with the specified Binomial model.
A18: BUSINESS / DECISION RELEVANCE
A19: Before uncertain inputs are used in a larger business simulation, it is useful to confirm that the random-variable generation process represents the intended probability assumptions. This validation step helps ensure that downstream simulated outcomes are driven by the chosen uncertainty model rather than by an implementation error.
A23: MODEL FLOW
A24: INPUT n, p → THEORETICAL PDF / CDF → BINOM.INV + RAND() → 1,000 DRAWS → SAMPLE STATISTICS → rfr / cfr → VALIDATE AGAINST PDF / CDF
A26: Metric | B26: Theoretical value | C26: Current simulation | D26: Difference
A27: Mean | B27: =Sheet1!E1*Sheet1!E2 -> 5 | C27: =Sheet1!Q3 -> 5.054 | D27: =C27-B27 -> 0.054
A28: Standard deviation | B28: =SQRT(Sheet1!E1*Sheet1!E2*(1-Sheet1!E2)) -> 1.5811388 | C28: =Sheet1!Q4 -> 1.6278003 | D28: =C28-B28 -> 0.046661444
A29: 95% CI — lower bound | C29: =Sheet1!P6 -> 4.9531079
A30: 95% CI — upper bound | C30: =Sheet1!Q6 -> 5.1548921
A31: Sample size | C31: =Sheet1!Q2 -> 1000
A33: Validation in this workbook is two-dimensional: the sample mean and standard deviation are compared with their theoretical Binomial values, while the empirical rfr/cfr columns are compared with the theoretical PDF/CDF across all possible outcomes.

Sheet Sheet1
C1: INPUT | D1: n | E1: 10 | G1: y | H1: PDF | I1: CDF | K1: SAMPLE | L1: run | M1: data | O1: OUTPUT | T1: bin | U1: fr | V1: rfr | W1: cfr
D2: p | E2: =0.5 -> 0.5 | G2: 0 | H2: {=_xlfn.BINOM.DIST(y,n,p,0)} -> 0.0009765625 | I2: {=_xlfn.BINOM.DIST(y,n,p,1)} -> 0.0009765625 | L2: 1 | M2: =_xlfn.BINOM.INV(n,p,RAND()) -> 4 | P2: size | Q2: =COUNT(data) -> 1000 | T2: 0 | U2: {=FREQUENCY(data,bin)} -> 0 | V2: {=fr/size} -> 0 | W2: =V2 -> 0
G3: 1 | H3: 0.009765625 | I3: 0.010742188 | L3: 2 | M3: =_xlfn.BINOM.INV(n,p,RAND()) -> 5 | P3: xbar | Q3: =AVERAGE(data) -> 5.054 | T3: 1 | U3: 9 | V3: 0.009 | W3: =SUM($V$2:V3) -> 0.009
G4: 2 | H4: 0.043945312 | I4: 0.0546875 | L4: 3 | M4: =_xlfn.BINOM.INV(n,p,RAND()) -> 7 | P4: s | Q4: =STDEV(data) -> 1.6278003 | T4: 2 | U4: 31 | V4: 0.031 | W4: =SUM($V$2:V4) -> 0.04
G5: 3 | H5: 0.1171875 | I5: 0.171875 | L5: 4 | M5: =_xlfn.BINOM.INV(n,p,RAND()) -> 4 | O5: 95% CI | P5: LB | Q5: UB | T5: 3 | U5: 132 | V5: 0.132 | W5: =SUM($V$2:V5) -> 0.172
G6: 4 | H6: 0.20507812 | I6: 0.37695313 | L6: 5 | M6: =_xlfn.BINOM.INV(n,p,RAND()) -> 4 | P6: =xbar-1.96*s/SQRT(size) -> 4.9531079 | Q6: =xbar+1.96*s/SQRT(size) -> 5.1548921 | T6: 4 | U6: 213 | V6: 0.213 | W6: =SUM($V$2:V6) -> 0.385
G7: 5 | H7: 0.24609375 | I7: 0.62304687 | L7: 6 | M7: =_xlfn.BINOM.INV(n,p,RAND()) -> 5 | T7: 5 | U7: 240 | V7: 0.24 | W7: =SUM($V$2:V7) -> 0.625
G8: 6 | H8: 0.20507812 | I8: 0.828125 | L8: 7 | M8: =_xlfn.BINOM.INV(n,p,RAND()) -> 6 | T8: 6 | U8: 186 | V8: 0.186 | W8: =SUM($V$2:V8) -> 0.811
G9: 7 | H9: 0.1171875 | I9: 0.9453125 | L9: 8 | M9: =_xlfn.BINOM.INV(n,p,RAND()) -> 4 | T9: 7 | U9: 125 | V9: 0.125 | W9: =SUM($V$2:V9) -> 0.936
G10: 8 | H10: 0.043945312 | I10: 0.98925781 | L10: 9 | M10: =_xlfn.BINOM.INV(n,p,RAND()) -> 7 | T10: 8 | U10: 32 | V10: 0.032 | W10: =SUM($V$2:V10) -> 0.968
G11: 9 | H11: 0.009765625 | I11: 0.99902344 | L11: 10 | M11: =_xlfn.BINOM.INV(n,p,RAND()) -> 7 | T11: 9 | U11: 32 | V11: 0.032 | W11: =SUM($V$2:V11) -> 1
G12: 10 | H12: 0.0009765625 | I12: 1 | L12: 11 | M12: =_xlfn.BINOM.INV(n,p,RAND()) -> 3 | T12: 10 | U12: 0 | V12: 0 | W12: =SUM($V$2:V12) -> 1
L13: 12 | M13: =_xlfn.BINOM.INV(n,p,RAND()) -> 4 | U13: 0
L14: 13 | M14: =_xlfn.BINOM.INV(n,p,RAND()) -> 5 | V14: pdf | W14: cdf
L15: 14 | M15: =_xlfn.BINOM.INV(n,p,RAND()) -> 6
L16: 15 | M16: =_xlfn.BINOM.INV(n,p,RAND()) -> 5
L17: 16 | M17: =_xlfn.BINOM.INV(n,p,RAND()) -> 3
L18: 17 | M18: =_xlfn.BINOM.INV(n,p,RAND()) -> 5
L19: 18 | M19: =_xlfn.BINOM.INV(n,p,RAND()) -> 4
L20: 19 | M20: =_xlfn.BINOM.INV(n,p,RAND()) -> 7
L21: 20 | M21: =_xlfn.BINOM.INV(n,p,RAND()) -> 6
L22: 21 | M22: =_xlfn.BINOM.INV(n,p,RAND()) -> 3
L23: 22 | M23: =_xlfn.BINOM.INV(n,p,RAND()) -> 4
L24: 23 | M24: =_xlfn.BINOM.INV(n,p,RAND()) -> 3
L25: 24 | M25: =_xlfn.BINOM.INV(n,p,RAND()) -> 6
L26: 25 | M26: =_xlfn.BINOM.INV(n,p,RAND()) -> 3
... L1001: 1000 | M1001: =_xlfn.BINOM.INV(n,p,RAND()) -> 6

Sheet Results & Interpretation
A1: Simulation Results & Interpretation
A2: Generating and Validating Binomial Random Variables · Current simulation run
A4: CURRENT SIMULATION RESULTS
A5: Metric | B5: Theoretical value | C5: Current simulation | D5: Difference
A6: Mean | B6: =Sheet1!E1*Sheet1!E2 -> 5 | C6: =Sheet1!Q3 -> 5.054 | D6: =C6-B6 -> 0.054
A7: Standard deviation | B7: =SQRT(Sheet1!E1*Sheet1!E2*(1-Sheet1!E2)) -> 1.5811388 | C7: =Sheet1!Q4 -> 1.6278003 | D7: =C7-B7 -> 0.046661444
A8: 95% CI — lower bound | C8: =Sheet1!P6 -> 4.9531079
A9: 95% CI — upper bound | C9: =Sheet1!Q6 -> 5.1548921
A10: Sample size | C10: =Sheet1!Q2 -> 1000
A13: RESULT INTERPRETATION
A14: ="For Binomial(n = "&TEXT(Sheet1!E1,"0")&", p = "&TEXT(Sheet1!E2,"0.0")&"), the theoretical mean is "&TEXT(Sheet1!E1*Sheet1!E2,"0.000")&". The current "&TEXT(Sheet1!Q2,"0")&"-draw sample mean is "&TEXT(Sheet1!Q3,"0.000")&", a difference of "&TEXT(ABS(Sheet1!Q3-Sheet1!E1*Sheet1!E2),"0.000")&" from the theoretical value." -> For Binomial(n = 10, p = 0.5), the theoretical mean is 5.000. The current 1000-draw sample mean is 5.054, a difference of 0.054 from the theoretical value.
A19: ="The theoretical standard deviation is "&TEXT(SQRT(Sheet1!E1*Sheet1!E2*(1-Sheet1!E2)),"0.000")&", while the current sample standard deviation is "&TEXT(Sheet1!Q4,"0.000")&". The approximate 95% confidence interval for the sample mean is ["&TEXT(Sheet1!P6,"0.000")&", "&TEXT(Sheet1!Q6,"0.000")&"]." -> The theoretical standard deviation is 1.581, while the current sample standard deviation is 1.628. The approximate 95% confidence interval for the sample mean is [4.953, 5.155].
A23: PDF / CDF VALIDATION
A24: The relative-frequency column (rfr) is the empirical counterpart of the theoretical PDF: it shows the proportion of simulated observations at each outcome. The cumulative relative-frequency column (cfr) is the empirical counterpart of the CDF: it shows the simulated proportion at or below each outcome. Close agreement between PDF and rfr, and between CDF and cfr, indicates that the generated sample is behaving consistently with the specified Binomial distribution.
A30: BUSINESS / DECISION-MAKING INTERPRETATION
A31: This exercise emphasizes validation before application. In a larger simulation model, randomly generated variables may drive demand, service outcomes, quality events, or other uncertain quantities. Checking both summary statistics and the full empirical distribution helps confirm that the simulation inputs reflect the intended probability assumptions before managerial conclusions are drawn from the model.
A36: Note: BINOM.INV is driven by RAND(), so recalculation generates a new sample. The sample statistics, rfr/cfr values, and linked numerical interpretation will update across simulation runs.
