Workbook

Sheet Project Overview
A1: MGT 209 Exercise — Weather and Product Sales Correlation
A3: Project Background
A4: This Session 2 in-class correlation exercise was from MGT 209: Marketing Management (Winter 2023), MBA. The course case describes a grocery store in Bloomington, Indiana that wants to understand whether average daily temperature is associated with sales of ice cream and soft drinks. The dataset records daily temperature (°F) and store-level unit sales for each day in June 2015. The analytical objective is association, not causal inference.
A9: Project Question
A10: Are daily ice cream sales and soft drink sales correlated with daily temperature in this June 2015 store sample?
A13: Workflow
A14: Step | B14: Description
A15: 1 | B15: Preserve and inspect the 30 daily observations in the original course dataset.
A16: 2 | B16: Summarize temperature, ice cream sales, and soft drink sales using descriptive statistics.
A17: 3 | B17: Calculate Pearson correlation coefficients (r) for the three pairs of continuous variables.
A18: 4 | B18: Visualize temperature against each sales variable using scatter plots.
A19: 5 | B19: Interpret direction and strength of association while avoiding causal claims.
A21: Source / Provenance
A22: Course-provided instructional dataset: WeatherVersusSoftDrinksandIceCreamSales.csv, used in MGT 209 Session 2 (“Marketing Metrics and Consumer Demand Drivers”), UC Riverside, Winter 2023.

Sheet Raw Data
A1: Original Raw Data — June 2015
A3: Date | B3: Temperature | C3: IceCreamSales | D3: SoftDrinkSales
A4: Monday, June 1, 2015 | B4: 57 | C4: 600 | D4: 810
A5: Tuesday, June 2, 2015 | B5: 63 | C5: 880 | D5: 1095
A6: Wednesday, June 3, 2015 | B6: 58 | C6: 675 | D6: 1923
A7: Thursday, June 4, 2015 | B7: 65 | C7: 375 | D7: 1871
A8: Friday, June 5, 2015 | B8: 73 | C8: 653 | D8: 2547
A9: Saturday, June 6, 2015 | B9: 70 | C9: 857 | D9: 1736
A10: Sunday, June 7, 2015 | B10: 75 | C10: 574 | D10: 2239
A11: Monday, June 8, 2015 | B11: 73 | C11: 705 | D11: 1185
A12: Tuesday, June 9, 2015 | B12: 75 | C12: 903 | D12: 1671
A13: Wednesday, June 10, 2015 | B13: 76 | C13: 1176 | D13: 1318
A14: Thursday, June 11, 2015 | B14: 78 | C14: 789 | D14: 1170
A15: Friday, June 12, 2015 | B15: 81 | C15: 1189 | D15: 1043
... A33: Tuesday, June 30, 2015 | B33: 73 | C33: 696 | D33: 1044

Sheet Correlation Analysis
A1: Pearson Correlation Analysis
A3: Descriptive Statistics
A4: Variable | B4: N | C4: Mean | D4: Std. Dev. | E4: Range
A5: Temperature (°F) | B5: =COUNT('Raw Data'!B4:B33) -> 30 | C5: =AVERAGE('Raw Data'!B4:B33) -> 72.733333 | D5: =_xlfn.STDEV.S('Raw Data'!B4:B33) -> 6.1416236 | E5: =MIN('Raw Data'!B4:B33)&"–"&MAX('Raw Data'!B4:B33) -> 57–81
A6: Ice Cream Sales (units) | B6: =COUNT('Raw Data'!C4:C33) -> 30 | C6: =AVERAGE('Raw Data'!C4:C33) -> 871.03333 | D6: =_xlfn.STDEV.S('Raw Data'!C4:C33) -> 238.36186 | E6: =MIN('Raw Data'!C4:C33)&"–"&MAX('Raw Data'!C4:C33) -> 375–1251
A7: Soft Drink Sales (units) | B7: =COUNT('Raw Data'!D4:D33) -> 30 | C7: =AVERAGE('Raw Data'!D4:D33) -> 1747.3333 | D7: =_xlfn.STDEV.S('Raw Data'!D4:D33) -> 625.36639 | E7: =MIN('Raw Data'!D4:D33)&"–"&MAX('Raw Data'!D4:D33) -> 810–2813
A10: Correlation Results
A11: Variable 1 | B11: Variable 2 | C11: Pearson r | D11: Direction | E11: Strength | F11: Two-sided p-value
A12: Temperature | B12: Ice Cream Sales | C12: =CORREL('Raw Data'!B4:B33,'Raw Data'!C4:C33) -> 0.37742711 | D12: =IF(C12>0,"Positive",IF(C12<0,"Negative","None")) -> Positive | E12: =IF(ABS(C12)<0.1,"Negligible",IF(ABS(C12)<0.3,"Weak",IF(ABS(C12)<0.5,"Moderate",IF(ABS(C12)<0.7,"Strong","Very strong")))) -> Moderate | F12: 0.039766848
A13: Temperature | B13: Soft Drink Sales | C13: =CORREL('Raw Data'!B4:B33,'Raw Data'!D4:D33) -> 0.060653027 | D13: =IF(C13>0,"Positive",IF(C13<0,"Negative","None")) -> Positive | E13: =IF(ABS(C13)<0.1,"Negligible",IF(ABS(C13)<0.3,"Weak",IF(ABS(C13)<0.5,"Moderate",IF(ABS(C13)<0.7,"Strong","Very strong")))) -> Negligible | F13: 0.75019106
A14: Ice Cream Sales | B14: Soft Drink Sales | C14: =CORREL('Raw Data'!C4:C33,'Raw Data'!D4:D33) -> 0.0078378231 | D14: =IF(C14>0,"Positive",IF(C14<0,"Negative","None")) -> Positive | E14: =IF(ABS(C14)<0.1,"Negligible",IF(ABS(C14)<0.3,"Weak",IF(ABS(C14)<0.5,"Moderate",IF(ABS(C14)<0.7,"Strong","Very strong")))) -> Negligible | F14: 0.96721146
A16: Final Interpretation
A17: Temperature and ice cream sales show a positive, moderate Pearson correlation (r ≈ 0.377; two-sided p ≈ 0.040). Within these 30 June 2015 observations, warmer days tended to coincide with higher ice cream unit sales, although the relationship is not strong. Temperature and soft drink sales show almost no linear association (r ≈ 0.061; p ≈ 0.750). Ice cream and soft drink sales are also essentially uncorrelated (r ≈ 0.008; p ≈ 0.967). The exercise supports an association between temperature and ice cream sales in this sample, but it does not establish causality. The small sample, single month, and single-store instructional setting limit generalization.
A24: Method Note
A25: Pearson's r measures the direction and strength of a linear association between two continuous variables. Correlation coefficients are calculated directly from the Raw Data sheet with Excel CORREL formulas. Two-sided p-values are included as a supplemental significance check (α = 0.05); the course exercise itself focuses on correlation.
