Workbook

Sheet Project Overview
A1: MGT 209 Exercise — MBA Program Cluster Analysis
A3: Project Background
A4: This Session 005 in-class clustering exercise was from MGT 209: Marketing Management (Winter 2023), MBA. The course case asks an MBA program director to understand the segment of the MBA market in which her program belongs. There are 54 top MBA programs, five program characteristics, and a cluster analysis with five anchors.
A10: Project Question
A11: How can 54 MBA programs be grouped into five clusters based on GPA, GMAT, acceptance rate, starting salary and bonus, and out-of-state tuition and fees?
A15: Workflow
A16: Step | B16: Description
A17: 1 | B17: Preserve and inspect the 54 original MBA program observations.
A18: 2 | B18: Use GPA, GMAT, Acceptance, Salary, and Tuition as the five clustering variables; Rank and School remain identifiers.
A19: 3 | B19: Standardize the five variables to z-scores because their raw units differ substantially; this is a documented reproduction choice.
A20: 4 | B20: Apply K-means with K = 5, consistent with the slide instruction to use five anchors.
A21: 5 | B21: Use Euclidean distance to verify that each program is assigned to its nearest final centroid.
A22: 6 | B22: Transform centroids back to original units, profile the five clusters, and inspect program membership.
A27: Source / Provenance
A28: Course-provided instructional dataset: cluster_MBA.csv, used in MGT 209 Session 4/005 (“Data-based Segmentation and Targeting”), UC Riverside, Winter 2023.

Sheet Raw Data
A1: Original Raw Data — MBA Programs
A3: Rank | B3: School | C3: GPA | D3: GMAT | E3: Acceptance | F3: Salary | G3: Tuition
A4: 1 | B4: Harvard University | C4: 3.66 | D4: 724 | E4: 11.1 | F4: 139735 | G4: 60610
A5: 2 | B5: Standford University | C5: 3.7 | D5: 730 | E5: 7 | F5: 140972 | G5: 55200
A6: 3 | B6: University of Pennsylvania | C6: 3.56 | D6: 718 | E6: 18.8 | F6: 137311 | G6: 58244
A7: 4 | B7: Massachusetts Institute of Technology | C7: 3.51 | D7: 710 | E7: 13.3 | F7: 132618 | G7: 52900
A8: 5 | B8: Northwestern University | C8: 3.54 | D8: 712 | E8: 21.1 | F8: 130092 | G8: 54225
A9: 6 | B9: University of Chicago | C9: 3.52 | D9: 719 | E9: 21.9 | F9: 133424 | G9: 54252
A10: 7 | B10: University of California-Berkeley | C10: 3.64 | D10: 715 | E10: 12.2 | F10: 129776 | G10: 53396
A11: 8 | B11: Columbia University | C11: 3.5 | D11: 716 | E11: 15.9 | F11: 134233 | G11: 58350
A12: 9 | B12: Dartmouth College | C12: 3.52 | D12: 718 | E12: 17.9 | F12: 138220 | G12: 56555
A13: 10 | B13: Yale University | C13: 3.52 | D13: 719 | E13: 19.1 | F13: 125735 | G13: 53900
A14: 11 | B14: New York University | C14: 3.42 | D14: 719 | E14: 13.6 | F14: 128888 | G14: 50582
A15: 12 | B15: Duke University | C15: 3.44 | D15: 689 | E15: 26.5 | F15: 128666 | G15: 52152
... A57: 54 | B57: Southern Methodist University | C57: 3.25 | D57: 641 | E57: 37 | F57: 88693 | G57: 45808

Sheet Standardized Data
A1: Standardized Clustering Variables (Z-Scores)
A3: Because K-means uses Euclidean distance and the five variables have very different raw units, this method standardizes each clustering variable. Formula: z = (x − mean) / population standard deviation.
A7: Variable | B7: GPA | C7: GMAT | D7: Acceptance | E7: Salary | F7: Tuition
A8: Mean | B8: 3.4085185 | C8: 681.44444 | D8: 30.383333 | E8: 106342.24 | F8: 44833.722
A9: Population SD | B9: 0.10873698 | C9: 25.805301 | D9: 11.471297 | E9: 19516.475 | F9: 9710.606
A11: Rank | B11: School | C11: GPA z | D11: GMAT z | E11: Acceptance z | F11: Salary z | G11: Tuition z | H11: Final Cluster
A12: 1 | B12: Harvard University | C12: =('Raw Data'!C4-$B$8)/$B$9 -> 2.3127503 | D12: =('Raw Data'!D4-$C$8)/$C$9 -> 1.6491013 | E12: =('Raw Data'!E4-$D$8)/$D$9 -> -1.6810073 | F12: =('Raw Data'!F4-$E$8)/$E$9 -> 1.7110036 | G12: =('Raw Data'!G4-$F$8)/$F$9 -> 1.624644 | H12: 2
A13: 2 | B13: Standford University | C13: =('Raw Data'!C5-$B$8)/$B$9 -> 2.6806104 | D13: =('Raw Data'!D5-$C$8)/$C$9 -> 1.8816116 | E13: =('Raw Data'!E5-$D$8)/$D$9 -> -2.0384211 | F13: =('Raw Data'!F5-$E$8)/$E$9 -> 1.7743859 | G13: =('Raw Data'!G5-$F$8)/$F$9 -> 1.0675212 | H13: 2
A14: 3 | B14: University of Pennsylvania | C14: =('Raw Data'!C6-$B$8)/$B$9 -> 1.3930999 | D14: =('Raw Data'!D6-$C$8)/$C$9 -> 1.4165909 | E14: =('Raw Data'!E6-$D$8)/$D$9 -> -1.0097667 | F14: =('Raw Data'!F6-$E$8)/$E$9 -> 1.5868008 | G14: =('Raw Data'!G6-$F$8)/$F$9 -> 1.3809929 | H14: 2
A15: 4 | B15: Massachusetts Institute of Technology | C15: =('Raw Data'!C7-$B$8)/$B$9 -> 0.93327477 | D15: =('Raw Data'!D7-$C$8)/$C$9 -> 1.1065771 | E15: =('Raw Data'!E7-$D$8)/$D$9 -> -1.4892243 | F15: =('Raw Data'!F7-$E$8)/$E$9 -> 1.3463373 | G15: =('Raw Data'!G7-$F$8)/$F$9 -> 0.83066678 | H15: 2
A16: 5 | B16: Northwestern University | C16: =('Raw Data'!C8-$B$8)/$B$9 -> 1.2091699 | D16: =('Raw Data'!D8-$C$8)/$C$9 -> 1.1840806 | E16: =('Raw Data'!E8-$D$8)/$D$9 -> -0.80926626 | F16: =('Raw Data'!F8-$E$8)/$E$9 -> 1.2169082 | G16: =('Raw Data'!G8-$F$8)/$F$9 -> 0.96711552 | H16: 2
A17: 6 | B17: University of Chicago | C17: =('Raw Data'!C9-$B$8)/$B$9 -> 1.0252398 | D17: =('Raw Data'!D9-$C$8)/$C$9 -> 1.4553426 | E17: =('Raw Data'!E9-$D$8)/$D$9 -> -0.73952697 | F17: =('Raw Data'!F9-$E$8)/$E$9 -> 1.3876358 | G17: =('Raw Data'!G9-$F$8)/$F$9 -> 0.96989599 | H17: 2
A18: 7 | B18: University of California-Berkeley | C18: =('Raw Data'!C10-$B$8)/$B$9 -> 2.1288202 | D18: =('Raw Data'!D10-$C$8)/$C$9 -> 1.3003357 | E18: =('Raw Data'!E10-$D$8)/$D$9 -> -1.5851158 | F18: =('Raw Data'!F10-$E$8)/$E$9 -> 1.2007168 | G18: =('Raw Data'!G10-$F$8)/$F$9 -> 0.88174495 | H18: 2
A19: 8 | B19: Columbia University | C19: =('Raw Data'!C11-$B$8)/$B$9 -> 0.84130974 | D19: =('Raw Data'!D11-$C$8)/$C$9 -> 1.3390875 | E19: =('Raw Data'!E11-$D$8)/$D$9 -> -1.2625716 | F19: =('Raw Data'!F11-$E$8)/$E$9 -> 1.4290879 | G19: =('Raw Data'!G11-$F$8)/$F$9 -> 1.3919088 | H19: 2
A20: 9 | B20: Dartmouth College | C20: =('Raw Data'!C12-$B$8)/$B$9 -> 1.0252398 | D20: =('Raw Data'!D12-$C$8)/$C$9 -> 1.4165909 | E20: =('Raw Data'!E12-$D$8)/$D$9 -> -1.0882234 | F20: =('Raw Data'!F12-$E$8)/$E$9 -> 1.6333769 | G20: =('Raw Data'!G12-$F$8)/$F$9 -> 1.2070594 | H20: 2
A21: 10 | B21: Yale University | C21: =('Raw Data'!C13-$B$8)/$B$9 -> 1.0252398 | D21: =('Raw Data'!D13-$C$8)/$C$9 -> 1.4553426 | E21: =('Raw Data'!E13-$D$8)/$D$9 -> -0.98361446 | F21: =('Raw Data'!F13-$E$8)/$E$9 -> 0.99366093 | G21: =('Raw Data'!G13-$F$8)/$F$9 -> 0.93364696 | H21: 2
A22: 11 | B22: New York University | C22: =('Raw Data'!C14-$B$8)/$B$9 -> 0.10558948 | D22: =('Raw Data'!D14-$C$8)/$C$9 -> 1.4553426 | E22: =('Raw Data'!E14-$D$8)/$D$9 -> -1.463072 | F22: =('Raw Data'!F14-$E$8)/$E$9 -> 1.1552167 | G22: =('Raw Data'!G14-$F$8)/$F$9 -> 0.59195871 | H22: 2
A23: 12 | B23: Duke University | C23: =('Raw Data'!C15-$B$8)/$B$9 -> 0.28951955 | D23: =('Raw Data'!D15-$C$8)/$C$9 -> 0.29279083 | E23: =('Raw Data'!E15-$D$8)/$D$9 -> -0.3385261 | F23: =('Raw Data'!F15-$E$8)/$E$9 -> 1.1438417 | G23: =('Raw Data'!G15-$F$8)/$F$9 -> 0.7536376 | H23: 3
... A65: 54 | B65: Southern Methodist University | C65: =('Raw Data'!C57-$B$8)/$B$9 -> -1.4578161 | D65: =('Raw Data'!D57-$C$8)/$C$9 -> -1.5672921 | E65: =('Raw Data'!E57-$D$8)/$D$9 -> 0.57680198 | F65: =('Raw Data'!F57-$E$8)/$E$9 -> -0.90432521 | G65: =('Raw Data'!G57-$F$8)/$F$9 -> 0.10033131 | H65: 5

Sheet K-Means Analysis
A1: K-Means Analysis — Five Anchors / K = 5
A3: Course logic: each cluster has a centroid; each program is assigned to the closest centroid using Euclidean distance; centroids are recomputed until stable. The course asks for five anchors. This workbook uses the final K=5 solution.
A8: Cluster | B8: Programs | C8: GPA | D8: GMAT | E8: Acceptance | F8: Salary | G8: Tuition
A9: 1 | B9: 6 | C9: 3.51 | D9: 656.16667 | E9: 34.533333 | F9: 83607.333 | G9: 27007.667
A10: 2 | B10: 12 | C10: 3.5491667 | D10: 717 | E10: 16.708333 | F10: 132509.42 | G10: 55066.167
A11: 3 | B11: 16 | C11: 3.353125 | D11: 689.8125 | E11: 30.80625 | F11: 113053.38 | G11: 49066.312
A12: 4 | B12: 2 | C12: 3.35 | D12: 651.5 | E12: 63.2 | F12: 78775 | G12: 46878
A13: 5 | B13: 18 | C13: 3.3366667 | D13: 662.05556 | E13: 34.094444 | F13: 93573.333 | G13: 39964.667
A16: Cluster | B16: GPA z | C16: GMAT z | D16: Acceptance z | E16: Salary z | F16: Tuition z
A17: 1 | B17: 0.93327477 | C17: -0.97955755 | D17: 0.36177253 | E17: -1.1649085 | F17: -1.8357305
A18: 2 | B18: 1.2934711 | C18: 1.3778392 | D18: -1.1921059 | E18: 1.3407736 | F18: 1.053739
A19: 3 | B19: -0.50942667 | C19: 0.32427661 | D19: 0.036867381 | E19: 0.3438702 | F19: 0.43587293
A20: 4 | B20: -0.53816574 | C20: -1.1603989 | D20: 2.8607635 | E20: -1.4125112 | F20: 0.2105201
A21: 5 | B21: -0.66078579 | C21: -0.75135293 | D21: 0.32351278 | E21: -0.65426298 | F21: -0.50141624
A24: Rank | B24: School | C24: Assigned Cluster | D24: Dist C1 | E24: Dist C2 | F24: Dist C3 | G24: Dist C4 | H24: Dist C5 | I24: Nearest Cluster | J24: Verified?
A25: 1 | B25: Harvard University | C25: 2 | D25: =SQRT(('Standardized Data'!C12-$B$17)^2+('Standardized Data'!D12-$C$17)^2+('Standardized Data'!E12-$D$17)^2+('Standardized Data'!F12-$E$17)^2+('Standardized Data'!G12-$F$17)^2) -> 5.7646171 | E25: =SQRT(('Standardized Data'!C12-$B$18)^2+('Standardized Data'!D12-$C$18)^2+('Standardized Data'!E12-$D$18)^2+('Standardized Data'!F12-$E$18)^2+('Standardized Data'!G12-$F$18)^2) -> 1.3470487 | F25: =SQRT(('Standardized Data'!C12-$B$19)^2+('Standardized Data'!D12-$C$19)^2+('Standardized Data'!E12-$D$19)^2+('Standardized Data'!F12-$E$19)^2+('Standardized Data'!G12-$F$19)^2) -> 3.9941415 | G25: =SQRT(('Standardized Data'!C12-$B$20)^2+('Standardized Data'!D12-$C$20)^2+('Standardized Data'!E12-$D$20)^2+('Standardized Data'!F12-$E$20)^2+('Standardized Data'!G12-$F$20)^2) -> 6.9573548 | H25: =SQRT(('Standardized Data'!C12-$B$21)^2+('Standardized Data'!D12-$C$21)^2+('Standardized Data'!E12-$D$21)^2+('Standardized Data'!F12-$E$21)^2+('Standardized Data'!G12-$F$21)^2) -> 5.3606731 | I25: =MATCH(MIN(D25:H25),D25:H25,0) -> 2 | J25: =IF(C25=I25,"Yes","No") -> Yes
A26: 2 | B26: Standford University | C26: 2 | D26: =SQRT(('Standardized Data'!C13-$B$17)^2+('Standardized Data'!D13-$C$17)^2+('Standardized Data'!E13-$D$17)^2+('Standardized Data'!F13-$E$17)^2+('Standardized Data'!G13-$F$17)^2) -> 5.8368418 | E26: =SQRT(('Standardized Data'!C13-$B$18)^2+('Standardized Data'!D13-$C$18)^2+('Standardized Data'!E13-$D$18)^2+('Standardized Data'!F13-$E$18)^2+('Standardized Data'!G13-$F$18)^2) -> 1.7556768 | F26: =SQRT(('Standardized Data'!C13-$B$19)^2+('Standardized Data'!D13-$C$19)^2+('Standardized Data'!E13-$D$19)^2+('Standardized Data'!F13-$E$19)^2+('Standardized Data'!G13-$F$19)^2) -> 4.3992961 | G26: =SQRT(('Standardized Data'!C13-$B$20)^2+('Standardized Data'!D13-$C$20)^2+('Standardized Data'!E13-$D$20)^2+('Standardized Data'!F13-$E$20)^2+('Standardized Data'!G13-$F$20)^2) -> 7.3828939 | H26: =SQRT(('Standardized Data'!C13-$B$21)^2+('Standardized Data'!D13-$C$21)^2+('Standardized Data'!E13-$D$21)^2+('Standardized Data'!F13-$E$21)^2+('Standardized Data'!G13-$F$21)^2) -> 5.6600409 | I26: =MATCH(MIN(D26:H26),D26:H26,0) -> 2 | J26: =IF(C26=I26,"Yes","No") -> Yes
A27: 3 | B27: University of Pennsylvania | C27: 2 | D27: =SQRT(('Standardized Data'!C14-$B$17)^2+('Standardized Data'!D14-$C$17)^2+('Standardized Data'!E14-$D$17)^2+('Standardized Data'!F14-$E$17)^2+('Standardized Data'!G14-$F$17)^2) -> 5.0747709 | E27: =SQRT(('Standardized Data'!C14-$B$18)^2+('Standardized Data'!D14-$C$18)^2+('Standardized Data'!E14-$D$18)^2+('Standardized Data'!F14-$E$18)^2+('Standardized Data'!G14-$F$18)^2) -> 0.46075983 | F27: =SQRT(('Standardized Data'!C14-$B$19)^2+('Standardized Data'!D14-$C$19)^2+('Standardized Data'!E14-$D$19)^2+('Standardized Data'!F14-$E$19)^2+('Standardized Data'!G14-$F$19)^2) -> 2.8890014 | G27: =SQRT(('Standardized Data'!C14-$B$20)^2+('Standardized Data'!D14-$C$20)^2+('Standardized Data'!E14-$D$20)^2+('Standardized Data'!F14-$E$20)^2+('Standardized Data'!G14-$F$20)^2) -> 5.9764159 | H27: =SQRT(('Standardized Data'!C14-$B$21)^2+('Standardized Data'!D14-$C$21)^2+('Standardized Data'!E14-$D$21)^2+('Standardized Data'!F14-$E$21)^2+('Standardized Data'!G14-$F$21)^2) -> 4.3888372 | I27: =MATCH(MIN(D27:H27),D27:H27,0) -> 2 | J27: =IF(C27=I27,"Yes","No") -> Yes
A28: 4 | B28: Massachusetts Institute of Technology | C28: 2 | D28: =SQRT(('Standardized Data'!C15-$B$17)^2+('Standardized Data'!D15-$C$17)^2+('Standardized Data'!E15-$D$17)^2+('Standardized Data'!F15-$E$17)^2+('Standardized Data'!G15-$F$17)^2) -> 4.6037134 | E28: =SQRT(('Standardized Data'!C15-$B$18)^2+('Standardized Data'!D15-$C$18)^2+('Standardized Data'!E15-$D$18)^2+('Standardized Data'!F15-$E$18)^2+('Standardized Data'!G15-$F$18)^2) -> 0.58429109 | F28: =SQRT(('Standardized Data'!C15-$B$19)^2+('Standardized Data'!D15-$C$19)^2+('Standardized Data'!E15-$D$19)^2+('Standardized Data'!F15-$E$19)^2+('Standardized Data'!G15-$F$19)^2) -> 2.486592 | G28: =SQRT(('Standardized Data'!C15-$B$20)^2+('Standardized Data'!D15-$C$20)^2+('Standardized Data'!E15-$D$20)^2+('Standardized Data'!F15-$E$20)^2+('Standardized Data'!G15-$F$20)^2) -> 5.8500033 | H28: =SQRT(('Standardized Data'!C15-$B$21)^2+('Standardized Data'!D15-$C$21)^2+('Standardized Data'!E15-$D$21)^2+('Standardized Data'!F15-$E$21)^2+('Standardized Data'!G15-$F$21)^2) -> 3.8801798 | I28: =MATCH(MIN(D28:H28),D28:H28,0) -> 2 | J28: =IF(C28=I28,"Yes","No") -> Yes
A29: 5 | B29: Northwestern University | C29: 2 | D29: =SQRT(('Standardized Data'!C16-$B$17)^2+('Standardized Data'!D16-$C$17)^2+('Standardized Data'!E16-$D$17)^2+('Standardized Data'!F16-$E$17)^2+('Standardized Data'!G16-$F$17)^2) -> 4.4337091 | E29: =SQRT(('Standardized Data'!C16-$B$18)^2+('Standardized Data'!D16-$C$18)^2+('Standardized Data'!E16-$D$18)^2+('Standardized Data'!F16-$E$18)^2+('Standardized Data'!G16-$F$18)^2) -> 0.46266786 | F29: =SQRT(('Standardized Data'!C16-$B$19)^2+('Standardized Data'!D16-$C$19)^2+('Standardized Data'!E16-$D$19)^2+('Standardized Data'!F16-$E$19)^2+('Standardized Data'!G16-$F$19)^2) -> 2.3352073 | G29: =SQRT(('Standardized Data'!C16-$B$20)^2+('Standardized Data'!D16-$C$20)^2+('Standardized Data'!E16-$D$20)^2+('Standardized Data'!F16-$E$20)^2+('Standardized Data'!G16-$F$20)^2) -> 5.4318659 | H29: =SQRT(('Standardized Data'!C16-$B$21)^2+('Standardized Data'!D16-$C$21)^2+('Standardized Data'!E16-$D$21)^2+('Standardized Data'!F16-$E$21)^2+('Standardized Data'!G16-$F$21)^2) -> 3.7661243 | I29: =MATCH(MIN(D29:H29),D29:H29,0) -> 2 | J29: =IF(C29=I29,"Yes","No") -> Yes
A30: 6 | B30: University of Chicago | C30: 2 | D30: =SQRT(('Standardized Data'!C17-$B$17)^2+('Standardized Data'!D17-$C$17)^2+('Standardized Data'!E17-$D$17)^2+('Standardized Data'!F17-$E$17)^2+('Standardized Data'!G17-$F$17)^2) -> 4.6408059 | E30: =SQRT(('Standardized Data'!C17-$B$18)^2+('Standardized Data'!D17-$C$18)^2+('Standardized Data'!E17-$D$18)^2+('Standardized Data'!F17-$E$18)^2+('Standardized Data'!G17-$F$18)^2) -> 0.54037783 | F30: =SQRT(('Standardized Data'!C17-$B$19)^2+('Standardized Data'!D17-$C$19)^2+('Standardized Data'!E17-$D$19)^2+('Standardized Data'!F17-$E$19)^2+('Standardized Data'!G17-$F$19)^2) -> 2.3689506 | G30: =SQRT(('Standardized Data'!C17-$B$20)^2+('Standardized Data'!D17-$C$20)^2+('Standardized Data'!E17-$D$20)^2+('Standardized Data'!F17-$E$20)^2+('Standardized Data'!G17-$F$20)^2) -> 5.5376807 | H30: =SQRT(('Standardized Data'!C17-$B$21)^2+('Standardized Data'!D17-$C$21)^2+('Standardized Data'!E17-$D$21)^2+('Standardized Data'!F17-$E$21)^2+('Standardized Data'!G17-$F$21)^2) -> 3.8956837 | I30: =MATCH(MIN(D30:H30),D30:H30,0) -> 2 | J30: =IF(C30=I30,"Yes","No") -> Yes
A31: 7 | B31: University of California-Berkeley | C31: 2 | D31: =SQRT(('Standardized Data'!C18-$B$17)^2+('Standardized Data'!D18-$C$17)^2+('Standardized Data'!E18-$D$17)^2+('Standardized Data'!F18-$E$17)^2+('Standardized Data'!G18-$F$17)^2) -> 4.8371967 | E31: =SQRT(('Standardized Data'!C18-$B$18)^2+('Standardized Data'!D18-$C$18)^2+('Standardized Data'!E18-$D$18)^2+('Standardized Data'!F18-$E$18)^2+('Standardized Data'!G18-$F$18)^2) -> 0.95261193 | F31: =SQRT(('Standardized Data'!C18-$B$19)^2+('Standardized Data'!D18-$C$19)^2+('Standardized Data'!E18-$D$19)^2+('Standardized Data'!F18-$E$19)^2+('Standardized Data'!G18-$F$19)^2) -> 3.3877508 | G31: =SQRT(('Standardized Data'!C18-$B$20)^2+('Standardized Data'!D18-$C$20)^2+('Standardized Data'!E18-$D$20)^2+('Standardized Data'!F18-$E$20)^2+('Standardized Data'!G18-$F$20)^2) -> 6.3414016 | H31: =SQRT(('Standardized Data'!C18-$B$21)^2+('Standardized Data'!D18-$C$21)^2+('Standardized Data'!E18-$D$21)^2+('Standardized Data'!F18-$E$21)^2+('Standardized Data'!G18-$F$21)^2) -> 4.5812963 | I31: =MATCH(MIN(D31:H31),D31:H31,0) -> 2 | J31: =IF(C31=I31,"Yes","No") -> Yes
A32: 8 | B32: Columbia University | C32: 2 | D32: =SQRT(('Standardized Data'!C19-$B$17)^2+('Standardized Data'!D19-$C$17)^2+('Standardized Data'!E19-$D$17)^2+('Standardized Data'!F19-$E$17)^2+('Standardized Data'!G19-$F$17)^2) -> 5.0169252 | E32: =SQRT(('Standardized Data'!C19-$B$18)^2+('Standardized Data'!D19-$C$18)^2+('Standardized Data'!E19-$D$18)^2+('Standardized Data'!F19-$E$18)^2+('Standardized Data'!G19-$F$18)^2) -> 0.57712672 | F32: =SQRT(('Standardized Data'!C19-$B$19)^2+('Standardized Data'!D19-$C$19)^2+('Standardized Data'!E19-$D$19)^2+('Standardized Data'!F19-$E$19)^2+('Standardized Data'!G19-$F$19)^2) -> 2.5757666 | G32: =SQRT(('Standardized Data'!C19-$B$20)^2+('Standardized Data'!D19-$C$20)^2+('Standardized Data'!E19-$D$20)^2+('Standardized Data'!F19-$E$20)^2+('Standardized Data'!G19-$F$20)^2) -> 5.8841008 | H32: =SQRT(('Standardized Data'!C19-$B$21)^2+('Standardized Data'!D19-$C$21)^2+('Standardized Data'!E19-$D$21)^2+('Standardized Data'!F19-$E$21)^2+('Standardized Data'!G19-$F$21)^2) -> 4.1312137 | I32: =MATCH(MIN(D32:H32),D32:H32,0) -> 2 | J32: =IF(C32=I32,"Yes","No") -> Yes
A33: 9 | B33: Dartmouth College | C33: 2 | D33: =SQRT(('Standardized Data'!C20-$B$17)^2+('Standardized Data'!D20-$C$17)^2+('Standardized Data'!E20-$D$17)^2+('Standardized Data'!F20-$E$17)^2+('Standardized Data'!G20-$F$17)^2) -> 4.994141 | E33: =SQRT(('Standardized Data'!C20-$B$18)^2+('Standardized Data'!D20-$C$18)^2+('Standardized Data'!E20-$D$18)^2+('Standardized Data'!F20-$E$18)^2+('Standardized Data'!G20-$F$18)^2) -> 0.43973296 | F33: =SQRT(('Standardized Data'!C20-$B$19)^2+('Standardized Data'!D20-$C$19)^2+('Standardized Data'!E20-$D$19)^2+('Standardized Data'!F20-$E$19)^2+('Standardized Data'!G20-$F$19)^2) -> 2.6592738 | G33: =SQRT(('Standardized Data'!C20-$B$20)^2+('Standardized Data'!D20-$C$20)^2+('Standardized Data'!E20-$D$20)^2+('Standardized Data'!F20-$E$20)^2+('Standardized Data'!G20-$F$20)^2) -> 5.911864 | H33: =SQRT(('Standardized Data'!C20-$B$21)^2+('Standardized Data'!D20-$C$21)^2+('Standardized Data'!E20-$D$21)^2+('Standardized Data'!F20-$E$21)^2+('Standardized Data'!G20-$F$21)^2) -> 4.2056922 | I33: =MATCH(MIN(D33:H33),D33:H33,0) -> 2 | J33: =IF(C33=I33,"Yes","No") -> Yes
A34: 10 | B34: Yale University | C34: 2 | D34: =SQRT(('Standardized Data'!C21-$B$17)^2+('Standardized Data'!D21-$C$17)^2+('Standardized Data'!E21-$D$17)^2+('Standardized Data'!F21-$E$17)^2+('Standardized Data'!G21-$F$17)^2) -> 4.4806401 | E34: =SQRT(('Standardized Data'!C21-$B$18)^2+('Standardized Data'!D21-$C$18)^2+('Standardized Data'!E21-$D$18)^2+('Standardized Data'!F21-$E$18)^2+('Standardized Data'!G21-$F$18)^2) -> 0.50629323 | F34: =SQRT(('Standardized Data'!C21-$B$19)^2+('Standardized Data'!D21-$C$19)^2+('Standardized Data'!E21-$D$19)^2+('Standardized Data'!F21-$E$19)^2+('Standardized Data'!G21-$F$19)^2) -> 2.3121206 | G34: =SQRT(('Standardized Data'!C21-$B$20)^2+('Standardized Data'!D21-$C$20)^2+('Standardized Data'!E21-$D$20)^2+('Standardized Data'!F21-$E$20)^2+('Standardized Data'!G21-$F$20)^2) -> 5.5116386 | H34: =SQRT(('Standardized Data'!C21-$B$21)^2+('Standardized Data'!D21-$C$21)^2+('Standardized Data'!E21-$D$21)^2+('Standardized Data'!F21-$E$21)^2+('Standardized Data'!G21-$F$21)^2) -> 3.7677352 | I34: =MATCH(MIN(D34:H34),D34:H34,0) -> 2 | J34: =IF(C34=I34,"Yes","No") -> Yes
A35: 11 | B35: New York University | C35: 2 | D35: =SQRT(('Standardized Data'!C22-$B$17)^2+('Standardized Data'!D22-$C$17)^2+('Standardized Data'!E22-$D$17)^2+('Standardized Data'!F22-$E$17)^2+('Standardized Data'!G22-$F$17)^2) -> 4.6065731 | E35: =SQRT(('Standardized Data'!C22-$B$18)^2+('Standardized Data'!D22-$C$18)^2+('Standardized Data'!E22-$D$18)^2+('Standardized Data'!F22-$E$18)^2+('Standardized Data'!G22-$F$18)^2) -> 1.3183948 | F35: =SQRT(('Standardized Data'!C22-$B$19)^2+('Standardized Data'!D22-$C$19)^2+('Standardized Data'!E22-$D$19)^2+('Standardized Data'!F22-$E$19)^2+('Standardized Data'!G22-$F$19)^2) -> 2.1424331 | G35: =SQRT(('Standardized Data'!C22-$B$20)^2+('Standardized Data'!D22-$C$20)^2+('Standardized Data'!E22-$D$20)^2+('Standardized Data'!F22-$E$20)^2+('Standardized Data'!G22-$F$20)^2) -> 5.717587 | H35: =SQRT(('Standardized Data'!C22-$B$21)^2+('Standardized Data'!D22-$C$21)^2+('Standardized Data'!E22-$D$21)^2+('Standardized Data'!F22-$E$21)^2+('Standardized Data'!G22-$F$21)^2) -> 3.6219342 | I35: =MATCH(MIN(D35:H35),D35:H35,0) -> 2 | J35: =IF(C35=I35,"Yes","No") -> Yes
A36: 12 | B36: Duke University | C36: 3 | D36: =SQRT(('Standardized Data'!C23-$B$17)^2+('Standardized Data'!D23-$C$17)^2+('Standardized Data'!E23-$D$17)^2+('Standardized Data'!F23-$E$17)^2+('Standardized Data'!G23-$F$17)^2) -> 3.8156079 | E36: =SQRT(('Standardized Data'!C23-$B$18)^2+('Standardized Data'!D23-$C$18)^2+('Standardized Data'!E23-$D$18)^2+('Standardized Data'!F23-$E$18)^2+('Standardized Data'!G23-$F$18)^2) -> 1.7443309 | F36: =SQRT(('Standardized Data'!C23-$B$19)^2+('Standardized Data'!D23-$C$19)^2+('Standardized Data'!E23-$D$19)^2+('Standardized Data'!F23-$E$19)^2+('Standardized Data'!G23-$F$19)^2) -> 1.2333513 | G36: =SQRT(('Standardized Data'!C23-$B$20)^2+('Standardized Data'!D23-$C$20)^2+('Standardized Data'!E23-$D$20)^2+('Standardized Data'!F23-$E$20)^2+('Standardized Data'!G23-$F$20)^2) -> 4.4567022 | H36: =SQRT(('Standardized Data'!C23-$B$21)^2+('Standardized Data'!D23-$C$21)^2+('Standardized Data'!E23-$D$21)^2+('Standardized Data'!F23-$E$21)^2+('Standardized Data'!G23-$F$21)^2) -> 2.690716 | I36: =MATCH(MIN(D36:H36),D36:H36,0) -> 3 | J36: =IF(C36=I36,"Yes","No") -> Yes
... A78: 54 | B78: Southern Methodist University | C78: 5 | D78: =SQRT(('Standardized Data'!C65-$B$17)^2+('Standardized Data'!D65-$C$17)^2+('Standardized Data'!E65-$D$17)^2+('Standardized Data'!F65-$E$17)^2+('Standardized Data'!G65-$F$17)^2) -> 3.1504323 | E78: =SQRT(('Standardized Data'!C65-$B$18)^2+('Standardized Data'!D65-$C$18)^2+('Standardized Data'!E65-$D$18)^2+('Standardized Data'!F65-$E$18)^2+('Standardized Data'!G65-$F$18)^2) -> 5.032084 | F78: =SQRT(('Standardized Data'!C65-$B$19)^2+('Standardized Data'!D65-$C$19)^2+('Standardized Data'!E65-$D$19)^2+('Standardized Data'!F65-$E$19)^2+('Standardized Data'!G65-$F$19)^2) -> 2.5376335 | G78: =SQRT(('Standardized Data'!C65-$B$20)^2+('Standardized Data'!D65-$C$20)^2+('Standardized Data'!E65-$D$20)^2+('Standardized Data'!F65-$E$20)^2+('Standardized Data'!G65-$F$20)^2) -> 2.5491554 | H78: =SQRT(('Standardized Data'!C65-$B$21)^2+('Standardized Data'!D65-$C$21)^2+('Standardized Data'!E65-$D$21)^2+('Standardized Data'!F65-$E$21)^2+('Standardized Data'!G65-$F$21)^2) -> 1.3378343 | I78: =MATCH(MIN(D78:H78),D78:H78,0) -> 5 | J78: =IF(C78=I78,"Yes","No") -> Yes

Sheet Cluster Results
A1: Cluster Results and Program Profiles
A3: Cluster | B3: Programs | C3: Share | D3: Mean GPA | E3: Mean GMAT | F3: Mean Acceptance | G3: Mean Salary | I3: Cluster | J3: Mean Tuition
A4: 1 | B4: 6 | C4: 0.11111111 | D4: 3.51 | E4: 656.16667 | F4: 34.533333 | G4: 83607.333 | I4: 1 | J4: 27007.667
A5: 2 | B5: 12 | C5: 0.22222222 | D5: 3.5491667 | E5: 717 | F5: 16.708333 | G5: 132509.42 | I5: 2 | J5: 55066.167
A6: 3 | B6: 16 | C6: 0.2962963 | D6: 3.353125 | E6: 689.8125 | F6: 30.80625 | G6: 113053.38 | I6: 3 | J6: 49066.312
A7: 4 | B7: 2 | C7: 0.037037037 | D7: 3.35 | E7: 651.5 | F7: 63.2 | G7: 78775 | I7: 4 | J7: 46878
A8: 5 | B8: 18 | C8: 0.33333333 | D8: 3.3366667 | E8: 662.05556 | F8: 34.094444 | G8: 93573.333 | I8: 5 | J8: 39964.667
A11: Program Membership
A12: Rank | B12: School | C12: Cluster | D12: GPA | E12: GMAT | F12: Acceptance | G12: Salary | H12: Tuition
A13: 1 | B13: Harvard University | C13: 2 | D13: 3.66 | E13: 724 | F13: 11.1 | G13: 139735 | H13: 60610
A14: 2 | B14: Standford University | C14: 2 | D14: 3.7 | E14: 730 | F14: 7 | G14: 140972 | H14: 55200
A15: 3 | B15: University of Pennsylvania | C15: 2 | D15: 3.56 | E15: 718 | F15: 18.8 | G15: 137311 | H15: 58244
A16: 4 | B16: Massachusetts Institute of Technology | C16: 2 | D16: 3.51 | E16: 710 | F16: 13.3 | G16: 132618 | H16: 52900
A17: 5 | B17: Northwestern University | C17: 2 | D17: 3.54 | E17: 712 | F17: 21.1 | G17: 130092 | H17: 54225
A18: 6 | B18: University of Chicago | C18: 2 | D18: 3.52 | E18: 719 | F18: 21.9 | G18: 133424 | H18: 54252
A19: 7 | B19: University of California-Berkeley | C19: 2 | D19: 3.64 | E19: 715 | F19: 12.2 | G19: 129776 | H19: 53396
A20: 8 | B20: Columbia University | C20: 2 | D20: 3.5 | E20: 716 | F20: 15.9 | G20: 134233 | H20: 58350
A21: 9 | B21: Dartmouth College | C21: 2 | D21: 3.52 | E21: 718 | F21: 17.9 | G21: 138220 | H21: 56555
A22: 10 | B22: Yale University | C22: 2 | D22: 3.52 | E22: 719 | F22: 19.1 | G22: 125735 | H22: 53900
A23: 11 | B23: New York University | C23: 2 | D23: 3.42 | E23: 719 | F23: 13.6 | G23: 128888 | H23: 50582
A24: 12 | B24: Duke University | C24: 3 | D24: 3.44 | E24: 689 | F24: 26.5 | G24: 128666 | H24: 52152
... A66: 54 | B66: Southern Methodist University | C66: 5 | D66: 3.25 | E66: 641 | F66: 37 | G66: 88693 | H66: 45808
A69: Exercise Takeaways
A70: This exercise segments 54 MBA programs using five program characteristics and K = 5, consistent with five-anchor instruction. The workbook standardizes the five variables before Euclidean-distance clustering because their units differ substantially. Cluster numbers are algorithmic labels rather than rankings. The useful interpretation comes from comparing each cluster's centroid profile and program membership. The clustering identifies competitive neighborhoods; it does not by itself determine which segment is most attractive.
