Workbook

Sheet Project Overview
A1: MGT 209 Sales Driver Analysis
A3: Project Background
A4: From MGT 209 Assignment 1 (Winter 2023) , this workbook analyzes the course-provided dataset using descriptive statistics, correlation analysis, and multiple regression.
A9: Assignment Questions
A10: 1) Using descriptive statistics and correlations only, identify the top three drivers of sales. 2) Regress sales on all remaining variables, identify the top three drivers, and comment on model outcome. 3) Decide whether variables should be dropped; if yes, rerun and comment.
A14: Workflow
A15: data → calculate descriptive statistics → calculate Pearson correlations with sales → estimate the full OLS model specified by the assignment → compare standardized coefficients for driver ranking → inspect p-values at α = 0.05 → answer all three parts.
A21: Interpretation Boundary
A22: Week is retained in the full regression because the assignment says to use sales as Y and the remaining variables as X. However, Week is treated as a time/trend control rather than a substantive marketing driver. Raw coefficients are not used to rank driver importance because predictors have different measurement scales.
A27: Source / Provenance
A28: Course-provided MGT 209 Assignment 1 instructions and MGT 209 Assg 1 data.csv, Winter 2023.

Sheet Raw Data
A1: Original Raw Data — MGT 209 Assignment 1
A3: Week | B3: sales | C3: satisfaction | D3: advertising | E3: ease_of_purchase | F3: searchoutcome | G3: wom | H3: safety | I3: reputation
A4: 1 | B4: 834.5 | C4: 5.1 | D4: 264.3 | E4: 2.9 | F4: 1.3 | G4: 3.6 | H4: 2.8 | I4: 5.8
A5: 2 | B5: 921.8 | C5: 5.8 | D5: 280.4 | E5: 4.7 | F5: 4.9 | G5: 3.6 | H5: 4.6 | I5: 5.2
A6: 3 | B6: 1087 | C6: 4.4 | D6: 355.8 | E6: 4.9 | F6: 4.1 | G6: 3.1 | H6: 3.3 | I6: 6.2
A7: 4 | B7: 1078.6 | C7: 6.5 | D7: 290.3 | E7: 3.8 | F7: 4.2 | G7: 4.8 | H7: 2.2 | I7: 7.4
A8: 5 | B8: 968.2 | C8: 4.1 | D8: 302.7 | E8: 5.6 | F8: 4.1 | G8: 4.5 | H8: 4.7 | I8: 5.4
A9: 6 | B9: 1105.8 | C9: 6.1 | D9: 362.5 | E9: 3.1 | F9: 4 | G9: 4.7 | H9: 4.8 | I9: 4.2
A10: 7 | B10: 1000.2 | C10: 4.1 | D10: 325.3 | E10: 4 | F10: 5.2 | G10: 4.6 | H10: 3.8 | I10: 5.7
A11: 8 | B11: 955.1 | C11: 4.7 | D11: 285 | E11: 2.2 | F11: 4.3 | G11: 4.2 | H11: 3.4 | I11: 7.4
A12: 9 | B12: 753.8 | C12: 5.5 | D12: 291.6 | E12: 2.3 | F12: 5.2 | G12: 2.3 | H12: 2.4 | I12: 3.6
A13: 10 | B13: 1020.6 | C13: 4.3 | D13: 313.7 | E13: 4.3 | F13: 7 | G13: 3.4 | H13: 4.4 | I13: 7
A14: 11 | B14: 890.9 | C14: 4.8 | D14: 269.7 | E14: 3.7 | F14: 5.5 | G14: 5.2 | H14: 2.6 | I14: 5.8
A15: 12 | B15: 965.1 | C15: 3.2 | D15: 308.3 | E15: 3.8 | F15: 6.7 | G15: 3.7 | H15: 4 | I15: 7.2
... A113: 110 | B113: 985.8 | C113: 4.4 | D113: 306 | E113: 3.8 | F113: 5.6 | G113: 2.4 | H113: 4.3 | I113: 5

Sheet Descriptive & Correlation
A1: Descriptive Statistics and Correlation Analysis
A3: Question 1 requires descriptive statistics and correlations only. The table below uses Excel formulas linked directly to the Raw Data sheet. Pearson correlations are ranked by absolute magnitude for the substantive marketing variables; Week is a time index rather than a marketing driver.
A7: Variable | B7: N | C7: Mean | D7: Median | E7: Std. Dev. | F7: Min | G7: Max | H7: Correlation with Sales | I7: Abs. Correlation | J7: Rank (Marketing)
A8: Week | B8: =COUNT('Raw Data'!$A$4:$A$113) -> 110 | C8: =AVERAGE('Raw Data'!$A$4:$A$113) -> 55.5 | D8: =MEDIAN('Raw Data'!$A$4:$A$113) -> 55.5 | E8: =_xlfn.STDEV.S('Raw Data'!$A$4:$A$113) -> 31.898276 | F8: =MIN('Raw Data'!$A$4:$A$113) -> 1 | G8: =MAX('Raw Data'!$A$4:$A$113) -> 110 | H8: =CORREL('Raw Data'!$A$4:$A$113,'Raw Data'!$B$4:$B$113) -> 0.13894153 | I8: =ABS(H8) -> 0.13894153
A9: sales | B9: =COUNT('Raw Data'!$B$4:$B$113) -> 110 | C9: =AVERAGE('Raw Data'!$B$4:$B$113) -> 1001.5109 | D9: =MEDIAN('Raw Data'!$B$4:$B$113) -> 1009.8 | E9: =_xlfn.STDEV.S('Raw Data'!$B$4:$B$113) -> 99.999489 | F9: =MIN('Raw Data'!$B$4:$B$113) -> 733.9 | G9: =MAX('Raw Data'!$B$4:$B$113) -> 1208.7
A10: satisfaction | B10: =COUNT('Raw Data'!$C$4:$C$113) -> 110 | C10: =AVERAGE('Raw Data'!$C$4:$C$113) -> 4.9490909 | D10: =MEDIAN('Raw Data'!$C$4:$C$113) -> 5 | E10: =_xlfn.STDEV.S('Raw Data'!$C$4:$C$113) -> 1.0215787 | F10: =MIN('Raw Data'!$C$4:$C$113) -> 2.9 | G10: =MAX('Raw Data'!$C$4:$C$113) -> 7.2 | H10: =CORREL('Raw Data'!$C$4:$C$113,'Raw Data'!$B$4:$B$113) -> 0.40139924 | I10: =ABS(H10) -> 0.40139924 | J10: =_xlfn.RANK.EQ(I10,$I$8:$I$16,0) -> 3
A11: advertising | B11: =COUNT('Raw Data'!$D$4:$D$113) -> 110 | C11: =AVERAGE('Raw Data'!$D$4:$D$113) -> 299.13545 | D11: =MEDIAN('Raw Data'!$D$4:$D$113) -> 296.1 | E11: =_xlfn.STDEV.S('Raw Data'!$D$4:$D$113) -> 26.49035 | F11: =MIN('Raw Data'!$D$4:$D$113) -> 233.7 | G11: =MAX('Raw Data'!$D$4:$D$113) -> 362.5 | H11: =CORREL('Raw Data'!$D$4:$D$113,'Raw Data'!$B$4:$B$113) -> 0.60068547 | I11: =ABS(H11) -> 0.60068547 | J11: =_xlfn.RANK.EQ(I11,$I$8:$I$16,0) -> 1
A12: ease_of_purchase | B12: =COUNT('Raw Data'!$E$4:$E$113) -> 110 | C12: =AVERAGE('Raw Data'!$E$4:$E$113) -> 3.9118182 | D12: =MEDIAN('Raw Data'!$E$4:$E$113) -> 3.9 | E12: =_xlfn.STDEV.S('Raw Data'!$E$4:$E$113) -> 0.97357111 | F12: =MIN('Raw Data'!$E$4:$E$113) -> 1.4 | G12: =MAX('Raw Data'!$E$4:$E$113) -> 7.1 | H12: =CORREL('Raw Data'!$E$4:$E$113,'Raw Data'!$B$4:$B$113) -> 0.19839064 | I12: =ABS(H12) -> 0.19839064 | J12: =_xlfn.RANK.EQ(I12,$I$8:$I$16,0) -> 5
A13: searchoutcome | B13: =COUNT('Raw Data'!$F$4:$F$113) -> 110 | C13: =AVERAGE('Raw Data'!$F$4:$F$113) -> 4.8281818 | D13: =MEDIAN('Raw Data'!$F$4:$F$113) -> 4.9 | E13: =_xlfn.STDEV.S('Raw Data'!$F$4:$F$113) -> 1.1459647 | F13: =MIN('Raw Data'!$F$4:$F$113) -> 1.3 | G13: =MAX('Raw Data'!$F$4:$F$113) -> 7.2 | H13: =CORREL('Raw Data'!$F$4:$F$113,'Raw Data'!$B$4:$B$113) -> 0.043380695 | I13: =ABS(H13) -> 0.043380695 | J13: =_xlfn.RANK.EQ(I13,$I$8:$I$16,0) -> 7
A14: wom | B14: =COUNT('Raw Data'!$G$4:$G$113) -> 110 | C14: =AVERAGE('Raw Data'!$G$4:$G$113) -> 4.1272727 | D14: =MEDIAN('Raw Data'!$G$4:$G$113) -> 4.15 | E14: =_xlfn.STDEV.S('Raw Data'!$G$4:$G$113) -> 0.95417086 | F14: =MIN('Raw Data'!$G$4:$G$113) -> 2.2 | G14: =MAX('Raw Data'!$G$4:$G$113) -> 7 | H14: =CORREL('Raw Data'!$G$4:$G$113,'Raw Data'!$B$4:$B$113) -> 0.20103221 | I14: =ABS(H14) -> 0.20103221 | J14: =_xlfn.RANK.EQ(I14,$I$8:$I$16,0) -> 4
A15: safety | B15: =COUNT('Raw Data'!$H$4:$H$113) -> 110 | C15: =AVERAGE('Raw Data'!$H$4:$H$113) -> 3.7009091 | D15: =MEDIAN('Raw Data'!$H$4:$H$113) -> 3.7 | E15: =_xlfn.STDEV.S('Raw Data'!$H$4:$H$113) -> 0.90406782 | F15: =MIN('Raw Data'!$H$4:$H$113) -> 1.6 | G15: =MAX('Raw Data'!$H$4:$H$113) -> 6.3 | H15: =CORREL('Raw Data'!$H$4:$H$113,'Raw Data'!$B$4:$B$113) -> 0.034102807 | I15: =ABS(H15) -> 0.034102807 | J15: =_xlfn.RANK.EQ(I15,$I$8:$I$16,0) -> 8
A16: reputation | B16: =COUNT('Raw Data'!$I$4:$I$113) -> 110 | C16: =AVERAGE('Raw Data'!$I$4:$I$113) -> 5.5490909 | D16: =MEDIAN('Raw Data'!$I$4:$I$113) -> 5.6 | E16: =_xlfn.STDEV.S('Raw Data'!$I$4:$I$113) -> 1.0799886 | F16: =MIN('Raw Data'!$I$4:$I$113) -> 2.5 | G16: =MAX('Raw Data'!$I$4:$I$113) -> 8.1 | H16: =CORREL('Raw Data'!$I$4:$I$113,'Raw Data'!$B$4:$B$113) -> 0.50067903 | I16: =ABS(H16) -> 0.50067903 | J16: =_xlfn.RANK.EQ(I16,$I$8:$I$16,0) -> 2
A20: Marketing Variable | B20: Correlation with Sales
A21: satisfaction | B21: =H10 -> 0.40139924
A22: advertising | B22: =H11 -> 0.60068547
A23: ease_of_purchase | B23: =H12 -> 0.19839064
A24: searchoutcome | B24: =H13 -> 0.043380695
A25: wom | B25: =H14 -> 0.20103221
A26: safety | B26: =H15 -> 0.034102807
A27: reputation | B27: =H16 -> 0.50067903

Sheet Regression Analysis
A1: Multiple Regression — Sales as Y, Remaining Variables as X
A3: Regression estimates are computed. Standardized beta coefficients are added to compare driver strength across predictors measured in different units. Week remains in the model as a time/trend control but is not ranked as a substantive marketing driver.
A8: Model Metric | B8: Value
A9: Observations | B9: 110
A10: R-squared | B10: 0.99960889
A11: Adjusted R-squared | B11: 0.99957791
A12: F-statistic | B12: 32267.578
A13: Significance F | B13: 1.9614323e-168
A16: Variable | B16: Coefficient | C16: Std. Error | D16: t Statistic | E16: p-value | F16: Standardized Beta | G16: Marketing Rank
A17: Intercept | B17: -541.97466 | C17: 3.3088541 | D17: -163.79527 | E17: 2.4597257e-124
A18: Week | B18: 1.1517357 | C18: 0.0063869179 | D18: 180.32731 | E18: 1.539458e-128 | F18: 0.36738572
A19: satisfaction | B19: 41.751259 | C19: 0.20245509 | D19: 206.2248 | E19: 2.0748466e-134 | F19: 0.42652414 | G19: =1+--(ABS(F20)>ABS(F19))+--(ABS(F21)>ABS(F19))+--(ABS(F22)>ABS(F19))+--(ABS(F23)>ABS(F19))+--(ABS(F24)>ABS(F19))+--(ABS(F25)>ABS(F19)) -> 3
A20: advertising | B20: 2.6130905 | C20: 0.0077976996 | D20: 335.11043 | E20: 1.1309061e-155 | F20: 0.69222034 | G20: =1+--(ABS(F19)>ABS(F20))+--(ABS(F21)>ABS(F20))+--(ABS(F22)>ABS(F20))+--(ABS(F23)>ABS(F20))+--(ABS(F24)>ABS(F20))+--(ABS(F25)>ABS(F20)) -> 1
A21: ease_of_purchase | B21: 21.304023 | C21: 0.2089643 | D21: 101.95054 | E21: 1.1469985e-103 | F21: 0.20741087 | G21: =1+--(ABS(F19)>ABS(F21))+--(ABS(F20)>ABS(F21))+--(ABS(F22)>ABS(F21))+--(ABS(F23)>ABS(F21))+--(ABS(F24)>ABS(F21))+--(ABS(F25)>ABS(F21)) -> 5
A22: searchoutcome | B22: -4.241549 | C22: 0.18493224 | D22: -22.935692 | E22: 7.7740381e-42 | F22: -0.048606905 | G22: =1+--(ABS(F19)>ABS(F22))+--(ABS(F20)>ABS(F22))+--(ABS(F21)>ABS(F22))+--(ABS(F23)>ABS(F22))+--(ABS(F24)>ABS(F22))+--(ABS(F25)>ABS(F22)) -> 7
A23: wom | B23: 28.328605 | C23: 0.21082052 | D23: 134.37309 | E23: 1.0870274e-115 | F23: 0.27030467 | G23: =1+--(ABS(F19)>ABS(F23))+--(ABS(F20)>ABS(F23))+--(ABS(F21)>ABS(F23))+--(ABS(F22)>ABS(F23))+--(ABS(F24)>ABS(F23))+--(ABS(F25)>ABS(F23)) -> 4
A24: safety | B24: 10.720721 | C24: 0.22918453 | D24: 46.777684 | E24: 2.9038342e-70 | F24: 0.096923086 | G24: =1+--(ABS(F19)>ABS(F24))+--(ABS(F20)>ABS(F24))+--(ABS(F21)>ABS(F24))+--(ABS(F22)>ABS(F24))+--(ABS(F23)>ABS(F24))+--(ABS(F25)>ABS(F24)) -> 6
A25: reputation | B25: 48.982918 | C25: 0.1849073 | D25: 264.90527 | E25: 2.2570759e-145 | F25: 0.52901262 | G25: =1+--(ABS(F19)>ABS(F25))+--(ABS(F20)>ABS(F25))+--(ABS(F21)>ABS(F25))+--(ABS(F22)>ABS(F25))+--(ABS(F23)>ABS(F25))+--(ABS(F24)>ABS(F25)) -> 2
A29: Variable | B29: p-value | C29: Significant at 5%? | D29: Drop?
A30: Week | B30: =E18 -> 1.539458e-128 | C30: =IF(B30<0.05,"Yes","No") -> Yes | D30: =IF(B30>=0.05,"Yes","No") -> No
A31: satisfaction | B31: =E19 -> 2.0748466e-134 | C31: =IF(B31<0.05,"Yes","No") -> Yes | D31: =IF(B31>=0.05,"Yes","No") -> No
A32: advertising | B32: =E20 -> 1.1309061e-155 | C32: =IF(B32<0.05,"Yes","No") -> Yes | D32: =IF(B32>=0.05,"Yes","No") -> No
A33: ease_of_purchase | B33: =E21 -> 1.1469985e-103 | C33: =IF(B33<0.05,"Yes","No") -> Yes | D33: =IF(B33>=0.05,"Yes","No") -> No
A34: searchoutcome | B34: =E22 -> 7.7740381e-42 | C34: =IF(B34<0.05,"Yes","No") -> Yes | D34: =IF(B34>=0.05,"Yes","No") -> No
A35: wom | B35: =E23 -> 1.0870274e-115 | C35: =IF(B35<0.05,"Yes","No") -> Yes | D35: =IF(B35>=0.05,"Yes","No") -> No
A36: safety | B36: =E24 -> 2.9038342e-70 | C36: =IF(B36<0.05,"Yes","No") -> Yes | D36: =IF(B36>=0.05,"Yes","No") -> No
A37: reputation | B37: =E25 -> 2.2570759e-145 | C37: =IF(B37<0.05,"Yes","No") -> Yes | D37: =IF(B37>=0.05,"Yes","No") -> No

Sheet Assignment Answers
A1: Assignment Answers — Question 3
A3: 1. Descriptive Statistics & Correlation
A4: Top three marketing variables by Pearson correlation with sales: Advertising (approximately 0.601), Reputation (approximately 0.501), and Satisfaction (approximately 0.401). All three associations are positive. Week is excluded from the managerial-driver ranking because it is the time index.
A9: 2. Regression Analysis
A10: The full OLS model is statistically significant (F = 32,267.58, p < 0.001), with R² = 0.999609 and Adjusted R² = 0.999578. Using standardized coefficients to compare predictors measured in different units, the top three substantive marketing drivers are Advertising, Reputation, and Satisfaction.
A17: 3. Variable Removal
A18: Under the conventional 5% significance criterion, no predictor needs to be dropped: all X-variable p-values in the full model are below 0.05. Therefore, the conditional instruction to drop insignificant variables and rerun the regression does not apply.
A24: Overall Interpretation
A25: The model has an extremely high fit in this dataset. The regression establishes statistical relationships within the sample, not causal effects.
