Workbook
Name Adam_1st_class3: '2Social_Mobility'!$KE$1
Name Cooper_1st_class1: '2Social_Mobility'!$KE$2
Name f0_: '2Social_Mobility'!$C$10:$E$12
Name f0_1: '2Social_Mobility'!$C$10:$E$10
Name f0_2: '2Social_Mobility'!$C$11:$E$11
Name f0_3: '2Social_Mobility'!$C$12:$E$12
Name F0_CDF: '2Social_Mobility'!$C$13:$F$15
Name F0_CDF1: '2Social_Mobility'!$C$13:$F$13
Name F0_CDF2: '2Social_Mobility'!$C$14:$F$14
Name F0_CDF3: '2Social_Mobility'!$C$15:$F$15
Name first_class1: '2Social_Mobility'!$JS$2:$JS$1001
Name first_class3: '2Social_Mobility'!$HQ$2:$HQ$1001
Name lower_level: '2Social_Mobility'!$C$3
Name middle_level: '2Social_Mobility'!$C$2
Name N2_: '2Social_Mobility'!$C$17
Name p_: '2Social_Mobility'!$C$4:$E$6
Name Q_: '2Social_Mobility'!$C$7:$F$9
Name T: '2Social_Mobility'!$C$16
Name upper_level: '2Social_Mobility'!$C$1
Name x50_: '2Social_Mobility'!$BF$2:$BF$1001

Sheet 00_Project_Overview
A1: Social Mobility Across Generations — Markov Chain Simulation
A3: Monte Carlo analysis of persistence, convergence, and mobility across upper, middle, and lower social levels
A5: Problem
A6: A society is represented by three socioeconomic levels: 1 = upper (executive, managerial, high administrative, professional), 2 = middle (high-grade supervisor, non-manual, skilled manual), and 3 = lower (semi-skilled or unskilled). Intergenerational transition probabilities describe how an offspring’s social level depends on the parent’s level. The project asks whether starting social position persists over time, what the long-run class composition looks like, how quickly families starting at opposite extremes converge, and how long it takes to cross between the upper and lower levels.
A10: Model
A11: Transition Matrix P | B11: Next: Upper | C11: Next: Middle | D11: Next: Lower | F11: State / Parameter | G11: Meaning | H11: Value
A12: Current: Upper | B12: ='2Social_Mobility'!C4 -> 0.45 | C12: ='2Social_Mobility'!D4 -> 0.48 | D12: ='2Social_Mobility'!E4 -> 0.07 | F12: 1 | G12: Upper level | H12: ='2Social_Mobility'!C1 -> 1
A13: Current: Middle | B13: ='2Social_Mobility'!C5 -> 0.05 | C13: ='2Social_Mobility'!D5 -> 0.7 | D13: ='2Social_Mobility'!E5 -> 0.25 | F13: 2 | G13: Middle level | H13: ='2Social_Mobility'!C2 -> 2
A14: Current: Lower | B14: ='2Social_Mobility'!C6 -> 0.01 | C14: ='2Social_Mobility'!D6 -> 0.5 | D14: ='2Social_Mobility'!E6 -> 0.49 | F14: 3 | G14: Lower level | H14: ='2Social_Mobility'!C3 -> 3
A15: Interpretation | B15: Each row is the conditional distribution of the next generation given the current generation. | F15: Horizon / sample | G15: Generations / simulated families | H15: ="T="&'2Social_Mobility'!C16&"; N="&TEXT('2Social_Mobility'!C17,"#,##0") -> T=50; N=1,000
A17: Simulation Design
A18: The model simulates 1,000 family lines for 50 generations. Initial states are sampled from a specified initial distribution, and every subsequent generation is generated from the transition probabilities associated with the current state. The transition matrix is converted to cumulative probabilities, allowing RAND() to be mapped to a discrete state with MATCH()/INDEX(). Three initial distributions are compared: [0.5, 0, 0.5], [1, 0, 0], and [0, 0, 1]. Separate Adam and Cooper simulations evaluate upper-level probability paths and first-passage times across the social extremes.
A24: Research Questions
A25: Question | B25: What is being analyzed? | F25: Primary output
A26: Q1 — Long-run distribution | B26: Do three very different starting populations approach similar class shares by generation 50? | F26: Generation-50 frequencies
A27: Q2 — Mobility path | B27: How does P(Upper) evolve for Adam (starts Upper) versus Cooper (starts Lower) over generations 1–10? | F27: Adam / Cooper probability paths
A28: Q3 — First-passage time | B28: How many generations are required, on average, for Upper→Lower and Lower→Upper first passage? | F28: Mean + 95% confidence interval
A29: Q4 — Implications | B29: What do persistence, convergence, and directional mobility asymmetry imply for decision analysis and policy discussion? | F29: Interpretation with caveats
A30: Simulation convergence | B30: Does the effect of opposite initial states shrink across generations? | F30: Absolute Adam–Cooper gap
A31: Uncertainty | B31: How much sampling variation remains with 1,000 simulated family lines? | F31: Monte Carlo variability / CI
A35: Portfolio Roadmap
A36: Sheet | B36: Purpose | D36: Reviewer focus
A37: 00_Project_Overview | B37: Problem, model, simulation design, and research-question map. | D37: Start here for the analytical framing.
A38: 01_Results_Dashboard | B38: Linked results, charts, convergence interpretation, implications, and limitations. | D38: Main professor-facing analytical output.
A39: 2Social_Mobility | B39: Original simulation engine, formulas, random paths, and output calculations. | D39: Audit the mechanics; formulas and logic are preserved.
A40: 03_Documentation | B40: Variable dictionary, formula logic, assumptions, reproducibility, and interpretation guidance. | D40: Technical documentation and model limitations.

Sheet 2Social_Mobility
A1: INPUT | B1: upper_level | C1: 1 | G1: Sample Path | H1: familiy/generation | I1: x1 | J1: x2 | K1: x3 | L1: x4 | M1: x5 | N1: x6 | O1: x7 | P1: x8 | Q1: x9 | R1: x10 | S1: x11 | T1: x12 | U1: x13 | V1: x14 | W1: x15 | X1: x16 | Y1: x17 | Z1: x18 | AA1: x19 | AB1: x20 | AC1: x21 | AD1: x22 | AE1: x23 | AF1: x24 | AG1: x25 | AH1: x26 | AI1: x27 | AJ1: x28 | AK1: x29 | AL1: x30 | AM1: x31 | AN1: x32 | AO1: x33 | AP1: x34 | AQ1: x35 | AR1: x36 | AS1: x37 | AT1: x38 | AU1: x39 | AV1: x40 | AW1: x41 | AX1: x42 | AY1: x43 | AZ1: x44 | BA1: x45 | BB1: x46 | BC1: x47 | BD1: x48 | BE1: x49 | BF1: x50 | BI1: familiy/generation | BJ1: x1 | BK1: x2 | BL1: x3 | BM1: x4 | BN1: x5 | BO1: x6 | BP1: x7 | BQ1: x8 | BR1: x9 | BS1: x10 | BT1: x11 | BU1: x12 | BV1: x13 | BW1: x14 | BX1: x15 | BY1: x16 | BZ1: x17 | CA1: x18 | CB1: x19 | CC1: x20 | CD1: x21 | CE1: x22 | CF1: x23 | CG1: x24 | CH1: x25 | CI1: x26 | CJ1: x27 | CK1: x28 | CL1: x29 | CM1: x30 | CN1: x31 | CO1: x32 | CP1: x33 | CQ1: x34 | CR1: x35 | CS1: x36 | CT1: x37 | CU1: x38 | CV1: x39 | CW1: x40 | CX1: x41 | CY1: x42 | CZ1: x43 | DA1: x44 | DB1: x45 | DC1: x46 | DD1: x47 | DE1: x48 | DF1: x49 | DG1: x50 | DJ1: familiy/generation | DK1: x1 | DL1: x2 | DM1: x3 | DN1: x4 | DO1: x5 | DP1: x6 | DQ1: x7 | DR1: x8 | DS1: x9 | DT1: x10 | DU1: x11 | DV1: x12 | DW1: x13 | DX1: x14 | DY1: x15 | DZ1: x16 | EA1: x17 | EB1: x18 | EC1: x19 | ED1: x20 | EE1: x21 | EF1: x22 | EG1: x23 | EH1: x24 | EI1: x25 | EJ1: x26 | EK1: x27 | EL1: x28 | EM1: x29 | EN1: x30 | EO1: x31 | EP1: x32 | EQ1: x33 | ER1: x34 | ES1: x35 | ET1: x36 | EU1: x37 | EV1: x38 | EW1: x39 | EX1: x40 | EY1: x41 | EZ1: x42 | FA1: x43 | FB1: x44 | FC1: x45 | FD1: x46 | FE1: x47 | FF1: x48 | FG1: x49 | FH1: x50 | FJ1: Qa | FK1: When f0=[0.5,0,0.5] | FP1: Adam | FQ1: familiy/generation | FR1: x0 | FS1: x1 | FT1: x2 | FU1: x3 | FV1: x4 | FW1: x5 | FX1: x6 | FY1: x7 | FZ1: x8 | GA1: x9 | GB1: x10 | GC1: x11 | GD1: x12 | GE1: x13 | GF1: x14 | GG1: x15 | GH1: x16 | GI1: x17 | GJ1: x18 | GK1: x19 | GL1: x20 | GM1: x21 | GN1: x22 | GO1: x23 | GP1: x24 | GQ1: x25 | GR1: x26 | GS1: x27 | GT1: x28 | GU1: x29 | GV1: x30 | GW1: x31 | GX1: x32 | GY1: x33 | GZ1: x34 | HA1: x35 | HB1: x36 | HC1: x37 | HD1: x38 | HE1: x39 | HF1: x40 | HG1: x41 | HH1: x42 | HI1: x43 | HJ1: x44 | HK1: x45 | HL1: x46 | HM1: x47 | HN1: x48 | HO1: x49 | HP1: x50 | HQ1: first_class3 | HS1: Cooper familiy/generation | HT1: x0 | HU1: x1 | HV1: x2 | HW1: x3 | HX1: x4 | HY1: x5 | HZ1: x6 | IA1: x7 | IB1: x8 | IC1: x9 | ID1: x10 | IE1: x11 | IF1: x12 | IG1: x13 | IH1: x14 | II1: x15 | IJ1: x16 | IK1: x17 | IL1: x18 | IM1: x19 | IN1: x20 | IO1: x21 | IP1: x22 | IQ1: x23 | IR1: x24 | IS1: x25 | IT1: x26 | IU1: x27 | IV1: x28 | IW1: x29 | IX1: x30 | IY1: x31 | IZ1: x32 | JA1: x33 | JB1: x34 | JC1: x35 | JD1: x36 | JE1: x37 | JF1: x38 | JG1: x39 | JH1: x40 | JI1: x41 | JJ1: x42 | JK1: x43 | JL1: x44 | JM1: x45 | JN1: x46 | JO1: x47 | JP1: x48 | JQ1: x49 | JR1: x50 | JS1: first_class1 | JU1: Qb | JW1: Adam | JX1: Cooper | KC1: Qc | KD1: Adam_1st_class3 | KE1: =AVERAGE(first_class3) -> 5.346 | KF1: 95%CI_LB | KG1: =Adam_1st_class3-1.96*STDEV(first_class3)/SQRT(N2_) -> 5.0973628 | KH1: 95%CI_UB | KI1: =Adam_1st_class3+1.96*STDEV(first_class3)/SQRT(N2_) -> 5.5946372
B2: middle_level | C2: 2 | G2: when f0=[0.5,0,0.5] | H2: {=_xlfn.SEQUENCE(1000)} -> 1 | I2: =MATCH(RAND(),F0_CDF1) -> 1 | J2: =MATCH(RAND(),INDEX(Q_,I2,0)) -> 1 | K2: =MATCH(RAND(),INDEX(Q_,J2,0)) -> 1 | L2: =MATCH(RAND(),INDEX(Q_,K2,0)) -> 1 | M2: =MATCH(RAND(),INDEX(Q_,L2,0)) -> 2 | N2: =MATCH(RAND(),INDEX(Q_,M2,0)) -> 2 | O2: =MATCH(RAND(),INDEX(Q_,N2,0)) -> 2 | P2: =MATCH(RAND(),INDEX(Q_,O2,0)) -> 2 | Q2: =MATCH(RAND(),INDEX(Q_,P2,0)) -> 2 | ... BF2: =MATCH(RAND(),INDEX(Q_,BE2,0)) -> 2 | BH2: when f0=[1,0,0] | BI2: {=_xlfn.SEQUENCE(1000)} -> 1 | BJ2: =MATCH(RAND(),F0_CDF2) -> 1 | BK2: =MATCH(RAND(),INDEX(Q_,BJ2,0)) -> 1 | BL2: =MATCH(RAND(),INDEX(Q_,BK2,0)) -> 2 | BM2: =MATCH(RAND(),INDEX(Q_,BL2,0)) -> 3 | BN2: =MATCH(RAND(),INDEX(Q_,BM2,0)) -> 2 | BO2: =MATCH(RAND(),INDEX(Q_,BN2,0)) -> 2 | BP2: =MATCH(RAND(),INDEX(Q_,BO2,0)) -> 2 | BQ2: =MATCH(RAND(),INDEX(Q_,BP2,0)) -> 1 | BR2: =MATCH(RAND(),INDEX(Q_,BQ2,0)) -> 2 | ... DG2: =MATCH(RAND(),INDEX(Q_,DF2,0)) -> 1 | DI2: when f0=[0,0,1] | DJ2: {=_xlfn.SEQUENCE(1000)} -> 1 | DK2: =MATCH(RAND(),F0_CDF3) -> 3 | DL2: =MATCH(RAND(),INDEX(Q_,DK2,0)) -> 2 | DM2: =MATCH(RAND(),INDEX(Q_,DL2,0)) -> 2 | DN2: =MATCH(RAND(),INDEX(Q_,DM2,0)) -> 2 | DO2: =MATCH(RAND(),INDEX(Q_,DN2,0)) -> 2 | DP2: =MATCH(RAND(),INDEX(Q_,DO2,0)) -> 1 | DQ2: =MATCH(RAND(),INDEX(Q_,DP2,0)) -> 2 | DR2: =MATCH(RAND(),INDEX(Q_,DQ2,0)) -> 3 | DS2: =MATCH(RAND(),INDEX(Q_,DR2,0)) -> 3 | ... FH2: =MATCH(RAND(),INDEX(Q_,FG2,0)) -> 2 | FK2: OUTPUT | FL2: class | FM2: frequency | FQ2: {=_xlfn.SEQUENCE(1000)} -> 1 | FR2: 1 | FS2: =MATCH(RAND(),INDEX(Q_,FR2,0)) -> 2 | FT2: =MATCH(RAND(),INDEX(Q_,FS2,0)) -> 2 | FU2: =MATCH(RAND(),INDEX(Q_,FT2,0)) -> 2 | FV2: =MATCH(RAND(),INDEX(Q_,FU2,0)) -> 3 | FW2: =MATCH(RAND(),INDEX(Q_,FV2,0)) -> 3 | FX2: =MATCH(RAND(),INDEX(Q_,FW2,0)) -> 3 | FY2: =MATCH(RAND(),INDEX(Q_,FX2,0)) -> 3 | FZ2: =MATCH(RAND(),INDEX(Q_,FY2,0)) -> 2 | ... HP2: =MATCH(RAND(),INDEX(Q_,HO2,0)) -> 3 | HQ2: =IF(ISNUMBER(MATCH(3,FS2:HP2,0)),MATCH(3,FS2:HP2,0),51) -> 4 | HS2: {=_xlfn.SEQUENCE(1000)} -> 1 | HT2: 3 | HU2: =MATCH(RAND(),INDEX(Q_,HT2,0)) -> 3 | HV2: =MATCH(RAND(),INDEX(Q_,HU2,0)) -> 2 | HW2: =MATCH(RAND(),INDEX(Q_,HV2,0)) -> 3 | HX2: =MATCH(RAND(),INDEX(Q_,HW2,0)) -> 3 | HY2: =MATCH(RAND(),INDEX(Q_,HX2,0)) -> 2 | HZ2: =MATCH(RAND(),INDEX(Q_,HY2,0)) -> 2 | IA2: =MATCH(RAND(),INDEX(Q_,HZ2,0)) -> 2 | IB2: =MATCH(RAND(),INDEX(Q_,IA2,0)) -> 2 | ... JR2: =MATCH(RAND(),INDEX(Q_,JQ2,0)) -> 2 | JS2: =IF(ISNUMBER(MATCH(1,HU2:JR2,0)),MATCH(1,HU2:JR2,0),51) -> 14 | JV2: p(1st_class1) | JW2: =COUNTIF(FS2:FS1001,"=1")/N2_ -> 0.432 | JX2: =COUNTIF(HU2:HU1001,"=1")/N2_ -> 0.012 | KD2: Cooper_1st_class1 | KE2: =AVERAGE(first_class1) -> 24.141 | KF2: 95%CI_LB | KG2: =Cooper_1st_class1-1.96*STDEV(first_class1)/SQRT(N2_) -> 23.057415 | KH2: 95%CI_UB | KI2: =Cooper_1st_class1+1.96*STDEV(first_class1)/SQRT(N2_) -> 25.224585
B3: lower_level | C3: 3 | H3: 2 | I3: 1 | J3: 3 | K3: 2 | L3: 2 | M3: 1 | N3: 2 | O3: 2 | P3: 2 | Q3: 2 | R3: 2 | S3: 2 | T3: 1 | U3: 1 | V3: 2 | W3: 2 | X3: 2 | Y3: 3 | Z3: 2 | AA3: 2 | AB3: 2 | AC3: 2 | AD3: 2 | AE3: 3 | AF3: 2 | AG3: 1 | AH3: 1 | AI3: 2 | AJ3: 2 | AK3: 2 | AL3: 2 | AM3: 3 | AN3: 2 | AO3: 2 | AP3: 2 | AQ3: 2 | AR3: 2 | AS3: 2 | AT3: 2 | AU3: 3 | AV3: 3 | AW3: 3 | AX3: 3 | AY3: 2 | AZ3: 2 | BA3: 3 | BB3: 3 | BC3: 2 | BD3: 2 | BE3: 2 | BF3: 3 | BI3: 2 | BJ3: 1 | BK3: 1 | BL3: 1 | BM3: 1 | BN3: 2 | BO3: 2 | BP3: 3 | BQ3: 2 | BR3: 3 | BS3: 3 | BT3: 2 | BU3: 2 | BV3: 2 | BW3: 2 | BX3: 2 | BY3: 3 | BZ3: 3 | CA3: 2 | CB3: 3 | CC3: 3 | CD3: 2 | CE3: 3 | CF3: 2 | CG3: 2 | CH3: 2 | CI3: 2 | CJ3: 3 | CK3: 3 | CL3: 2 | CM3: 2 | CN3: 2 | CO3: 2 | CP3: 2 | CQ3: 2 | CR3: 2 | CS3: 2 | CT3: 2 | CU3: 1 | CV3: 1 | CW3: 2 | CX3: 1 | CY3: 2 | CZ3: 2 | DA3: 2 | DB3: 3 | DC3: 2 | DD3: 3 | DE3: 3 | DF3: 2 | DG3: 3 | DJ3: 2 | DK3: 3 | DL3: 2 | DM3: 2 | DN3: 2 | DO3: 2 | DP3: 2 | DQ3: 1 | DR3: 2 | DS3: 2 | DT3: 2 | DU3: 3 | DV3: 3 | DW3: 2 | DX3: 3 | DY3: 2 | DZ3: 2 | EA3: 3 | EB3: 3 | EC3: 2 | ED3: 3 | EE3: 2 | EF3: 3 | EG3: 2 | EH3: 2 | EI3: 2 | EJ3: 2 | EK3: 2 | EL3: 3 | EM3: 2 | EN3: 2 | EO3: 2 | EP3: 2 | EQ3: 2 | ER3: 2 | ES3: 1 | ET3: 1 | EU3: 2 | EV3: 1 | EW3: 3 | EX3: 2 | EY3: 3 | EZ3: 2 | FA3: 2 | FB3: 3 | FC3: 3 | FD3: 3 | FE3: 2 | FF3: 3 | FG3: 2 | FH3: 2 | FL3: 1 | FM3: =COUNTIF(x50_,"=1")/N2_ -> 0.06 | FQ3: 2 | FR3: 1 | FS3: =MATCH(RAND(),INDEX(Q_,FR3,0)) -> 2 | FT3: =MATCH(RAND(),INDEX(Q_,FS3,0)) -> 2 | FU3: =MATCH(RAND(),INDEX(Q_,FT3,0)) -> 2 | FV3: =MATCH(RAND(),INDEX(Q_,FU3,0)) -> 2 | FW3: =MATCH(RAND(),INDEX(Q_,FV3,0)) -> 2 | FX3: =MATCH(RAND(),INDEX(Q_,FW3,0)) -> 3 | FY3: =MATCH(RAND(),INDEX(Q_,FX3,0)) -> 3 | FZ3: =MATCH(RAND(),INDEX(Q_,FY3,0)) -> 3 | ... HP3: =MATCH(RAND(),INDEX(Q_,HO3,0)) -> 2 | HQ3: =IF(ISNUMBER(MATCH(3,FS3:HP3,0)),MATCH(3,FS3:HP3,0),51) -> 6 | HS3: 2 | HT3: 3 | HU3: =MATCH(RAND(),INDEX(Q_,HT3,0)) -> 2 | HV3: =MATCH(RAND(),INDEX(Q_,HU3,0)) -> 2 | HW3: =MATCH(RAND(),INDEX(Q_,HV3,0)) -> 2 | HX3: =MATCH(RAND(),INDEX(Q_,HW3,0)) -> 3 | HY3: =MATCH(RAND(),INDEX(Q_,HX3,0)) -> 3 | HZ3: =MATCH(RAND(),INDEX(Q_,HY3,0)) -> 3 | IA3: =MATCH(RAND(),INDEX(Q_,HZ3,0)) -> 2 | IB3: =MATCH(RAND(),INDEX(Q_,IA3,0)) -> 3 | ... JR3: =MATCH(RAND(),INDEX(Q_,JQ3,0)) -> 2 | JS3: =IF(ISNUMBER(MATCH(1,HU3:JR3,0)),MATCH(1,HU3:JR3,0),51) -> 45 | JV3: p(2nd_class1) | JW3: =COUNTIF(FT2:FT1001,"=1")/N2_ -> 0.209 | JX3: =COUNTIF(HV2:HV1001,"=1")/N2_ -> 0.037 | KD3: It takes more time for people who are initially in lower class to become an upper class
B4: P | C4: 0.45 | D4: 0.48 | E4: 0.07 | H4: 3 | I4: 1 | J4: 2 | K4: 2 | L4: 2 | M4: 1 | N4: 2 | O4: 1 | P4: 1 | Q4: 3 | R4: 2 | S4: 2 | T4: 2 | U4: 3 | V4: 2 | W4: 2 | X4: 3 | Y4: 2 | Z4: 2 | AA4: 3 | AB4: 2 | AC4: 2 | AD4: 2 | AE4: 2 | AF4: 2 | AG4: 2 | AH4: 1 | AI4: 1 | AJ4: 2 | AK4: 2 | AL4: 3 | AM4: 2 | AN4: 2 | AO4: 2 | AP4: 3 | AQ4: 2 | AR4: 3 | AS4: 2 | AT4: 2 | AU4: 3 | AV4: 3 | AW4: 3 | AX4: 3 | AY4: 2 | AZ4: 2 | BA4: 2 | BB4: 2 | BC4: 2 | BD4: 2 | BE4: 2 | BF4: 2 | BI4: 3 | BJ4: 1 | BK4: 1 | BL4: 2 | BM4: 2 | BN4: 2 | BO4: 2 | BP4: 2 | BQ4: 2 | BR4: 2 | BS4: 3 | BT4: 3 | BU4: 2 | BV4: 2 | BW4: 2 | BX4: 2 | BY4: 2 | BZ4: 2 | CA4: 3 | CB4: 3 | CC4: 3 | CD4: 3 | CE4: 3 | CF4: 3 | CG4: 3 | CH4: 3 | CI4: 2 | CJ4: 3 | CK4: 2 | CL4: 2 | CM4: 2 | CN4: 2 | CO4: 1 | CP4: 1 | CQ4: 2 | CR4: 2 | CS4: 2 | CT4: 3 | CU4: 2 | CV4: 2 | CW4: 1 | CX4: 1 | CY4: 1 | CZ4: 1 | DA4: 2 | DB4: 2 | DC4: 2 | DD4: 2 | DE4: 2 | DF4: 2 | DG4: 3 | DJ4: 3 | DK4: 3 | DL4: 3 | DM4: 3 | DN4: 3 | DO4: 2 | DP4: 2 | DQ4: 3 | DR4: 2 | DS4: 2 | DT4: 2 | DU4: 2 | DV4: 2 | DW4: 1 | DX4: 1 | DY4: 2 | DZ4: 2 | EA4: 3 | EB4: 3 | EC4: 3 | ED4: 2 | EE4: 2 | EF4: 2 | EG4: 2 | EH4: 3 | EI4: 3 | EJ4: 3 | EK4: 2 | EL4: 1 | EM4: 2 | EN4: 2 | EO4: 3 | EP4: 3 | EQ4: 3 | ER4: 2 | ES4: 2 | ET4: 2 | EU4: 2 | EV4: 2 | EW4: 3 | EX4: 3 | EY4: 2 | EZ4: 2 | FA4: 2 | FB4: 2 | FC4: 2 | FD4: 3 | FE4: 3 | FF4: 2 | FG4: 2 | FH4: 2 | FL4: 2 | FM4: =COUNTIF(x50_,"=2")/N2_ -> 0.64 | FQ4: 3 | FR4: 1 | FS4: =MATCH(RAND(),INDEX(Q_,FR4,0)) -> 2 | FT4: =MATCH(RAND(),INDEX(Q_,FS4,0)) -> 2 | FU4: =MATCH(RAND(),INDEX(Q_,FT4,0)) -> 3 | FV4: =MATCH(RAND(),INDEX(Q_,FU4,0)) -> 2 | FW4: =MATCH(RAND(),INDEX(Q_,FV4,0)) -> 2 | FX4: =MATCH(RAND(),INDEX(Q_,FW4,0)) -> 2 | FY4: =MATCH(RAND(),INDEX(Q_,FX4,0)) -> 2 | FZ4: =MATCH(RAND(),INDEX(Q_,FY4,0)) -> 3 | ... HP4: =MATCH(RAND(),INDEX(Q_,HO4,0)) -> 1 | HQ4: =IF(ISNUMBER(MATCH(3,FS4:HP4,0)),MATCH(3,FS4:HP4,0),51) -> 3 | HS4: 3 | HT4: 3 | HU4: =MATCH(RAND(),INDEX(Q_,HT4,0)) -> 3 | HV4: =MATCH(RAND(),INDEX(Q_,HU4,0)) -> 2 | HW4: =MATCH(RAND(),INDEX(Q_,HV4,0)) -> 3 | HX4: =MATCH(RAND(),INDEX(Q_,HW4,0)) -> 3 | HY4: =MATCH(RAND(),INDEX(Q_,HX4,0)) -> 3 | HZ4: =MATCH(RAND(),INDEX(Q_,HY4,0)) -> 3 | IA4: =MATCH(RAND(),INDEX(Q_,HZ4,0)) -> 3 | IB4: =MATCH(RAND(),INDEX(Q_,IA4,0)) -> 2 | ... JR4: =MATCH(RAND(),INDEX(Q_,JQ4,0)) -> 2 | JS4: =IF(ISNUMBER(MATCH(1,HU4:JR4,0)),MATCH(1,HU4:JR4,0),51) -> 42 | JV4: p(3rd_class1) | JW4: =COUNTIF(FU2:FU1001,"=1")/N2_ -> 0.135 | JX4: =COUNTIF(HW2:HW1001,"=1")/N2_ -> 0.037 | KD4: So the society ought to provide more help for people in the lower class, for example, education, tax deduction, and welfare.
C5: 0.05 | D5: 0.7 | E5: 0.25 | H5: 4 | I5: 1 | J5: 1 | K5: 2 | L5: 2 | M5: 2 | N5: 3 | O5: 2 | P5: 3 | Q5: 2 | R5: 2 | S5: 2 | T5: 2 | U5: 3 | V5: 2 | W5: 2 | X5: 2 | Y5: 2 | Z5: 3 | AA5: 2 | AB5: 2 | AC5: 3 | AD5: 2 | AE5: 2 | AF5: 2 | AG5: 1 | AH5: 1 | AI5: 2 | AJ5: 2 | AK5: 2 | AL5: 3 | AM5: 2 | AN5: 3 | AO5: 3 | AP5: 2 | AQ5: 2 | AR5: 2 | AS5: 2 | AT5: 2 | AU5: 1 | AV5: 2 | AW5: 2 | AX5: 2 | AY5: 2 | AZ5: 2 | BA5: 3 | BB5: 3 | BC5: 2 | BD5: 2 | BE5: 1 | BF5: 3 | BI5: 4 | BJ5: 1 | BK5: 2 | BL5: 2 | BM5: 2 | BN5: 2 | BO5: 2 | BP5: 2 | BQ5: 3 | BR5: 2 | BS5: 2 | BT5: 2 | BU5: 2 | BV5: 2 | BW5: 2 | BX5: 1 | BY5: 2 | BZ5: 1 | CA5: 3 | CB5: 2 | CC5: 2 | CD5: 2 | CE5: 2 | CF5: 2 | CG5: 2 | CH5: 2 | CI5: 2 | CJ5: 2 | CK5: 2 | CL5: 1 | CM5: 1 | CN5: 1 | CO5: 2 | CP5: 3 | CQ5: 2 | CR5: 3 | CS5: 2 | CT5: 2 | CU5: 2 | CV5: 2 | CW5: 3 | CX5: 2 | CY5: 3 | CZ5: 2 | DA5: 2 | DB5: 2 | DC5: 2 | DD5: 2 | DE5: 3 | DF5: 3 | DG5: 2 | DJ5: 4 | DK5: 3 | DL5: 2 | DM5: 3 | DN5: 2 | DO5: 1 | DP5: 2 | DQ5: 2 | DR5: 2 | DS5: 2 | DT5: 3 | DU5: 3 | DV5: 3 | DW5: 2 | DX5: 2 | DY5: 2 | DZ5: 2 | EA5: 3 | EB5: 3 | EC5: 2 | ED5: 3 | EE5: 2 | EF5: 2 | EG5: 2 | EH5: 2 | EI5: 3 | EJ5: 2 | EK5: 2 | EL5: 2 | EM5: 2 | EN5: 2 | EO5: 3 | EP5: 3 | EQ5: 2 | ER5: 2 | ES5: 3 | ET5: 2 | EU5: 2 | EV5: 2 | EW5: 3 | EX5: 2 | EY5: 3 | EZ5: 2 | FA5: 2 | FB5: 3 | FC5: 3 | FD5: 3 | FE5: 2 | FF5: 2 | FG5: 3 | FH5: 2 | FL5: 3 | FM5: =COUNTIF(x50_,"=3")/N2_ -> 0.3 | FQ5: 4 | FR5: 1 | FS5: =MATCH(RAND(),INDEX(Q_,FR5,0)) -> 2 | FT5: =MATCH(RAND(),INDEX(Q_,FS5,0)) -> 2 | FU5: =MATCH(RAND(),INDEX(Q_,FT5,0)) -> 2 | FV5: =MATCH(RAND(),INDEX(Q_,FU5,0)) -> 2 | FW5: =MATCH(RAND(),INDEX(Q_,FV5,0)) -> 2 | FX5: =MATCH(RAND(),INDEX(Q_,FW5,0)) -> 2 | FY5: =MATCH(RAND(),INDEX(Q_,FX5,0)) -> 2 | FZ5: =MATCH(RAND(),INDEX(Q_,FY5,0)) -> 2 | ... HP5: =MATCH(RAND(),INDEX(Q_,HO5,0)) -> 2 | HQ5: =IF(ISNUMBER(MATCH(3,FS5:HP5,0)),MATCH(3,FS5:HP5,0),51) -> 12 | HS5: 4 | HT5: 3 | HU5: =MATCH(RAND(),INDEX(Q_,HT5,0)) -> 2 | HV5: =MATCH(RAND(),INDEX(Q_,HU5,0)) -> 2 | HW5: =MATCH(RAND(),INDEX(Q_,HV5,0)) -> 2 | HX5: =MATCH(RAND(),INDEX(Q_,HW5,0)) -> 2 | HY5: =MATCH(RAND(),INDEX(Q_,HX5,0)) -> 3 | HZ5: =MATCH(RAND(),INDEX(Q_,HY5,0)) -> 2 | IA5: =MATCH(RAND(),INDEX(Q_,HZ5,0)) -> 3 | IB5: =MATCH(RAND(),INDEX(Q_,IA5,0)) -> 2 | ... JR5: =MATCH(RAND(),INDEX(Q_,JQ5,0)) -> 2 | JS5: =IF(ISNUMBER(MATCH(1,HU5:JR5,0)),MATCH(1,HU5:JR5,0),51) -> 10 | JV5: p(4th_class1) | JW5: =COUNTIF(FV2:FV1001,"=1")/N2_ -> 0.081 | JX5: =COUNTIF(HX2:HX1001,"=1")/N2_ -> 0.062
C6: 0.01 | D6: 0.5 | E6: 0.49 | H6: 5 | I6: 3 | J6: 3 | K6: 3 | L6: 3 | M6: 3 | N6: 2 | O6: 2 | P6: 2 | Q6: 1 | R6: 2 | S6: 2 | T6: 2 | U6: 2 | V6: 2 | W6: 3 | X6: 2 | Y6: 2 | Z6: 2 | AA6: 2 | AB6: 2 | AC6: 3 | AD6: 2 | AE6: 3 | AF6: 2 | AG6: 2 | AH6: 3 | AI6: 3 | AJ6: 3 | AK6: 2 | AL6: 2 | AM6: 2 | AN6: 3 | AO6: 2 | AP6: 2 | AQ6: 2 | AR6: 3 | AS6: 2 | AT6: 2 | AU6: 2 | AV6: 1 | AW6: 2 | AX6: 2 | AY6: 2 | AZ6: 3 | BA6: 3 | BB6: 3 | BC6: 3 | BD6: 3 | BE6: 2 | BF6: 2 | BI6: 5 | BJ6: 1 | BK6: 2 | BL6: 3 | BM6: 2 | BN6: 3 | BO6: 2 | BP6: 2 | BQ6: 2 | BR6: 3 | BS6: 3 | BT6: 2 | BU6: 3 | BV6: 2 | BW6: 2 | BX6: 2 | BY6: 3 | BZ6: 2 | CA6: 3 | CB6: 3 | CC6: 2 | CD6: 2 | CE6: 2 | CF6: 3 | CG6: 2 | CH6: 3 | CI6: 3 | CJ6: 3 | CK6: 3 | CL6: 2 | CM6: 3 | CN6: 2 | CO6: 2 | CP6: 2 | CQ6: 3 | CR6: 2 | CS6: 2 | CT6: 3 | CU6: 2 | CV6: 3 | CW6: 2 | CX6: 2 | CY6: 3 | CZ6: 3 | DA6: 3 | DB6: 3 | DC6: 3 | DD6: 2 | DE6: 1 | DF6: 2 | DG6: 2 | DJ6: 5 | DK6: 3 | DL6: 3 | DM6: 3 | DN6: 3 | DO6: 3 | DP6: 3 | DQ6: 3 | DR6: 3 | DS6: 3 | DT6: 3 | DU6: 2 | DV6: 2 | DW6: 2 | DX6: 1 | DY6: 1 | DZ6: 1 | EA6: 1 | EB6: 1 | EC6: 1 | ED6: 2 | EE6: 2 | EF6: 2 | EG6: 3 | EH6: 3 | EI6: 3 | EJ6: 3 | EK6: 3 | EL6: 3 | EM6: 3 | EN6: 3 | EO6: 3 | EP6: 2 | EQ6: 2 | ER6: 2 | ES6: 3 | ET6: 3 | EU6: 3 | EV6: 2 | EW6: 2 | EX6: 1 | EY6: 2 | EZ6: 2 | FA6: 2 | FB6: 2 | FC6: 2 | FD6: 2 | FE6: 2 | FF6: 3 | FG6: 3 | FH6: 2 | FQ6: 5 | FR6: 1 | FS6: =MATCH(RAND(),INDEX(Q_,FR6,0)) -> 2 | FT6: =MATCH(RAND(),INDEX(Q_,FS6,0)) -> 2 | FU6: =MATCH(RAND(),INDEX(Q_,FT6,0)) -> 3 | FV6: =MATCH(RAND(),INDEX(Q_,FU6,0)) -> 2 | FW6: =MATCH(RAND(),INDEX(Q_,FV6,0)) -> 3 | FX6: =MATCH(RAND(),INDEX(Q_,FW6,0)) -> 2 | FY6: =MATCH(RAND(),INDEX(Q_,FX6,0)) -> 3 | FZ6: =MATCH(RAND(),INDEX(Q_,FY6,0)) -> 2 | ... HP6: =MATCH(RAND(),INDEX(Q_,HO6,0)) -> 3 | HQ6: =IF(ISNUMBER(MATCH(3,FS6:HP6,0)),MATCH(3,FS6:HP6,0),51) -> 3 | HS6: 5 | HT6: 3 | HU6: =MATCH(RAND(),INDEX(Q_,HT6,0)) -> 2 | HV6: =MATCH(RAND(),INDEX(Q_,HU6,0)) -> 3 | HW6: =MATCH(RAND(),INDEX(Q_,HV6,0)) -> 2 | HX6: =MATCH(RAND(),INDEX(Q_,HW6,0)) -> 2 | HY6: =MATCH(RAND(),INDEX(Q_,HX6,0)) -> 2 | HZ6: =MATCH(RAND(),INDEX(Q_,HY6,0)) -> 2 | IA6: =MATCH(RAND(),INDEX(Q_,HZ6,0)) -> 2 | IB6: =MATCH(RAND(),INDEX(Q_,IA6,0)) -> 1 | ... JR6: =MATCH(RAND(),INDEX(Q_,JQ6,0)) -> 2 | JS6: =IF(ISNUMBER(MATCH(1,HU6:JR6,0)),MATCH(1,HU6:JR6,0),51) -> 8 | JV6: p(5th_class1) | JW6: =COUNTIF(FW2:FW1001,"=1")/N2_ -> 0.064 | JX6: =COUNTIF(HY2:HY1001,"=1")/N2_ -> 0.063
B7: Q | C7: 0 | D7: 0.45 | E7: =C4+D4 -> 0.93 | F7: =C4+D4+E4 -> 1 | H7: 6 | I7: 3 | J7: 3 | K7: 3 | L7: 3 | M7: 3 | N7: 3 | O7: 3 | P7: 2 | Q7: 2 | R7: 2 | S7: 3 | T7: 3 | U7: 2 | V7: 2 | W7: 2 | X7: 2 | Y7: 2 | Z7: 2 | AA7: 2 | AB7: 2 | AC7: 2 | AD7: 2 | AE7: 2 | AF7: 2 | AG7: 2 | AH7: 2 | AI7: 2 | AJ7: 2 | AK7: 3 | AL7: 2 | AM7: 2 | AN7: 2 | AO7: 1 | AP7: 2 | AQ7: 2 | AR7: 2 | AS7: 1 | AT7: 1 | AU7: 2 | AV7: 2 | AW7: 2 | AX7: 2 | AY7: 2 | AZ7: 2 | BA7: 2 | BB7: 3 | BC7: 2 | BD7: 2 | BE7: 2 | BF7: 2 | BI7: 6 | BJ7: 1 | BK7: 2 | BL7: 2 | BM7: 2 | BN7: 3 | BO7: 2 | BP7: 2 | BQ7: 3 | BR7: 2 | BS7: 2 | BT7: 2 | BU7: 2 | BV7: 2 | BW7: 2 | BX7: 2 | BY7: 2 | BZ7: 3 | CA7: 3 | CB7: 3 | CC7: 2 | CD7: 2 | CE7: 2 | CF7: 2 | CG7: 2 | CH7: 2 | CI7: 2 | CJ7: 2 | CK7: 2 | CL7: 1 | CM7: 2 | CN7: 2 | CO7: 2 | CP7: 2 | CQ7: 2 | CR7: 2 | CS7: 3 | CT7: 2 | CU7: 2 | CV7: 2 | CW7: 2 | CX7: 2 | CY7: 2 | CZ7: 2 | DA7: 2 | DB7: 3 | DC7: 2 | DD7: 2 | DE7: 2 | DF7: 2 | DG7: 2 | DJ7: 6 | DK7: 3 | DL7: 3 | DM7: 2 | DN7: 3 | DO7: 3 | DP7: 3 | DQ7: 2 | DR7: 2 | DS7: 3 | DT7: 2 | DU7: 3 | DV7: 3 | DW7: 2 | DX7: 2 | DY7: 2 | DZ7: 2 | EA7: 2 | EB7: 2 | EC7: 3 | ED7: 2 | EE7: 3 | EF7: 2 | EG7: 2 | EH7: 2 | EI7: 2 | EJ7: 2 | EK7: 2 | EL7: 2 | EM7: 2 | EN7: 2 | EO7: 2 | EP7: 2 | EQ7: 2 | ER7: 3 | ES7: 3 | ET7: 2 | EU7: 2 | EV7: 2 | EW7: 2 | EX7: 2 | EY7: 2 | EZ7: 2 | FA7: 3 | FB7: 3 | FC7: 3 | FD7: 2 | FE7: 3 | FF7: 2 | FG7: 2 | FH7: 2 | FQ7: 6 | FR7: 1 | FS7: =MATCH(RAND(),INDEX(Q_,FR7,0)) -> 2 | FT7: =MATCH(RAND(),INDEX(Q_,FS7,0)) -> 2 | FU7: =MATCH(RAND(),INDEX(Q_,FT7,0)) -> 2 | FV7: =MATCH(RAND(),INDEX(Q_,FU7,0)) -> 3 | FW7: =MATCH(RAND(),INDEX(Q_,FV7,0)) -> 2 | FX7: =MATCH(RAND(),INDEX(Q_,FW7,0)) -> 2 | FY7: =MATCH(RAND(),INDEX(Q_,FX7,0)) -> 2 | FZ7: =MATCH(RAND(),INDEX(Q_,FY7,0)) -> 1 | ... HP7: =MATCH(RAND(),INDEX(Q_,HO7,0)) -> 2 | HQ7: =IF(ISNUMBER(MATCH(3,FS7:HP7,0)),MATCH(3,FS7:HP7,0),51) -> 4 | HS7: 6 | HT7: 3 | HU7: =MATCH(RAND(),INDEX(Q_,HT7,0)) -> 2 | HV7: =MATCH(RAND(),INDEX(Q_,HU7,0)) -> 3 | HW7: =MATCH(RAND(),INDEX(Q_,HV7,0)) -> 2 | HX7: =MATCH(RAND(),INDEX(Q_,HW7,0)) -> 2 | HY7: =MATCH(RAND(),INDEX(Q_,HX7,0)) -> 2 | HZ7: =MATCH(RAND(),INDEX(Q_,HY7,0)) -> 3 | IA7: =MATCH(RAND(),INDEX(Q_,HZ7,0)) -> 2 | IB7: =MATCH(RAND(),INDEX(Q_,IA7,0)) -> 2 | ... JR7: =MATCH(RAND(),INDEX(Q_,JQ7,0)) -> 3 | JS7: =IF(ISNUMBER(MATCH(1,HU7:JR7,0)),MATCH(1,HU7:JR7,0),51) -> 21 | JV7: p(6th_class1) | JW7: =COUNTIF(FX2:FX1001,"=1")/N2_ -> 0.055 | JX7: =COUNTIF(HZ2:HZ1001,"=1")/N2_ -> 0.065
C8: 0 | D8: 0.05 | E8: =C5+D5 -> 0.75 | F8: =C5+D5+E5 -> 1 | H8: 7 | I8: 1 | J8: 2 | K8: 2 | L8: 2 | M8: 2 | N8: 2 | O8: 2 | P8: 2 | Q8: 3 | R8: 3 | S8: 3 | T8: 2 | U8: 3 | V8: 3 | W8: 3 | X8: 2 | Y8: 3 | Z8: 2 | AA8: 2 | AB8: 2 | AC8: 3 | AD8: 3 | AE8: 2 | AF8: 2 | AG8: 2 | AH8: 3 | AI8: 3 | AJ8: 3 | AK8: 2 | AL8: 3 | AM8: 2 | AN8: 2 | AO8: 2 | AP8: 3 | AQ8: 2 | AR8: 2 | AS8: 2 | AT8: 2 | AU8: 3 | AV8: 3 | AW8: 3 | AX8: 2 | AY8: 2 | AZ8: 2 | BA8: 2 | BB8: 2 | BC8: 2 | BD8: 3 | BE8: 2 | BF8: 2 | BI8: 7 | BJ8: 1 | BK8: 2 | BL8: 2 | BM8: 2 | BN8: 3 | BO8: 2 | BP8: 2 | BQ8: 3 | BR8: 2 | BS8: 3 | BT8: 2 | BU8: 3 | BV8: 3 | BW8: 3 | BX8: 2 | BY8: 2 | BZ8: 1 | CA8: 1 | CB8: 2 | CC8: 2 | CD8: 2 | CE8: 3 | CF8: 2 | CG8: 2 | CH8: 3 | CI8: 3 | CJ8: 2 | CK8: 3 | CL8: 2 | CM8: 2 | CN8: 2 | CO8: 2 | CP8: 3 | CQ8: 2 | CR8: 3 | CS8: 3 | CT8: 2 | CU8: 2 | CV8: 2 | CW8: 1 | CX8: 1 | CY8: 2 | CZ8: 3 | DA8: 3 | DB8: 2 | DC8: 1 | DD8: 2 | DE8: 3 | DF8: 2 | DG8: 2 | DJ8: 7 | DK8: 3 | DL8: 3 | DM8: 2 | DN8: 3 | DO8: 2 | DP8: 2 | DQ8: 2 | DR8: 2 | DS8: 3 | DT8: 2 | DU8: 3 | DV8: 2 | DW8: 2 | DX8: 2 | DY8: 3 | DZ8: 2 | EA8: 2 | EB8: 2 | EC8: 2 | ED8: 1 | EE8: 2 | EF8: 2 | EG8: 2 | EH8: 3 | EI8: 2 | EJ8: 3 | EK8: 2 | EL8: 2 | EM8: 2 | EN8: 2 | EO8: 2 | EP8: 3 | EQ8: 2 | ER8: 2 | ES8: 3 | ET8: 2 | EU8: 3 | EV8: 2 | EW8: 2 | EX8: 2 | EY8: 2 | EZ8: 2 | FA8: 3 | FB8: 3 | FC8: 2 | FD8: 1 | FE8: 2 | FF8: 1 | FG8: 3 | FH8: 2 | FQ8: 7 | FR8: 1 | FS8: =MATCH(RAND(),INDEX(Q_,FR8,0)) -> 2 | FT8: =MATCH(RAND(),INDEX(Q_,FS8,0)) -> 3 | FU8: =MATCH(RAND(),INDEX(Q_,FT8,0)) -> 2 | FV8: =MATCH(RAND(),INDEX(Q_,FU8,0)) -> 2 | FW8: =MATCH(RAND(),INDEX(Q_,FV8,0)) -> 1 | FX8: =MATCH(RAND(),INDEX(Q_,FW8,0)) -> 1 | FY8: =MATCH(RAND(),INDEX(Q_,FX8,0)) -> 1 | FZ8: =MATCH(RAND(),INDEX(Q_,FY8,0)) -> 2 | ... HP8: =MATCH(RAND(),INDEX(Q_,HO8,0)) -> 2 | HQ8: =IF(ISNUMBER(MATCH(3,FS8:HP8,0)),MATCH(3,FS8:HP8,0),51) -> 2 | HS8: 7 | HT8: 3 | HU8: =MATCH(RAND(),INDEX(Q_,HT8,0)) -> 2 | HV8: =MATCH(RAND(),INDEX(Q_,HU8,0)) -> 2 | HW8: =MATCH(RAND(),INDEX(Q_,HV8,0)) -> 3 | HX8: =MATCH(RAND(),INDEX(Q_,HW8,0)) -> 3 | HY8: =MATCH(RAND(),INDEX(Q_,HX8,0)) -> 2 | HZ8: =MATCH(RAND(),INDEX(Q_,HY8,0)) -> 1 | IA8: =MATCH(RAND(),INDEX(Q_,HZ8,0)) -> 1 | IB8: =MATCH(RAND(),INDEX(Q_,IA8,0)) -> 3 | ... JR8: =MATCH(RAND(),INDEX(Q_,JQ8,0)) -> 2 | JS8: =IF(ISNUMBER(MATCH(1,HU8:JR8,0)),MATCH(1,HU8:JR8,0),51) -> 6 | JV8: p(7th_class1) | JW8: =COUNTIF(FY2:FY1001,"=1")/N2_ -> 0.061 | JX8: =COUNTIF(IA2:IA1001,"=1")/N2_ -> 0.071
C9: 0 | D9: 0.01 | E9: =C6+D6 -> 0.51 | F9: =C6+D6+E6 -> 1 | H9: 8 | I9: 3 | J9: 2 | K9: 2 | L9: 3 | M9: 2 | N9: 2 | O9: 2 | P9: 2 | Q9: 2 | R9: 3 | S9: 2 | T9: 1 | U9: 3 | V9: 3 | W9: 3 | X9: 2 | Y9: 2 | Z9: 3 | AA9: 3 | AB9: 2 | AC9: 2 | AD9: 2 | AE9: 3 | AF9: 2 | AG9: 2 | AH9: 2 | AI9: 2 | AJ9: 2 | AK9: 2 | AL9: 3 | AM9: 3 | AN9: 3 | AO9: 2 | AP9: 2 | AQ9: 2 | AR9: 2 | AS9: 2 | AT9: 2 | AU9: 1 | AV9: 2 | AW9: 3 | AX9: 3 | AY9: 2 | AZ9: 1 | BA9: 1 | BB9: 1 | BC9: 2 | BD9: 2 | BE9: 3 | BF9: 3 | BI9: 8 | BJ9: 1 | BK9: 2 | BL9: 2 | BM9: 2 | BN9: 2 | BO9: 2 | BP9: 3 | BQ9: 2 | BR9: 3 | BS9: 3 | BT9: 3 | BU9: 3 | BV9: 3 | BW9: 2 | BX9: 2 | BY9: 1 | BZ9: 3 | CA9: 2 | CB9: 2 | CC9: 2 | CD9: 2 | CE9: 2 | CF9: 1 | CG9: 1 | CH9: 2 | CI9: 3 | CJ9: 2 | CK9: 2 | CL9: 3 | CM9: 2 | CN9: 2 | CO9: 2 | CP9: 3 | CQ9: 3 | CR9: 3 | CS9: 2 | CT9: 2 | CU9: 2 | CV9: 2 | CW9: 2 | CX9: 3 | CY9: 3 | CZ9: 2 | DA9: 3 | DB9: 3 | DC9: 3 | DD9: 3 | DE9: 2 | DF9: 2 | DG9: 2 | DJ9: 8 | DK9: 3 | DL9: 2 | DM9: 2 | DN9: 3 | DO9: 3 | DP9: 2 | DQ9: 3 | DR9: 1 | DS9: 3 | DT9: 3 | DU9: 2 | DV9: 2 | DW9: 1 | DX9: 2 | DY9: 3 | DZ9: 3 | EA9: 3 | EB9: 2 | EC9: 2 | ED9: 1 | EE9: 2 | EF9: 3 | EG9: 3 | EH9: 2 | EI9: 2 | EJ9: 2 | EK9: 2 | EL9: 2 | EM9: 3 | EN9: 2 | EO9: 3 | EP9: 3 | EQ9: 3 | ER9: 2 | ES9: 2 | ET9: 2 | EU9: 2 | EV9: 2 | EW9: 2 | EX9: 3 | EY9: 2 | EZ9: 3 | FA9: 3 | FB9: 2 | FC9: 2 | FD9: 3 | FE9: 3 | FF9: 1 | FG9: 2 | FH9: 2 | FQ9: 8 | FR9: 1 | FS9: =MATCH(RAND(),INDEX(Q_,FR9,0)) -> 2 | FT9: =MATCH(RAND(),INDEX(Q_,FS9,0)) -> 3 | FU9: =MATCH(RAND(),INDEX(Q_,FT9,0)) -> 3 | FV9: =MATCH(RAND(),INDEX(Q_,FU9,0)) -> 3 | FW9: =MATCH(RAND(),INDEX(Q_,FV9,0)) -> 3 | FX9: =MATCH(RAND(),INDEX(Q_,FW9,0)) -> 3 | FY9: =MATCH(RAND(),INDEX(Q_,FX9,0)) -> 3 | FZ9: =MATCH(RAND(),INDEX(Q_,FY9,0)) -> 2 | ... HP9: =MATCH(RAND(),INDEX(Q_,HO9,0)) -> 3 | HQ9: =IF(ISNUMBER(MATCH(3,FS9:HP9,0)),MATCH(3,FS9:HP9,0),51) -> 2 | HS9: 8 | HT9: 3 | HU9: =MATCH(RAND(),INDEX(Q_,HT9,0)) -> 2 | HV9: =MATCH(RAND(),INDEX(Q_,HU9,0)) -> 2 | HW9: =MATCH(RAND(),INDEX(Q_,HV9,0)) -> 2 | HX9: =MATCH(RAND(),INDEX(Q_,HW9,0)) -> 3 | HY9: =MATCH(RAND(),INDEX(Q_,HX9,0)) -> 3 | HZ9: =MATCH(RAND(),INDEX(Q_,HY9,0)) -> 3 | IA9: =MATCH(RAND(),INDEX(Q_,HZ9,0)) -> 3 | IB9: =MATCH(RAND(),INDEX(Q_,IA9,0)) -> 3 | ... JR9: =MATCH(RAND(),INDEX(Q_,JQ9,0)) -> 2 | JS9: =IF(ISNUMBER(MATCH(1,HU9:JR9,0)),MATCH(1,HU9:JR9,0),51) -> 51 | JV9: p(8th_class1) | JW9: =COUNTIF(FZ2:FZ1001,"=1")/N2_ -> 0.049 | JX9: =COUNTIF(IB2:IB1001,"=1")/N2_ -> 0.069
B10: f0 | C10: 0.5 | D10: 0 | E10: 0.5 | H10: 9 | I10: 3 | J10: 2 | K10: 2 | L10: 1 | M10: 1 | N10: 1 | O10: 2 | P10: 2 | Q10: 2 | R10: 2 | S10: 3 | T10: 2 | U10: 3 | V10: 3 | W10: 3 | X10: 2 | Y10: 3 | Z10: 2 | AA10: 2 | AB10: 2 | AC10: 3 | AD10: 2 | AE10: 2 | AF10: 2 | AG10: 2 | AH10: 3 | AI10: 2 | AJ10: 2 | AK10: 3 | AL10: 3 | AM10: 2 | AN10: 1 | AO10: 2 | AP10: 3 | AQ10: 2 | AR10: 3 | AS10: 3 | AT10: 3 | AU10: 2 | AV10: 2 | AW10: 2 | AX10: 2 | AY10: 2 | AZ10: 2 | BA10: 2 | BB10: 2 | BC10: 3 | BD10: 3 | BE10: 2 | BF10: 2 | BI10: 9 | BJ10: 1 | BK10: 2 | BL10: 2 | BM10: 1 | BN10: 2 | BO10: 2 | BP10: 2 | BQ10: 2 | BR10: 2 | BS10: 2 | BT10: 2 | BU10: 2 | BV10: 2 | BW10: 2 | BX10: 2 | BY10: 2 | BZ10: 2 | CA10: 2 | CB10: 2 | CC10: 2 | CD10: 2 | CE10: 2 | CF10: 3 | CG10: 2 | CH10: 3 | CI10: 2 | CJ10: 2 | CK10: 2 | CL10: 3 | CM10: 2 | CN10: 2 | CO10: 2 | CP10: 3 | CQ10: 3 | CR10: 2 | CS10: 3 | CT10: 3 | CU10: 3 | CV10: 2 | CW10: 2 | CX10: 3 | CY10: 3 | CZ10: 2 | DA10: 2 | DB10: 2 | DC10: 2 | DD10: 3 | DE10: 2 | DF10: 3 | DG10: 3 | DJ10: 9 | DK10: 3 | DL10: 2 | DM10: 3 | DN10: 3 | DO10: 3 | DP10: 2 | DQ10: 2 | DR10: 2 | DS10: 3 | DT10: 3 | DU10: 2 | DV10: 2 | DW10: 2 | DX10: 2 | DY10: 3 | DZ10: 3 | EA10: 3 | EB10: 2 | EC10: 3 | ED10: 3 | EE10: 3 | EF10: 3 | EG10: 3 | EH10: 2 | EI10: 2 | EJ10: 2 | EK10: 2 | EL10: 2 | EM10: 2 | EN10: 1 | EO10: 2 | EP10: 3 | EQ10: 2 | ER10: 2 | ES10: 2 | ET10: 3 | EU10: 2 | EV10: 2 | EW10: 2 | EX10: 3 | EY10: 2 | EZ10: 2 | FA10: 3 | FB10: 2 | FC10: 3 | FD10: 3 | FE10: 3 | FF10: 3 | FG10: 2 | FH10: 2 | FQ10: 9 | FR10: 1 | FS10: =MATCH(RAND(),INDEX(Q_,FR10,0)) -> 1 | FT10: =MATCH(RAND(),INDEX(Q_,FS10,0)) -> 1 | FU10: =MATCH(RAND(),INDEX(Q_,FT10,0)) -> 2 | FV10: =MATCH(RAND(),INDEX(Q_,FU10,0)) -> 2 | FW10: =MATCH(RAND(),INDEX(Q_,FV10,0)) -> 3 | FX10: =MATCH(RAND(),INDEX(Q_,FW10,0)) -> 2 | FY10: =MATCH(RAND(),INDEX(Q_,FX10,0)) -> 2 | FZ10: =MATCH(RAND(),INDEX(Q_,FY10,0)) -> 2 | ... HP10: =MATCH(RAND(),INDEX(Q_,HO10,0)) -> 3 | HQ10: =IF(ISNUMBER(MATCH(3,FS10:HP10,0)),MATCH(3,FS10:HP10,0),51) -> 5 | HS10: 9 | HT10: 3 | HU10: =MATCH(RAND(),INDEX(Q_,HT10,0)) -> 3 | HV10: =MATCH(RAND(),INDEX(Q_,HU10,0)) -> 2 | HW10: =MATCH(RAND(),INDEX(Q_,HV10,0)) -> 3 | HX10: =MATCH(RAND(),INDEX(Q_,HW10,0)) -> 3 | HY10: =MATCH(RAND(),INDEX(Q_,HX10,0)) -> 3 | HZ10: =MATCH(RAND(),INDEX(Q_,HY10,0)) -> 2 | IA10: =MATCH(RAND(),INDEX(Q_,HZ10,0)) -> 2 | IB10: =MATCH(RAND(),INDEX(Q_,IA10,0)) -> 3 | ... JR10: =MATCH(RAND(),INDEX(Q_,JQ10,0)) -> 3 | JS10: =IF(ISNUMBER(MATCH(1,HU10:JR10,0)),MATCH(1,HU10:JR10,0),51) -> 51 | JV10: p(9th_class1) | JW10: =COUNTIF(GA2:GA1001,"=1")/N2_ -> 0.064 | JX10: =COUNTIF(IC2:IC1001,"=1")/N2_ -> 0.069
C11: 1 | D11: 0 | E11: 0 | H11: 10 | I11: 3 | J11: 3 | K11: 2 | L11: 3 | M11: 2 | N11: 2 | O11: 2 | P11: 2 | Q11: 2 | R11: 2 | S11: 2 | T11: 2 | U11: 2 | V11: 2 | W11: 2 | X11: 2 | Y11: 2 | Z11: 2 | AA11: 2 | AB11: 2 | AC11: 3 | AD11: 2 | AE11: 1 | AF11: 2 | AG11: 2 | AH11: 2 | AI11: 3 | AJ11: 3 | AK11: 3 | AL11: 3 | AM11: 2 | AN11: 2 | AO11: 2 | AP11: 3 | AQ11: 2 | AR11: 2 | AS11: 2 | AT11: 2 | AU11: 2 | AV11: 2 | AW11: 3 | AX11: 3 | AY11: 2 | AZ11: 2 | BA11: 2 | BB11: 2 | BC11: 2 | BD11: 2 | BE11: 2 | BF11: 2 | BI11: 10 | BJ11: 1 | BK11: 1 | BL11: 2 | BM11: 2 | BN11: 2 | BO11: 1 | BP11: 2 | BQ11: 2 | BR11: 2 | BS11: 2 | BT11: 2 | BU11: 2 | BV11: 2 | BW11: 2 | BX11: 3 | BY11: 2 | BZ11: 2 | CA11: 2 | CB11: 2 | CC11: 2 | CD11: 2 | CE11: 2 | CF11: 2 | CG11: 3 | CH11: 3 | CI11: 2 | CJ11: 2 | CK11: 2 | CL11: 3 | CM11: 3 | CN11: 3 | CO11: 2 | CP11: 3 | CQ11: 3 | CR11: 2 | CS11: 2 | CT11: 3 | CU11: 2 | CV11: 2 | CW11: 2 | CX11: 3 | CY11: 2 | CZ11: 2 | DA11: 2 | DB11: 3 | DC11: 3 | DD11: 3 | DE11: 2 | DF11: 2 | DG11: 2 | DJ11: 10 | DK11: 3 | DL11: 3 | DM11: 2 | DN11: 2 | DO11: 2 | DP11: 2 | DQ11: 2 | DR11: 3 | DS11: 1 | DT11: 2 | DU11: 2 | DV11: 2 | DW11: 2 | DX11: 2 | DY11: 2 | DZ11: 2 | EA11: 2 | EB11: 2 | EC11: 3 | ED11: 3 | EE11: 2 | EF11: 2 | EG11: 2 | EH11: 2 | EI11: 1 | EJ11: 1 | EK11: 2 | EL11: 2 | EM11: 2 | EN11: 2 | EO11: 2 | EP11: 2 | EQ11: 2 | ER11: 3 | ES11: 2 | ET11: 3 | EU11: 2 | EV11: 2 | EW11: 3 | EX11: 2 | EY11: 2 | EZ11: 2 | FA11: 3 | FB11: 2 | FC11: 2 | FD11: 2 | FE11: 2 | FF11: 2 | FG11: 2 | FH11: 2 | FQ11: 10 | FR11: 1 | FS11: =MATCH(RAND(),INDEX(Q_,FR11,0)) -> 1 | FT11: =MATCH(RAND(),INDEX(Q_,FS11,0)) -> 1 | FU11: =MATCH(RAND(),INDEX(Q_,FT11,0)) -> 1 | FV11: =MATCH(RAND(),INDEX(Q_,FU11,0)) -> 2 | FW11: =MATCH(RAND(),INDEX(Q_,FV11,0)) -> 2 | FX11: =MATCH(RAND(),INDEX(Q_,FW11,0)) -> 2 | FY11: =MATCH(RAND(),INDEX(Q_,FX11,0)) -> 1 | FZ11: =MATCH(RAND(),INDEX(Q_,FY11,0)) -> 1 | ... HP11: =MATCH(RAND(),INDEX(Q_,HO11,0)) -> 1 | HQ11: =IF(ISNUMBER(MATCH(3,FS11:HP11,0)),MATCH(3,FS11:HP11,0),51) -> 11 | HS11: 10 | HT11: 3 | HU11: =MATCH(RAND(),INDEX(Q_,HT11,0)) -> 2 | HV11: =MATCH(RAND(),INDEX(Q_,HU11,0)) -> 3 | HW11: =MATCH(RAND(),INDEX(Q_,HV11,0)) -> 2 | HX11: =MATCH(RAND(),INDEX(Q_,HW11,0)) -> 2 | HY11: =MATCH(RAND(),INDEX(Q_,HX11,0)) -> 2 | HZ11: =MATCH(RAND(),INDEX(Q_,HY11,0)) -> 2 | IA11: =MATCH(RAND(),INDEX(Q_,HZ11,0)) -> 3 | IB11: =MATCH(RAND(),INDEX(Q_,IA11,0)) -> 3 | ... JR11: =MATCH(RAND(),INDEX(Q_,JQ11,0)) -> 2 | JS11: =IF(ISNUMBER(MATCH(1,HU11:JR11,0)),MATCH(1,HU11:JR11,0),51) -> 51 | JV11: p(10th_class1) | JW11: =COUNTIF(GB2:GB1001,"=1")/N2_ -> 0.066 | JX11: =COUNTIF(ID2:ID1001,"=1")/N2_ -> 0.059
C12: 0 | D12: 0 | E12: 1 | H12: 11 | I12: 1 | J12: 1 | K12: 2 | L12: 2 | M12: 1 | N12: 1 | O12: 1 | P12: 2 | Q12: 3 | R12: 2 | S12: 2 | T12: 2 | U12: 2 | V12: 2 | W12: 2 | X12: 2 | Y12: 1 | Z12: 2 | AA12: 2 | AB12: 2 | AC12: 3 | AD12: 3 | AE12: 3 | AF12: 2 | AG12: 2 | AH12: 2 | AI12: 2 | AJ12: 2 | AK12: 2 | AL12: 3 | AM12: 2 | AN12: 2 | AO12: 2 | AP12: 2 | AQ12: 2 | AR12: 3 | AS12: 2 | AT12: 2 | AU12: 3 | AV12: 3 | AW12: 3 | AX12: 2 | AY12: 3 | AZ12: 3 | BA12: 3 | BB12: 2 | BC12: 2 | BD12: 3 | BE12: 3 | BF12: 3 | BI12: 11 | BJ12: 1 | BK12: 1 | BL12: 2 | BM12: 2 | BN12: 3 | BO12: 3 | BP12: 2 | BQ12: 2 | BR12: 3 | BS12: 3 | BT12: 3 | BU12: 3 | BV12: 3 | BW12: 2 | BX12: 2 | BY12: 2 | BZ12: 2 | CA12: 2 | CB12: 2 | CC12: 2 | CD12: 2 | CE12: 3 | CF12: 2 | CG12: 2 | CH12: 2 | CI12: 2 | CJ12: 2 | CK12: 2 | CL12: 3 | CM12: 2 | CN12: 3 | CO12: 2 | CP12: 3 | CQ12: 2 | CR12: 3 | CS12: 2 | CT12: 3 | CU12: 3 | CV12: 3 | CW12: 3 | CX12: 3 | CY12: 3 | CZ12: 2 | DA12: 3 | DB12: 3 | DC12: 3 | DD12: 2 | DE12: 3 | DF12: 2 | DG12: 2 | DJ12: 11 | DK12: 3 | DL12: 3 | DM12: 3 | DN12: 3 | DO12: 2 | DP12: 2 | DQ12: 2 | DR12: 3 | DS12: 2 | DT12: 2 | DU12: 2 | DV12: 2 | DW12: 2 | DX12: 2 | DY12: 2 | DZ12: 2 | EA12: 2 | EB12: 2 | EC12: 2 | ED12: 2 | EE12: 2 | EF12: 2 | EG12: 2 | EH12: 2 | EI12: 2 | EJ12: 3 | EK12: 3 | EL12: 3 | EM12: 3 | EN12: 3 | EO12: 2 | EP12: 2 | EQ12: 2 | ER12: 2 | ES12: 3 | ET12: 3 | EU12: 3 | EV12: 3 | EW12: 3 | EX12: 3 | EY12: 3 | EZ12: 2 | FA12: 3 | FB12: 2 | FC12: 2 | FD12: 2 | FE12: 2 | FF12: 3 | FG12: 3 | FH12: 3 | FQ12: 11 | FR12: 1 | FS12: =MATCH(RAND(),INDEX(Q_,FR12,0)) -> 2 | FT12: =MATCH(RAND(),INDEX(Q_,FS12,0)) -> 2 | FU12: =MATCH(RAND(),INDEX(Q_,FT12,0)) -> 2 | FV12: =MATCH(RAND(),INDEX(Q_,FU12,0)) -> 3 | FW12: =MATCH(RAND(),INDEX(Q_,FV12,0)) -> 2 | FX12: =MATCH(RAND(),INDEX(Q_,FW12,0)) -> 2 | FY12: =MATCH(RAND(),INDEX(Q_,FX12,0)) -> 2 | FZ12: =MATCH(RAND(),INDEX(Q_,FY12,0)) -> 2 | ... HP12: =MATCH(RAND(),INDEX(Q_,HO12,0)) -> 2 | HQ12: =IF(ISNUMBER(MATCH(3,FS12:HP12,0)),MATCH(3,FS12:HP12,0),51) -> 4 | HS12: 11 | HT12: 3 | HU12: =MATCH(RAND(),INDEX(Q_,HT12,0)) -> 2 | HV12: =MATCH(RAND(),INDEX(Q_,HU12,0)) -> 2 | HW12: =MATCH(RAND(),INDEX(Q_,HV12,0)) -> 2 | HX12: =MATCH(RAND(),INDEX(Q_,HW12,0)) -> 2 | HY12: =MATCH(RAND(),INDEX(Q_,HX12,0)) -> 2 | HZ12: =MATCH(RAND(),INDEX(Q_,HY12,0)) -> 3 | IA12: =MATCH(RAND(),INDEX(Q_,HZ12,0)) -> 2 | IB12: =MATCH(RAND(),INDEX(Q_,IA12,0)) -> 2 | ... JR12: =MATCH(RAND(),INDEX(Q_,JQ12,0)) -> 3 | JS12: =IF(ISNUMBER(MATCH(1,HU12:JR12,0)),MATCH(1,HU12:JR12,0),51) -> 17
B13: F0 | C13: 0 | D13: 0.5 | E13: =C10+D10 -> 0.5 | F13: =C10+D10+E10 -> 1 | H13: 12 | I13: 3 | J13: 3 | K13: 2 | L13: 2 | M13: 1 | N13: 2 | O13: 2 | P13: 3 | Q13: 3 | R13: 1 | S13: 2 | T13: 2 | U13: 2 | V13: 2 | W13: 2 | X13: 2 | Y13: 3 | Z13: 2 | AA13: 2 | AB13: 2 | AC13: 3 | AD13: 2 | AE13: 1 | AF13: 2 | AG13: 2 | AH13: 1 | AI13: 2 | AJ13: 3 | AK13: 2 | AL13: 1 | AM13: 3 | AN13: 2 | AO13: 2 | AP13: 2 | AQ13: 2 | AR13: 3 | AS13: 2 | AT13: 2 | AU13: 2 | AV13: 3 | AW13: 3 | AX13: 2 | AY13: 2 | AZ13: 3 | BA13: 3 | BB13: 2 | BC13: 3 | BD13: 2 | BE13: 3 | BF13: 2 | BI13: 12 | BJ13: 1 | BK13: 1 | BL13: 1 | BM13: 1 | BN13: 2 | BO13: 2 | BP13: 2 | BQ13: 2 | BR13: 2 | BS13: 2 | BT13: 2 | BU13: 2 | BV13: 2 | BW13: 2 | BX13: 2 | BY13: 2 | BZ13: 3 | CA13: 3 | CB13: 2 | CC13: 2 | CD13: 3 | CE13: 3 | CF13: 2 | CG13: 3 | CH13: 3 | CI13: 2 | CJ13: 2 | CK13: 2 | CL13: 2 | CM13: 3 | CN13: 2 | CO13: 3 | CP13: 3 | CQ13: 2 | CR13: 2 | CS13: 3 | CT13: 2 | CU13: 2 | CV13: 2 | CW13: 2 | CX13: 2 | CY13: 2 | CZ13: 2 | DA13: 3 | DB13: 3 | DC13: 3 | DD13: 2 | DE13: 2 | DF13: 2 | DG13: 2 | DJ13: 12 | DK13: 3 | DL13: 3 | DM13: 3 | DN13: 2 | DO13: 2 | DP13: 2 | DQ13: 2 | DR13: 2 | DS13: 2 | DT13: 2 | DU13: 3 | DV13: 3 | DW13: 2 | DX13: 2 | DY13: 3 | DZ13: 3 | EA13: 3 | EB13: 3 | EC13: 2 | ED13: 3 | EE13: 3 | EF13: 2 | EG13: 2 | EH13: 2 | EI13: 2 | EJ13: 2 | EK13: 3 | EL13: 3 | EM13: 3 | EN13: 3 | EO13: 3 | EP13: 1 | EQ13: 2 | ER13: 2 | ES13: 3 | ET13: 3 | EU13: 3 | EV13: 2 | EW13: 2 | EX13: 3 | EY13: 2 | EZ13: 2 | FA13: 1 | FB13: 1 | FC13: 1 | FD13: 2 | FE13: 2 | FF13: 2 | FG13: 2 | FH13: 2 | FQ13: 12 | FR13: 1 | FS13: =MATCH(RAND(),INDEX(Q_,FR13,0)) -> 1 | FT13: =MATCH(RAND(),INDEX(Q_,FS13,0)) -> 1 | FU13: =MATCH(RAND(),INDEX(Q_,FT13,0)) -> 1 | FV13: =MATCH(RAND(),INDEX(Q_,FU13,0)) -> 1 | FW13: =MATCH(RAND(),INDEX(Q_,FV13,0)) -> 1 | FX13: =MATCH(RAND(),INDEX(Q_,FW13,0)) -> 3 | FY13: =MATCH(RAND(),INDEX(Q_,FX13,0)) -> 1 | FZ13: =MATCH(RAND(),INDEX(Q_,FY13,0)) -> 3 | ... HP13: =MATCH(RAND(),INDEX(Q_,HO13,0)) -> 3 | HQ13: =IF(ISNUMBER(MATCH(3,FS13:HP13,0)),MATCH(3,FS13:HP13,0),51) -> 6 | HS13: 12 | HT13: 3 | HU13: =MATCH(RAND(),INDEX(Q_,HT13,0)) -> 3 | HV13: =MATCH(RAND(),INDEX(Q_,HU13,0)) -> 2 | HW13: =MATCH(RAND(),INDEX(Q_,HV13,0)) -> 2 | HX13: =MATCH(RAND(),INDEX(Q_,HW13,0)) -> 3 | HY13: =MATCH(RAND(),INDEX(Q_,HX13,0)) -> 3 | HZ13: =MATCH(RAND(),INDEX(Q_,HY13,0)) -> 3 | IA13: =MATCH(RAND(),INDEX(Q_,HZ13,0)) -> 2 | IB13: =MATCH(RAND(),INDEX(Q_,IA13,0)) -> 2 | ... JR13: =MATCH(RAND(),INDEX(Q_,JQ13,0)) -> 3 | JS13: =IF(ISNUMBER(MATCH(1,HU13:JR13,0)),MATCH(1,HU13:JR13,0),51) -> 25
C14: 0 | D14: 1 | E14: =C11+D11 -> 1 | F14: =C11+D11+E11 -> 1 | H14: 13 | I14: 1 | J14: 1 | K14: 3 | L14: 2 | M14: 2 | N14: 3 | O14: 2 | P14: 2 | Q14: 2 | R14: 3 | S14: 2 | T14: 2 | U14: 2 | V14: 2 | W14: 2 | X14: 2 | Y14: 2 | Z14: 2 | AA14: 2 | AB14: 2 | AC14: 2 | AD14: 2 | AE14: 3 | AF14: 2 | AG14: 2 | AH14: 2 | AI14: 1 | AJ14: 2 | AK14: 2 | AL14: 2 | AM14: 1 | AN14: 1 | AO14: 1 | AP14: 1 | AQ14: 2 | AR14: 3 | AS14: 3 | AT14: 2 | AU14: 3 | AV14: 2 | AW14: 3 | AX14: 2 | AY14: 2 | AZ14: 2 | BA14: 2 | BB14: 2 | BC14: 3 | BD14: 3 | BE14: 3 | BF14: 3 | BI14: 13 | BJ14: 1 | BK14: 1 | BL14: 2 | BM14: 2 | BN14: 2 | BO14: 2 | BP14: 2 | BQ14: 2 | BR14: 3 | BS14: 3 | BT14: 3 | BU14: 2 | BV14: 2 | BW14: 2 | BX14: 2 | BY14: 2 | BZ14: 2 | CA14: 2 | CB14: 3 | CC14: 3 | CD14: 3 | CE14: 2 | CF14: 3 | CG14: 3 | CH14: 3 | CI14: 3 | CJ14: 3 | CK14: 2 | CL14: 2 | CM14: 2 | CN14: 3 | CO14: 1 | CP14: 1 | CQ14: 1 | CR14: 2 | CS14: 2 | CT14: 2 | CU14: 2 | CV14: 2 | CW14: 2 | CX14: 3 | CY14: 2 | CZ14: 2 | DA14: 2 | DB14: 2 | DC14: 1 | DD14: 1 | DE14: 2 | DF14: 2 | DG14: 3 | DJ14: 13 | DK14: 3 | DL14: 3 | DM14: 3 | DN14: 2 | DO14: 2 | DP14: 2 | DQ14: 2 | DR14: 2 | DS14: 3 | DT14: 2 | DU14: 3 | DV14: 2 | DW14: 3 | DX14: 2 | DY14: 2 | DZ14: 2 | EA14: 1 | EB14: 2 | EC14: 1 | ED14: 1 | EE14: 3 | EF14: 2 | EG14: 2 | EH14: 2 | EI14: 3 | EJ14: 3 | EK14: 2 | EL14: 3 | EM14: 2 | EN14: 2 | EO14: 2 | EP14: 2 | EQ14: 2 | ER14: 2 | ES14: 3 | ET14: 3 | EU14: 2 | EV14: 2 | EW14: 2 | EX14: 2 | EY14: 2 | EZ14: 2 | FA14: 3 | FB14: 2 | FC14: 2 | FD14: 2 | FE14: 2 | FF14: 2 | FG14: 2 | FH14: 2 | FQ14: 13 | FR14: 1 | FS14: =MATCH(RAND(),INDEX(Q_,FR14,0)) -> 2 | FT14: =MATCH(RAND(),INDEX(Q_,FS14,0)) -> 2 | FU14: =MATCH(RAND(),INDEX(Q_,FT14,0)) -> 2 | FV14: =MATCH(RAND(),INDEX(Q_,FU14,0)) -> 2 | FW14: =MATCH(RAND(),INDEX(Q_,FV14,0)) -> 2 | FX14: =MATCH(RAND(),INDEX(Q_,FW14,0)) -> 2 | FY14: =MATCH(RAND(),INDEX(Q_,FX14,0)) -> 2 | FZ14: =MATCH(RAND(),INDEX(Q_,FY14,0)) -> 2 | ... HP14: =MATCH(RAND(),INDEX(Q_,HO14,0)) -> 2 | HQ14: =IF(ISNUMBER(MATCH(3,FS14:HP14,0)),MATCH(3,FS14:HP14,0),51) -> 10 | HS14: 13 | HT14: 3 | HU14: =MATCH(RAND(),INDEX(Q_,HT14,0)) -> 3 | HV14: =MATCH(RAND(),INDEX(Q_,HU14,0)) -> 3 | HW14: =MATCH(RAND(),INDEX(Q_,HV14,0)) -> 2 | HX14: =MATCH(RAND(),INDEX(Q_,HW14,0)) -> 3 | HY14: =MATCH(RAND(),INDEX(Q_,HX14,0)) -> 3 | HZ14: =MATCH(RAND(),INDEX(Q_,HY14,0)) -> 2 | IA14: =MATCH(RAND(),INDEX(Q_,HZ14,0)) -> 3 | IB14: =MATCH(RAND(),INDEX(Q_,IA14,0)) -> 2 | ... JR14: =MATCH(RAND(),INDEX(Q_,JQ14,0)) -> 2 | JS14: =IF(ISNUMBER(MATCH(1,HU14:JR14,0)),MATCH(1,HU14:JR14,0),51) -> 51
C15: 0 | D15: 0 | E15: =C12+D12 -> 0 | F15: =C12+D12+E12 -> 1 | H15: 14 | I15: 1 | J15: 1 | K15: 1 | L15: 2 | M15: 2 | N15: 2 | O15: 2 | P15: 2 | Q15: 2 | R15: 2 | S15: 2 | T15: 3 | U15: 2 | V15: 2 | W15: 2 | X15: 2 | Y15: 3 | Z15: 3 | AA15: 2 | AB15: 2 | AC15: 3 | AD15: 2 | AE15: 3 | AF15: 2 | AG15: 2 | AH15: 2 | AI15: 3 | AJ15: 2 | AK15: 2 | AL15: 3 | AM15: 3 | AN15: 2 | AO15: 2 | AP15: 3 | AQ15: 3 | AR15: 3 | AS15: 2 | AT15: 2 | AU15: 2 | AV15: 2 | AW15: 3 | AX15: 2 | AY15: 2 | AZ15: 2 | BA15: 3 | BB15: 3 | BC15: 3 | BD15: 3 | BE15: 3 | BF15: 2 | BI15: 14 | BJ15: 1 | BK15: 2 | BL15: 2 | BM15: 2 | BN15: 2 | BO15: 2 | BP15: 2 | BQ15: 2 | BR15: 2 | BS15: 2 | BT15: 3 | BU15: 2 | BV15: 2 | BW15: 2 | BX15: 3 | BY15: 2 | BZ15: 2 | CA15: 2 | CB15: 2 | CC15: 2 | CD15: 1 | CE15: 1 | CF15: 2 | CG15: 2 | CH15: 2 | CI15: 2 | CJ15: 2 | CK15: 3 | CL15: 2 | CM15: 2 | CN15: 2 | CO15: 2 | CP15: 2 | CQ15: 3 | CR15: 3 | CS15: 2 | CT15: 1 | CU15: 1 | CV15: 1 | CW15: 1 | CX15: 3 | CY15: 2 | CZ15: 2 | DA15: 2 | DB15: 1 | DC15: 1 | DD15: 2 | DE15: 2 | DF15: 3 | DG15: 2 | DJ15: 14 | DK15: 3 | DL15: 3 | DM15: 2 | DN15: 3 | DO15: 3 | DP15: 3 | DQ15: 3 | DR15: 2 | DS15: 2 | DT15: 2 | DU15: 2 | DV15: 3 | DW15: 2 | DX15: 2 | DY15: 3 | DZ15: 2 | EA15: 2 | EB15: 3 | EC15: 3 | ED15: 3 | EE15: 2 | EF15: 2 | EG15: 2 | EH15: 2 | EI15: 2 | EJ15: 2 | EK15: 3 | EL15: 3 | EM15: 3 | EN15: 2 | EO15: 2 | EP15: 2 | EQ15: 2 | ER15: 3 | ES15: 2 | ET15: 2 | EU15: 2 | EV15: 3 | EW15: 3 | EX15: 3 | EY15: 3 | EZ15: 2 | FA15: 1 | FB15: 1 | FC15: 1 | FD15: 1 | FE15: 2 | FF15: 2 | FG15: 2 | FH15: 2 | FQ15: 14 | FR15: 1 | FS15: =MATCH(RAND(),INDEX(Q_,FR15,0)) -> 1 | FT15: =MATCH(RAND(),INDEX(Q_,FS15,0)) -> 1 | FU15: =MATCH(RAND(),INDEX(Q_,FT15,0)) -> 2 | FV15: =MATCH(RAND(),INDEX(Q_,FU15,0)) -> 2 | FW15: =MATCH(RAND(),INDEX(Q_,FV15,0)) -> 2 | FX15: =MATCH(RAND(),INDEX(Q_,FW15,0)) -> 3 | FY15: =MATCH(RAND(),INDEX(Q_,FX15,0)) -> 3 | FZ15: =MATCH(RAND(),INDEX(Q_,FY15,0)) -> 2 | ... HP15: =MATCH(RAND(),INDEX(Q_,HO15,0)) -> 2 | HQ15: =IF(ISNUMBER(MATCH(3,FS15:HP15,0)),MATCH(3,FS15:HP15,0),51) -> 6 | HS15: 14 | HT15: 3 | HU15: =MATCH(RAND(),INDEX(Q_,HT15,0)) -> 3 | HV15: =MATCH(RAND(),INDEX(Q_,HU15,0)) -> 3 | HW15: =MATCH(RAND(),INDEX(Q_,HV15,0)) -> 3 | HX15: =MATCH(RAND(),INDEX(Q_,HW15,0)) -> 3 | HY15: =MATCH(RAND(),INDEX(Q_,HX15,0)) -> 3 | HZ15: =MATCH(RAND(),INDEX(Q_,HY15,0)) -> 2 | IA15: =MATCH(RAND(),INDEX(Q_,HZ15,0)) -> 3 | IB15: =MATCH(RAND(),INDEX(Q_,IA15,0)) -> 2 | ... JR15: =MATCH(RAND(),INDEX(Q_,JQ15,0)) -> 3 | JS15: =IF(ISNUMBER(MATCH(1,HU15:JR15,0)),MATCH(1,HU15:JR15,0),51) -> 30
B16: T | C16: 50 | H16: 15 | I16: 1 | J16: 2 | K16: 3 | L16: 3 | M16: 2 | N16: 2 | O16: 2 | P16: 2 | Q16: 2 | R16: 2 | S16: 2 | T16: 2 | U16: 2 | V16: 3 | W16: 2 | X16: 2 | Y16: 2 | Z16: 2 | AA16: 2 | AB16: 2 | AC16: 2 | AD16: 2 | AE16: 3 | AF16: 2 | AG16: 2 | AH16: 3 | AI16: 3 | AJ16: 2 | AK16: 2 | AL16: 2 | AM16: 3 | AN16: 2 | AO16: 2 | AP16: 3 | AQ16: 2 | AR16: 2 | AS16: 1 | AT16: 2 | AU16: 1 | AV16: 1 | AW16: 2 | AX16: 2 | AY16: 3 | AZ16: 2 | BA16: 2 | BB16: 2 | BC16: 3 | BD16: 3 | BE16: 3 | BF16: 3 | BI16: 15 | BJ16: 1 | BK16: 3 | BL16: 3 | BM16: 2 | BN16: 2 | BO16: 2 | BP16: 3 | BQ16: 3 | BR16: 2 | BS16: 2 | BT16: 2 | BU16: 2 | BV16: 1 | BW16: 1 | BX16: 1 | BY16: 2 | BZ16: 2 | CA16: 2 | CB16: 2 | CC16: 3 | CD16: 3 | CE16: 2 | CF16: 3 | CG16: 3 | CH16: 2 | CI16: 3 | CJ16: 3 | CK16: 2 | CL16: 2 | CM16: 3 | CN16: 3 | CO16: 3 | CP16: 2 | CQ16: 3 | CR16: 2 | CS16: 3 | CT16: 2 | CU16: 1 | CV16: 1 | CW16: 2 | CX16: 2 | CY16: 2 | CZ16: 2 | DA16: 3 | DB16: 2 | DC16: 2 | DD16: 3 | DE16: 3 | DF16: 3 | DG16: 3 | DJ16: 15 | DK16: 3 | DL16: 3 | DM16: 3 | DN16: 2 | DO16: 2 | DP16: 2 | DQ16: 2 | DR16: 3 | DS16: 2 | DT16: 3 | DU16: 3 | DV16: 3 | DW16: 2 | DX16: 3 | DY16: 2 | DZ16: 2 | EA16: 2 | EB16: 3 | EC16: 2 | ED16: 3 | EE16: 2 | EF16: 2 | EG16: 2 | EH16: 2 | EI16: 2 | EJ16: 2 | EK16: 2 | EL16: 1 | EM16: 1 | EN16: 3 | EO16: 3 | EP16: 2 | EQ16: 3 | ER16: 3 | ES16: 2 | ET16: 2 | EU16: 3 | EV16: 2 | EW16: 2 | EX16: 2 | EY16: 3 | EZ16: 2 | FA16: 2 | FB16: 2 | FC16: 2 | FD16: 2 | FE16: 2 | FF16: 2 | FG16: 2 | FH16: 3 | FQ16: 15 | FR16: 1 | FS16: =MATCH(RAND(),INDEX(Q_,FR16,0)) -> 2 | FT16: =MATCH(RAND(),INDEX(Q_,FS16,0)) -> 2 | FU16: =MATCH(RAND(),INDEX(Q_,FT16,0)) -> 2 | FV16: =MATCH(RAND(),INDEX(Q_,FU16,0)) -> 2 | FW16: =MATCH(RAND(),INDEX(Q_,FV16,0)) -> 2 | FX16: =MATCH(RAND(),INDEX(Q_,FW16,0)) -> 3 | FY16: =MATCH(RAND(),INDEX(Q_,FX16,0)) -> 3 | FZ16: =MATCH(RAND(),INDEX(Q_,FY16,0)) -> 2 | ... HP16: =MATCH(RAND(),INDEX(Q_,HO16,0)) -> 2 | HQ16: =IF(ISNUMBER(MATCH(3,FS16:HP16,0)),MATCH(3,FS16:HP16,0),51) -> 6 | HS16: 15 | HT16: 3 | HU16: =MATCH(RAND(),INDEX(Q_,HT16,0)) -> 3 | HV16: =MATCH(RAND(),INDEX(Q_,HU16,0)) -> 3 | HW16: =MATCH(RAND(),INDEX(Q_,HV16,0)) -> 3 | HX16: =MATCH(RAND(),INDEX(Q_,HW16,0)) -> 3 | HY16: =MATCH(RAND(),INDEX(Q_,HX16,0)) -> 2 | HZ16: =MATCH(RAND(),INDEX(Q_,HY16,0)) -> 2 | IA16: =MATCH(RAND(),INDEX(Q_,HZ16,0)) -> 2 | IB16: =MATCH(RAND(),INDEX(Q_,IA16,0)) -> 2 | ... JR16: =MATCH(RAND(),INDEX(Q_,JQ16,0)) -> 3 | JS16: =IF(ISNUMBER(MATCH(1,HU16:JR16,0)),MATCH(1,HU16:JR16,0),51) -> 38
B17: N2 | C17: 1000 | H17: 16 | I17: 1 | J17: 2 | K17: 2 | L17: 2 | M17: 2 | N17: 2 | O17: 3 | P17: 3 | Q17: 2 | R17: 3 | S17: 3 | T17: 2 | U17: 2 | V17: 2 | W17: 2 | X17: 2 | Y17: 1 | Z17: 2 | AA17: 3 | AB17: 2 | AC17: 2 | AD17: 2 | AE17: 1 | AF17: 2 | AG17: 3 | AH17: 3 | AI17: 2 | AJ17: 2 | AK17: 2 | AL17: 3 | AM17: 2 | AN17: 3 | AO17: 2 | AP17: 3 | AQ17: 3 | AR17: 2 | AS17: 2 | AT17: 2 | AU17: 2 | AV17: 2 | AW17: 2 | AX17: 3 | AY17: 3 | AZ17: 3 | BA17: 3 | BB17: 3 | BC17: 3 | BD17: 2 | BE17: 2 | BF17: 2 | BI17: 16 | BJ17: 1 | BK17: 3 | BL17: 3 | BM17: 3 | BN17: 3 | BO17: 2 | BP17: 2 | BQ17: 2 | BR17: 3 | BS17: 2 | BT17: 2 | BU17: 2 | BV17: 2 | BW17: 2 | BX17: 3 | BY17: 3 | BZ17: 3 | CA17: 3 | CB17: 2 | CC17: 2 | CD17: 3 | CE17: 2 | CF17: 2 | CG17: 2 | CH17: 2 | CI17: 3 | CJ17: 3 | CK17: 2 | CL17: 3 | CM17: 3 | CN17: 2 | CO17: 2 | CP17: 2 | CQ17: 2 | CR17: 2 | CS17: 2 | CT17: 3 | CU17: 3 | CV17: 2 | CW17: 2 | CX17: 3 | CY17: 3 | CZ17: 2 | DA17: 2 | DB17: 2 | DC17: 2 | DD17: 2 | DE17: 2 | DF17: 2 | DG17: 2 | DJ17: 16 | DK17: 3 | DL17: 2 | DM17: 3 | DN17: 2 | DO17: 2 | DP17: 2 | DQ17: 1 | DR17: 2 | DS17: 2 | DT17: 1 | DU17: 1 | DV17: 2 | DW17: 2 | DX17: 2 | DY17: 3 | DZ17: 3 | EA17: 2 | EB17: 3 | EC17: 3 | ED17: 2 | EE17: 3 | EF17: 3 | EG17: 3 | EH17: 2 | EI17: 2 | EJ17: 2 | EK17: 2 | EL17: 2 | EM17: 2 | EN17: 1 | EO17: 1 | EP17: 2 | EQ17: 2 | ER17: 2 | ES17: 2 | ET17: 2 | EU17: 2 | EV17: 3 | EW17: 2 | EX17: 3 | EY17: 3 | EZ17: 3 | FA17: 2 | FB17: 2 | FC17: 2 | FD17: 2 | FE17: 2 | FF17: 3 | FG17: 2 | FH17: 2 | FQ17: 16 | FR17: 1 | FS17: =MATCH(RAND(),INDEX(Q_,FR17,0)) -> 2 | FT17: =MATCH(RAND(),INDEX(Q_,FS17,0)) -> 2 | FU17: =MATCH(RAND(),INDEX(Q_,FT17,0)) -> 2 | FV17: =MATCH(RAND(),INDEX(Q_,FU17,0)) -> 2 | FW17: =MATCH(RAND(),INDEX(Q_,FV17,0)) -> 2 | FX17: =MATCH(RAND(),INDEX(Q_,FW17,0)) -> 3 | FY17: =MATCH(RAND(),INDEX(Q_,FX17,0)) -> 3 | FZ17: =MATCH(RAND(),INDEX(Q_,FY17,0)) -> 3 | ... HP17: =MATCH(RAND(),INDEX(Q_,HO17,0)) -> 3 | HQ17: =IF(ISNUMBER(MATCH(3,FS17:HP17,0)),MATCH(3,FS17:HP17,0),51) -> 6 | HS17: 16 | HT17: 3 | HU17: =MATCH(RAND(),INDEX(Q_,HT17,0)) -> 2 | HV17: =MATCH(RAND(),INDEX(Q_,HU17,0)) -> 2 | HW17: =MATCH(RAND(),INDEX(Q_,HV17,0)) -> 2 | HX17: =MATCH(RAND(),INDEX(Q_,HW17,0)) -> 3 | HY17: =MATCH(RAND(),INDEX(Q_,HX17,0)) -> 2 | HZ17: =MATCH(RAND(),INDEX(Q_,HY17,0)) -> 2 | IA17: =MATCH(RAND(),INDEX(Q_,HZ17,0)) -> 2 | IB17: =MATCH(RAND(),INDEX(Q_,IA17,0)) -> 2 | ... JR17: =MATCH(RAND(),INDEX(Q_,JQ17,0)) -> 2 | JS17: =IF(ISNUMBER(MATCH(1,HU17:JR17,0)),MATCH(1,HU17:JR17,0),51) -> 17
H18: 17 | I18: 3 | J18: 3 | K18: 3 | L18: 2 | M18: 2 | N18: 3 | O18: 3 | P18: 2 | Q18: 3 | R18: 2 | S18: 2 | T18: 2 | U18: 2 | V18: 2 | W18: 2 | X18: 3 | Y18: 3 | Z18: 2 | AA18: 3 | AB18: 3 | AC18: 2 | AD18: 2 | AE18: 2 | AF18: 2 | AG18: 2 | AH18: 2 | AI18: 2 | AJ18: 2 | AK18: 3 | AL18: 3 | AM18: 2 | AN18: 2 | AO18: 3 | AP18: 3 | AQ18: 2 | AR18: 3 | AS18: 3 | AT18: 2 | AU18: 2 | AV18: 3 | AW18: 2 | AX18: 2 | AY18: 2 | AZ18: 2 | BA18: 2 | BB18: 2 | BC18: 2 | BD18: 2 | BE18: 2 | BF18: 3 | BI18: 17 | BJ18: 1 | BK18: 1 | BL18: 2 | BM18: 2 | BN18: 2 | BO18: 2 | BP18: 2 | BQ18: 2 | BR18: 2 | BS18: 2 | BT18: 2 | BU18: 2 | BV18: 3 | BW18: 2 | BX18: 2 | BY18: 2 | BZ18: 1 | CA18: 1 | CB18: 2 | CC18: 3 | CD18: 2 | CE18: 3 | CF18: 2 | CG18: 2 | CH18: 2 | CI18: 2 | CJ18: 2 | CK18: 2 | CL18: 2 | CM18: 3 | CN18: 3 | CO18: 2 | CP18: 3 | CQ18: 2 | CR18: 2 | CS18: 2 | CT18: 2 | CU18: 2 | CV18: 2 | CW18: 3 | CX18: 3 | CY18: 2 | CZ18: 2 | DA18: 2 | DB18: 2 | DC18: 3 | DD18: 3 | DE18: 2 | DF18: 2 | DG18: 3 | DJ18: 17 | DK18: 3 | DL18: 3 | DM18: 3 | DN18: 3 | DO18: 3 | DP18: 2 | DQ18: 2 | DR18: 2 | DS18: 3 | DT18: 3 | DU18: 2 | DV18: 2 | DW18: 2 | DX18: 2 | DY18: 3 | DZ18: 2 | EA18: 3 | EB18: 2 | EC18: 2 | ED18: 2 | EE18: 3 | EF18: 2 | EG18: 1 | EH18: 2 | EI18: 2 | EJ18: 2 | EK18: 2 | EL18: 2 | EM18: 3 | EN18: 3 | EO18: 2 | EP18: 1 | EQ18: 1 | ER18: 2 | ES18: 2 | ET18: 2 | EU18: 3 | EV18: 2 | EW18: 2 | EX18: 2 | EY18: 1 | EZ18: 2 | FA18: 2 | FB18: 2 | FC18: 2 | FD18: 2 | FE18: 2 | FF18: 2 | FG18: 2 | FH18: 3 | FQ18: 17 | FR18: 1 | FS18: =MATCH(RAND(),INDEX(Q_,FR18,0)) -> 2 | FT18: =MATCH(RAND(),INDEX(Q_,FS18,0)) -> 2 | FU18: =MATCH(RAND(),INDEX(Q_,FT18,0)) -> 3 | FV18: =MATCH(RAND(),INDEX(Q_,FU18,0)) -> 2 | FW18: =MATCH(RAND(),INDEX(Q_,FV18,0)) -> 2 | FX18: =MATCH(RAND(),INDEX(Q_,FW18,0)) -> 3 | FY18: =MATCH(RAND(),INDEX(Q_,FX18,0)) -> 2 | FZ18: =MATCH(RAND(),INDEX(Q_,FY18,0)) -> 2 | ... HP18: =MATCH(RAND(),INDEX(Q_,HO18,0)) -> 3 | HQ18: =IF(ISNUMBER(MATCH(3,FS18:HP18,0)),MATCH(3,FS18:HP18,0),51) -> 3 | HS18: 17 | HT18: 3 | HU18: =MATCH(RAND(),INDEX(Q_,HT18,0)) -> 2 | HV18: =MATCH(RAND(),INDEX(Q_,HU18,0)) -> 3 | HW18: =MATCH(RAND(),INDEX(Q_,HV18,0)) -> 2 | HX18: =MATCH(RAND(),INDEX(Q_,HW18,0)) -> 2 | HY18: =MATCH(RAND(),INDEX(Q_,HX18,0)) -> 2 | HZ18: =MATCH(RAND(),INDEX(Q_,HY18,0)) -> 2 | IA18: =MATCH(RAND(),INDEX(Q_,HZ18,0)) -> 2 | IB18: =MATCH(RAND(),INDEX(Q_,IA18,0)) -> 2 | ... JR18: =MATCH(RAND(),INDEX(Q_,JQ18,0)) -> 3 | JS18: =IF(ISNUMBER(MATCH(1,HU18:JR18,0)),MATCH(1,HU18:JR18,0),51) -> 51
H19: 18 | I19: 1 | J19: 1 | K19: 1 | L19: 2 | M19: 1 | N19: 2 | O19: 2 | P19: 2 | Q19: 3 | R19: 3 | S19: 3 | T19: 2 | U19: 3 | V19: 3 | W19: 3 | X19: 3 | Y19: 3 | Z19: 2 | AA19: 2 | AB19: 2 | AC19: 3 | AD19: 2 | AE19: 2 | AF19: 2 | AG19: 2 | AH19: 2 | AI19: 2 | AJ19: 2 | AK19: 2 | AL19: 3 | AM19: 3 | AN19: 2 | AO19: 2 | AP19: 3 | AQ19: 2 | AR19: 2 | AS19: 2 | AT19: 2 | AU19: 3 | AV19: 3 | AW19: 2 | AX19: 2 | AY19: 3 | AZ19: 3 | BA19: 2 | BB19: 2 | BC19: 2 | BD19: 2 | BE19: 2 | BF19: 3 | BI19: 18 | BJ19: 1 | BK19: 2 | BL19: 2 | BM19: 2 | BN19: 2 | BO19: 2 | BP19: 2 | BQ19: 2 | BR19: 2 | BS19: 3 | BT19: 2 | BU19: 2 | BV19: 2 | BW19: 2 | BX19: 2 | BY19: 2 | BZ19: 1 | CA19: 2 | CB19: 2 | CC19: 3 | CD19: 3 | CE19: 1 | CF19: 2 | CG19: 3 | CH19: 2 | CI19: 2 | CJ19: 2 | CK19: 2 | CL19: 3 | CM19: 3 | CN19: 3 | CO19: 3 | CP19: 3 | CQ19: 3 | CR19: 3 | CS19: 2 | CT19: 2 | CU19: 2 | CV19: 2 | CW19: 2 | CX19: 2 | CY19: 2 | CZ19: 2 | DA19: 2 | DB19: 3 | DC19: 2 | DD19: 2 | DE19: 3 | DF19: 3 | DG19: 1 | DJ19: 18 | DK19: 3 | DL19: 2 | DM19: 2 | DN19: 2 | DO19: 2 | DP19: 3 | DQ19: 1 | DR19: 2 | DS19: 3 | DT19: 3 | DU19: 3 | DV19: 3 | DW19: 2 | DX19: 2 | DY19: 2 | DZ19: 3 | EA19: 3 | EB19: 2 | EC19: 3 | ED19: 2 | EE19: 2 | EF19: 2 | EG19: 2 | EH19: 2 | EI19: 2 | EJ19: 2 | EK19: 2 | EL19: 2 | EM19: 2 | EN19: 2 | EO19: 2 | EP19: 2 | EQ19: 2 | ER19: 2 | ES19: 3 | ET19: 2 | EU19: 2 | EV19: 2 | EW19: 3 | EX19: 2 | EY19: 2 | EZ19: 2 | FA19: 2 | FB19: 2 | FC19: 2 | FD19: 2 | FE19: 2 | FF19: 2 | FG19: 2 | FH19: 2 | FQ19: 18 | FR19: 1 | FS19: =MATCH(RAND(),INDEX(Q_,FR19,0)) -> 2 | FT19: =MATCH(RAND(),INDEX(Q_,FS19,0)) -> 3 | FU19: =MATCH(RAND(),INDEX(Q_,FT19,0)) -> 3 | FV19: =MATCH(RAND(),INDEX(Q_,FU19,0)) -> 3 | FW19: =MATCH(RAND(),INDEX(Q_,FV19,0)) -> 3 | FX19: =MATCH(RAND(),INDEX(Q_,FW19,0)) -> 2 | FY19: =MATCH(RAND(),INDEX(Q_,FX19,0)) -> 3 | FZ19: =MATCH(RAND(),INDEX(Q_,FY19,0)) -> 3 | ... HP19: =MATCH(RAND(),INDEX(Q_,HO19,0)) -> 3 | HQ19: =IF(ISNUMBER(MATCH(3,FS19:HP19,0)),MATCH(3,FS19:HP19,0),51) -> 2 | HS19: 18 | HT19: 3 | HU19: =MATCH(RAND(),INDEX(Q_,HT19,0)) -> 2 | HV19: =MATCH(RAND(),INDEX(Q_,HU19,0)) -> 3 | HW19: =MATCH(RAND(),INDEX(Q_,HV19,0)) -> 3 | HX19: =MATCH(RAND(),INDEX(Q_,HW19,0)) -> 3 | HY19: =MATCH(RAND(),INDEX(Q_,HX19,0)) -> 2 | HZ19: =MATCH(RAND(),INDEX(Q_,HY19,0)) -> 3 | IA19: =MATCH(RAND(),INDEX(Q_,HZ19,0)) -> 3 | IB19: =MATCH(RAND(),INDEX(Q_,IA19,0)) -> 3 | ... JR19: =MATCH(RAND(),INDEX(Q_,JQ19,0)) -> 3 | JS19: =IF(ISNUMBER(MATCH(1,HU19:JR19,0)),MATCH(1,HU19:JR19,0),51) -> 51
A20: QUESTION GUIDE — analytical purpose of each output block | H20: 19 | I20: 1 | J20: 1 | K20: 1 | L20: 1 | M20: 2 | N20: 2 | O20: 2 | P20: 2 | Q20: 2 | R20: 2 | S20: 2 | T20: 2 | U20: 2 | V20: 2 | W20: 2 | X20: 2 | Y20: 3 | Z20: 3 | AA20: 2 | AB20: 2 | AC20: 2 | AD20: 2 | AE20: 2 | AF20: 2 | AG20: 2 | AH20: 2 | AI20: 2 | AJ20: 2 | AK20: 2 | AL20: 2 | AM20: 2 | AN20: 2 | AO20: 2 | AP20: 2 | AQ20: 2 | AR20: 2 | AS20: 2 | AT20: 2 | AU20: 3 | AV20: 3 | AW20: 2 | AX20: 2 | AY20: 2 | AZ20: 2 | BA20: 2 | BB20: 1 | BC20: 1 | BD20: 1 | BE20: 2 | BF20: 2 | BI20: 19 | BJ20: 1 | BK20: 1 | BL20: 1 | BM20: 2 | BN20: 2 | BO20: 2 | BP20: 2 | BQ20: 2 | BR20: 2 | BS20: 2 | BT20: 2 | BU20: 3 | BV20: 2 | BW20: 3 | BX20: 3 | BY20: 3 | BZ20: 3 | CA20: 3 | CB20: 3 | CC20: 2 | CD20: 2 | CE20: 3 | CF20: 2 | CG20: 3 | CH20: 2 | CI20: 2 | CJ20: 2 | CK20: 2 | CL20: 3 | CM20: 2 | CN20: 3 | CO20: 2 | CP20: 3 | CQ20: 3 | CR20: 2 | CS20: 3 | CT20: 2 | CU20: 2 | CV20: 2 | CW20: 1 | CX20: 2 | CY20: 2 | CZ20: 2 | DA20: 2 | DB20: 2 | DC20: 2 | DD20: 2 | DE20: 1 | DF20: 2 | DG20: 2 | DJ20: 19 | DK20: 3 | DL20: 3 | DM20: 3 | DN20: 3 | DO20: 3 | DP20: 3 | DQ20: 2 | DR20: 2 | DS20: 2 | DT20: 2 | DU20: 2 | DV20: 1 | DW20: 2 | DX20: 2 | DY20: 2 | DZ20: 2 | EA20: 3 | EB20: 2 | EC20: 2 | ED20: 1 | EE20: 1 | EF20: 1 | EG20: 2 | EH20: 2 | EI20: 2 | EJ20: 2 | EK20: 2 | EL20: 2 | EM20: 2 | EN20: 2 | EO20: 2 | EP20: 1 | EQ20: 2 | ER20: 2 | ES20: 2 | ET20: 3 | EU20: 2 | EV20: 2 | EW20: 2 | EX20: 3 | EY20: 3 | EZ20: 2 | FA20: 2 | FB20: 2 | FC20: 3 | FD20: 3 | FE20: 3 | FF20: 2 | FG20: 2 | FH20: 2 | FK20: When f0=[1,0,0] | FQ20: 19 | FR20: 1 | FS20: =MATCH(RAND(),INDEX(Q_,FR20,0)) -> 2 | FT20: =MATCH(RAND(),INDEX(Q_,FS20,0)) -> 3 | FU20: =MATCH(RAND(),INDEX(Q_,FT20,0)) -> 3 | FV20: =MATCH(RAND(),INDEX(Q_,FU20,0)) -> 2 | FW20: =MATCH(RAND(),INDEX(Q_,FV20,0)) -> 3 | FX20: =MATCH(RAND(),INDEX(Q_,FW20,0)) -> 2 | FY20: =MATCH(RAND(),INDEX(Q_,FX20,0)) -> 3 | FZ20: =MATCH(RAND(),INDEX(Q_,FY20,0)) -> 2 | ... HP20: =MATCH(RAND(),INDEX(Q_,HO20,0)) -> 3 | HQ20: =IF(ISNUMBER(MATCH(3,FS20:HP20,0)),MATCH(3,FS20:HP20,0),51) -> 2 | HS20: 19 | HT20: 3 | HU20: =MATCH(RAND(),INDEX(Q_,HT20,0)) -> 3 | HV20: =MATCH(RAND(),INDEX(Q_,HU20,0)) -> 2 | HW20: =MATCH(RAND(),INDEX(Q_,HV20,0)) -> 3 | HX20: =MATCH(RAND(),INDEX(Q_,HW20,0)) -> 3 | HY20: =MATCH(RAND(),INDEX(Q_,HX20,0)) -> 2 | HZ20: =MATCH(RAND(),INDEX(Q_,HY20,0)) -> 2 | IA20: =MATCH(RAND(),INDEX(Q_,HZ20,0)) -> 3 | IB20: =MATCH(RAND(),INDEX(Q_,IA20,0)) -> 3 | ... JR20: =MATCH(RAND(),INDEX(Q_,JQ20,0)) -> 2 | JS20: =IF(ISNUMBER(MATCH(1,HU20:JR20,0)),MATCH(1,HU20:JR20,0),51) -> 51
A21: Q1 | B21: Long-run distribution | C21: Compare generation-50 shares under three starting populations; assess whether initial conditions matter in the long run. | H21: 20 | I21: 1 | J21: 2 | K21: 2 | L21: 2 | M21: 2 | N21: 2 | O21: 2 | P21: 2 | Q21: 2 | R21: 2 | S21: 3 | T21: 3 | U21: 3 | V21: 2 | W21: 2 | X21: 3 | Y21: 2 | Z21: 2 | AA21: 2 | AB21: 2 | AC21: 1 | AD21: 2 | AE21: 2 | AF21: 2 | AG21: 2 | AH21: 2 | AI21: 2 | AJ21: 2 | AK21: 3 | AL21: 2 | AM21: 2 | AN21: 2 | AO21: 2 | AP21: 3 | AQ21: 2 | AR21: 2 | AS21: 2 | AT21: 2 | AU21: 2 | AV21: 2 | AW21: 2 | AX21: 3 | AY21: 2 | AZ21: 3 | BA21: 3 | BB21: 2 | BC21: 3 | BD21: 3 | BE21: 2 | BF21: 3 | BI21: 20 | BJ21: 1 | BK21: 2 | BL21: 3 | BM21: 2 | BN21: 2 | BO21: 2 | BP21: 2 | BQ21: 3 | BR21: 2 | BS21: 3 | BT21: 3 | BU21: 2 | BV21: 2 | BW21: 2 | BX21: 2 | BY21: 3 | BZ21: 2 | CA21: 2 | CB21: 2 | CC21: 3 | CD21: 3 | CE21: 3 | CF21: 2 | CG21: 2 | CH21: 2 | CI21: 2 | CJ21: 2 | CK21: 2 | CL21: 2 | CM21: 2 | CN21: 2 | CO21: 3 | CP21: 2 | CQ21: 3 | CR21: 2 | CS21: 2 | CT21: 2 | CU21: 2 | CV21: 2 | CW21: 2 | CX21: 2 | CY21: 3 | CZ21: 3 | DA21: 2 | DB21: 2 | DC21: 3 | DD21: 2 | DE21: 3 | DF21: 2 | DG21: 3 | DJ21: 20 | DK21: 3 | DL21: 2 | DM21: 2 | DN21: 2 | DO21: 2 | DP21: 3 | DQ21: 1 | DR21: 1 | DS21: 2 | DT21: 2 | DU21: 2 | DV21: 2 | DW21: 2 | DX21: 3 | DY21: 2 | DZ21: 2 | EA21: 2 | EB21: 2 | EC21: 2 | ED21: 3 | EE21: 3 | EF21: 3 | EG21: 2 | EH21: 2 | EI21: 2 | EJ21: 2 | EK21: 2 | EL21: 2 | EM21: 2 | EN21: 2 | EO21: 1 | EP21: 1 | EQ21: 2 | ER21: 2 | ES21: 2 | ET21: 2 | EU21: 3 | EV21: 3 | EW21: 3 | EX21: 2 | EY21: 2 | EZ21: 2 | FA21: 3 | FB21: 2 | FC21: 3 | FD21: 3 | FE21: 1 | FF21: 2 | FG21: 3 | FH21: 2 | FK21: OUTPUT | FL21: class | FM21: frequency | FQ21: 20 | FR21: 1 | FS21: =MATCH(RAND(),INDEX(Q_,FR21,0)) -> 1 | FT21: =MATCH(RAND(),INDEX(Q_,FS21,0)) -> 1 | FU21: =MATCH(RAND(),INDEX(Q_,FT21,0)) -> 1 | FV21: =MATCH(RAND(),INDEX(Q_,FU21,0)) -> 3 | FW21: =MATCH(RAND(),INDEX(Q_,FV21,0)) -> 2 | FX21: =MATCH(RAND(),INDEX(Q_,FW21,0)) -> 2 | FY21: =MATCH(RAND(),INDEX(Q_,FX21,0)) -> 3 | FZ21: =MATCH(RAND(),INDEX(Q_,FY21,0)) -> 3 | ... HP21: =MATCH(RAND(),INDEX(Q_,HO21,0)) -> 3 | HQ21: =IF(ISNUMBER(MATCH(3,FS21:HP21,0)),MATCH(3,FS21:HP21,0),51) -> 4 | HS21: 20 | HT21: 3 | HU21: =MATCH(RAND(),INDEX(Q_,HT21,0)) -> 2 | HV21: =MATCH(RAND(),INDEX(Q_,HU21,0)) -> 2 | HW21: =MATCH(RAND(),INDEX(Q_,HV21,0)) -> 2 | HX21: =MATCH(RAND(),INDEX(Q_,HW21,0)) -> 2 | HY21: =MATCH(RAND(),INDEX(Q_,HX21,0)) -> 2 | HZ21: =MATCH(RAND(),INDEX(Q_,HY21,0)) -> 3 | IA21: =MATCH(RAND(),INDEX(Q_,HZ21,0)) -> 3 | IB21: =MATCH(RAND(),INDEX(Q_,IA21,0)) -> 3 | ... JR21: =MATCH(RAND(),INDEX(Q_,JQ21,0)) -> 2 | JS21: =IF(ISNUMBER(MATCH(1,HU21:JR21,0)),MATCH(1,HU21:JR21,0),51) -> 11
A22: Q2 | B22: Upper-level probability path | C22: Compare Adam (x0=Upper) and Cooper (x0=Lower) for P(Upper) in generations 1–10. | H22: 21 | I22: 3 | J22: 3 | K22: 3 | L22: 2 | M22: 2 | N22: 2 | O22: 2 | P22: 2 | Q22: 2 | R22: 2 | S22: 2 | T22: 2 | U22: 2 | V22: 2 | W22: 3 | X22: 3 | Y22: 2 | Z22: 2 | AA22: 2 | AB22: 2 | AC22: 2 | AD22: 2 | AE22: 2 | AF22: 2 | AG22: 2 | AH22: 2 | AI22: 3 | AJ22: 3 | AK22: 2 | AL22: 2 | AM22: 2 | AN22: 2 | AO22: 3 | AP22: 3 | AQ22: 3 | AR22: 3 | AS22: 3 | AT22: 2 | AU22: 2 | AV22: 2 | AW22: 2 | AX22: 2 | AY22: 3 | AZ22: 3 | BA22: 3 | BB22: 2 | BC22: 3 | BD22: 2 | BE22: 2 | BF22: 2 | BI22: 21 | BJ22: 1 | BK22: 2 | BL22: 3 | BM22: 2 | BN22: 3 | BO22: 3 | BP22: 2 | BQ22: 3 | BR22: 2 | BS22: 2 | BT22: 3 | BU22: 3 | BV22: 3 | BW22: 2 | BX22: 3 | BY22: 2 | BZ22: 2 | CA22: 3 | CB22: 2 | CC22: 2 | CD22: 2 | CE22: 2 | CF22: 2 | CG22: 2 | CH22: 2 | CI22: 3 | CJ22: 2 | CK22: 2 | CL22: 2 | CM22: 2 | CN22: 1 | CO22: 1 | CP22: 1 | CQ22: 3 | CR22: 3 | CS22: 3 | CT22: 2 | CU22: 2 | CV22: 2 | CW22: 2 | CX22: 2 | CY22: 2 | CZ22: 2 | DA22: 1 | DB22: 3 | DC22: 3 | DD22: 3 | DE22: 2 | DF22: 3 | DG22: 2 | DJ22: 21 | DK22: 3 | DL22: 3 | DM22: 3 | DN22: 2 | DO22: 2 | DP22: 3 | DQ22: 2 | DR22: 2 | DS22: 2 | DT22: 2 | DU22: 2 | DV22: 2 | DW22: 3 | DX22: 3 | DY22: 3 | DZ22: 2 | EA22: 2 | EB22: 1 | EC22: 2 | ED22: 2 | EE22: 2 | EF22: 3 | EG22: 2 | EH22: 3 | EI22: 2 | EJ22: 3 | EK22: 3 | EL22: 2 | EM22: 2 | EN22: 2 | EO22: 2 | EP22: 1 | EQ22: 2 | ER22: 2 | ES22: 2 | ET22: 3 | EU22: 2 | EV22: 2 | EW22: 2 | EX22: 2 | EY22: 2 | EZ22: 1 | FA22: 2 | FB22: 2 | FC22: 2 | FD22: 2 | FE22: 3 | FF22: 2 | FG22: 2 | FH22: 3 | FL22: 1 | FM22: =COUNTIF(DG2:DG1001,"=1")/N2_ -> 0.068 | FQ22: 21 | FR22: 1 | FS22: =MATCH(RAND(),INDEX(Q_,FR22,0)) -> 1 | FT22: =MATCH(RAND(),INDEX(Q_,FS22,0)) -> 1 | FU22: =MATCH(RAND(),INDEX(Q_,FT22,0)) -> 2 | FV22: =MATCH(RAND(),INDEX(Q_,FU22,0)) -> 3 | FW22: =MATCH(RAND(),INDEX(Q_,FV22,0)) -> 3 | FX22: =MATCH(RAND(),INDEX(Q_,FW22,0)) -> 2 | FY22: =MATCH(RAND(),INDEX(Q_,FX22,0)) -> 2 | FZ22: =MATCH(RAND(),INDEX(Q_,FY22,0)) -> 2 | ... HP22: =MATCH(RAND(),INDEX(Q_,HO22,0)) -> 1 | HQ22: =IF(ISNUMBER(MATCH(3,FS22:HP22,0)),MATCH(3,FS22:HP22,0),51) -> 4 | HS22: 21 | HT22: 3 | HU22: =MATCH(RAND(),INDEX(Q_,HT22,0)) -> 2 | HV22: =MATCH(RAND(),INDEX(Q_,HU22,0)) -> 2 | HW22: =MATCH(RAND(),INDEX(Q_,HV22,0)) -> 2 | HX22: =MATCH(RAND(),INDEX(Q_,HW22,0)) -> 2 | HY22: =MATCH(RAND(),INDEX(Q_,HX22,0)) -> 2 | HZ22: =MATCH(RAND(),INDEX(Q_,HY22,0)) -> 2 | IA22: =MATCH(RAND(),INDEX(Q_,HZ22,0)) -> 3 | IB22: =MATCH(RAND(),INDEX(Q_,IA22,0)) -> 3 | ... JR22: =MATCH(RAND(),INDEX(Q_,JQ22,0)) -> 2 | JS22: =IF(ISNUMBER(MATCH(1,HU22:JR22,0)),MATCH(1,HU22:JR22,0),51) -> 14
A23: Q3 | B23: First-passage time | C23: Estimate mean generations and 95% CIs for Adam first reaching Lower and Cooper first reaching Upper. | H23: 22 | I23: 1 | J23: 1 | K23: 2 | L23: 2 | M23: 1 | N23: 1 | O23: 2 | P23: 2 | Q23: 2 | R23: 2 | S23: 2 | T23: 3 | U23: 2 | V23: 2 | W23: 2 | X23: 2 | Y23: 2 | Z23: 2 | AA23: 3 | AB23: 3 | AC23: 2 | AD23: 2 | AE23: 2 | AF23: 2 | AG23: 2 | AH23: 2 | AI23: 2 | AJ23: 2 | AK23: 2 | AL23: 2 | AM23: 3 | AN23: 2 | AO23: 2 | AP23: 2 | AQ23: 2 | AR23: 2 | AS23: 2 | AT23: 3 | AU23: 2 | AV23: 3 | AW23: 3 | AX23: 2 | AY23: 3 | AZ23: 3 | BA23: 2 | BB23: 3 | BC23: 2 | BD23: 3 | BE23: 2 | BF23: 2 | BI23: 22 | BJ23: 1 | BK23: 3 | BL23: 3 | BM23: 3 | BN23: 3 | BO23: 2 | BP23: 2 | BQ23: 2 | BR23: 2 | BS23: 2 | BT23: 3 | BU23: 2 | BV23: 2 | BW23: 2 | BX23: 3 | BY23: 2 | BZ23: 3 | CA23: 3 | CB23: 3 | CC23: 3 | CD23: 3 | CE23: 3 | CF23: 3 | CG23: 3 | CH23: 2 | CI23: 2 | CJ23: 2 | CK23: 2 | CL23: 3 | CM23: 3 | CN23: 3 | CO23: 3 | CP23: 2 | CQ23: 3 | CR23: 3 | CS23: 2 | CT23: 1 | CU23: 1 | CV23: 1 | CW23: 2 | CX23: 3 | CY23: 3 | CZ23: 2 | DA23: 2 | DB23: 2 | DC23: 2 | DD23: 2 | DE23: 2 | DF23: 2 | DG23: 2 | DJ23: 22 | DK23: 3 | DL23: 2 | DM23: 3 | DN23: 3 | DO23: 2 | DP23: 2 | DQ23: 2 | DR23: 2 | DS23: 2 | DT23: 3 | DU23: 3 | DV23: 2 | DW23: 2 | DX23: 2 | DY23: 2 | DZ23: 2 | EA23: 2 | EB23: 3 | EC23: 3 | ED23: 3 | EE23: 2 | EF23: 2 | EG23: 2 | EH23: 2 | EI23: 2 | EJ23: 2 | EK23: 2 | EL23: 3 | EM23: 2 | EN23: 3 | EO23: 3 | EP23: 3 | EQ23: 2 | ER23: 3 | ES23: 2 | ET23: 3 | EU23: 3 | EV23: 3 | EW23: 2 | EX23: 2 | EY23: 2 | EZ23: 2 | FA23: 3 | FB23: 3 | FC23: 2 | FD23: 1 | FE23: 1 | FF23: 3 | FG23: 2 | FH23: 3 | FL23: 2 | FM23: =COUNTIF(DG2:DG1001,"=2")/N2_ -> 0.628 | FQ23: 22 | FR23: 1 | FS23: =MATCH(RAND(),INDEX(Q_,FR23,0)) -> 1 | FT23: =MATCH(RAND(),INDEX(Q_,FS23,0)) -> 2 | FU23: =MATCH(RAND(),INDEX(Q_,FT23,0)) -> 2 | FV23: =MATCH(RAND(),INDEX(Q_,FU23,0)) -> 2 | FW23: =MATCH(RAND(),INDEX(Q_,FV23,0)) -> 2 | FX23: =MATCH(RAND(),INDEX(Q_,FW23,0)) -> 2 | FY23: =MATCH(RAND(),INDEX(Q_,FX23,0)) -> 3 | FZ23: =MATCH(RAND(),INDEX(Q_,FY23,0)) -> 3 | ... HP23: =MATCH(RAND(),INDEX(Q_,HO23,0)) -> 3 | HQ23: =IF(ISNUMBER(MATCH(3,FS23:HP23,0)),MATCH(3,FS23:HP23,0),51) -> 7 | HS23: 22 | HT23: 3 | HU23: =MATCH(RAND(),INDEX(Q_,HT23,0)) -> 3 | HV23: =MATCH(RAND(),INDEX(Q_,HU23,0)) -> 2 | HW23: =MATCH(RAND(),INDEX(Q_,HV23,0)) -> 2 | HX23: =MATCH(RAND(),INDEX(Q_,HW23,0)) -> 2 | HY23: =MATCH(RAND(),INDEX(Q_,HX23,0)) -> 2 | HZ23: =MATCH(RAND(),INDEX(Q_,HY23,0)) -> 2 | IA23: =MATCH(RAND(),INDEX(Q_,HZ23,0)) -> 2 | IB23: =MATCH(RAND(),INDEX(Q_,IA23,0)) -> 1 | ... JR23: =MATCH(RAND(),INDEX(Q_,JQ23,0)) -> 3 | JS23: =IF(ISNUMBER(MATCH(1,HU23:JR23,0)),MATCH(1,HU23:JR23,0),51) -> 8
A24: Q4 | B24: Interpretation | C24: Use persistence, convergence, and directional asymmetry to discuss analytical and policy implications without making causal claims. | H24: 23 | I24: 3 | J24: 3 | K24: 3 | L24: 2 | M24: 2 | N24: 2 | O24: 2 | P24: 1 | Q24: 2 | R24: 2 | S24: 2 | T24: 2 | U24: 1 | V24: 1 | W24: 1 | X24: 1 | Y24: 2 | Z24: 2 | AA24: 3 | AB24: 2 | AC24: 3 | AD24: 2 | AE24: 2 | AF24: 2 | AG24: 2 | AH24: 3 | AI24: 2 | AJ24: 2 | AK24: 2 | AL24: 2 | AM24: 2 | AN24: 2 | AO24: 1 | AP24: 1 | AQ24: 1 | AR24: 1 | AS24: 1 | AT24: 1 | AU24: 2 | AV24: 2 | AW24: 2 | AX24: 2 | AY24: 2 | AZ24: 2 | BA24: 2 | BB24: 2 | BC24: 2 | BD24: 3 | BE24: 2 | BF24: 2 | BI24: 23 | BJ24: 1 | BK24: 1 | BL24: 1 | BM24: 1 | BN24: 2 | BO24: 2 | BP24: 3 | BQ24: 3 | BR24: 3 | BS24: 3 | BT24: 3 | BU24: 2 | BV24: 2 | BW24: 2 | BX24: 2 | BY24: 2 | BZ24: 3 | CA24: 3 | CB24: 2 | CC24: 2 | CD24: 2 | CE24: 2 | CF24: 3 | CG24: 3 | CH24: 2 | CI24: 2 | CJ24: 2 | CK24: 2 | CL24: 2 | CM24: 2 | CN24: 2 | CO24: 3 | CP24: 2 | CQ24: 2 | CR24: 2 | CS24: 2 | CT24: 2 | CU24: 2 | CV24: 2 | CW24: 3 | CX24: 3 | CY24: 3 | CZ24: 3 | DA24: 2 | DB24: 3 | DC24: 2 | DD24: 2 | DE24: 2 | DF24: 2 | DG24: 2 | DJ24: 23 | DK24: 3 | DL24: 2 | DM24: 2 | DN24: 3 | DO24: 3 | DP24: 3 | DQ24: 3 | DR24: 2 | DS24: 2 | DT24: 2 | DU24: 2 | DV24: 2 | DW24: 2 | DX24: 2 | DY24: 3 | DZ24: 2 | EA24: 2 | EB24: 2 | EC24: 3 | ED24: 2 | EE24: 3 | EF24: 3 | EG24: 2 | EH24: 3 | EI24: 2 | EJ24: 3 | EK24: 3 | EL24: 3 | EM24: 3 | EN24: 3 | EO24: 2 | EP24: 2 | EQ24: 2 | ER24: 3 | ES24: 2 | ET24: 2 | EU24: 2 | EV24: 1 | EW24: 1 | EX24: 2 | EY24: 3 | EZ24: 3 | FA24: 3 | FB24: 3 | FC24: 2 | FD24: 2 | FE24: 3 | FF24: 2 | FG24: 2 | FH24: 2 | FL24: 3 | FM24: =COUNTIF(DG2:DG1001,"=3")/N2_ -> 0.304 | FQ24: 23 | FR24: 1 | FS24: =MATCH(RAND(),INDEX(Q_,FR24,0)) -> 2 | FT24: =MATCH(RAND(),INDEX(Q_,FS24,0)) -> 2 | FU24: =MATCH(RAND(),INDEX(Q_,FT24,0)) -> 2 | FV24: =MATCH(RAND(),INDEX(Q_,FU24,0)) -> 2 | FW24: =MATCH(RAND(),INDEX(Q_,FV24,0)) -> 1 | FX24: =MATCH(RAND(),INDEX(Q_,FW24,0)) -> 3 | FY24: =MATCH(RAND(),INDEX(Q_,FX24,0)) -> 3 | FZ24: =MATCH(RAND(),INDEX(Q_,FY24,0)) -> 3 | ... HP24: =MATCH(RAND(),INDEX(Q_,HO24,0)) -> 3 | HQ24: =IF(ISNUMBER(MATCH(3,FS24:HP24,0)),MATCH(3,FS24:HP24,0),51) -> 6 | HS24: 23 | HT24: 3 | HU24: =MATCH(RAND(),INDEX(Q_,HT24,0)) -> 3 | HV24: =MATCH(RAND(),INDEX(Q_,HU24,0)) -> 2 | HW24: =MATCH(RAND(),INDEX(Q_,HV24,0)) -> 2 | HX24: =MATCH(RAND(),INDEX(Q_,HW24,0)) -> 2 | HY24: =MATCH(RAND(),INDEX(Q_,HX24,0)) -> 2 | HZ24: =MATCH(RAND(),INDEX(Q_,HY24,0)) -> 2 | IA24: =MATCH(RAND(),INDEX(Q_,HZ24,0)) -> 2 | IB24: =MATCH(RAND(),INDEX(Q_,IA24,0)) -> 2 | ... JR24: =MATCH(RAND(),INDEX(Q_,JQ24,0)) -> 3 | JS24: =IF(ISNUMBER(MATCH(1,HU24:JR24,0)),MATCH(1,HU24:JR24,0),51) -> 51
H25: 24 | I25: 3 | J25: 3 | K25: 2 | L25: 2 | M25: 2 | N25: 3 | O25: 3 | P25: 3 | Q25: 2 | R25: 3 | S25: 3 | T25: 2 | U25: 2 | V25: 2 | W25: 2 | X25: 2 | Y25: 2 | Z25: 3 | AA25: 3 | AB25: 1 | AC25: 2 | AD25: 3 | AE25: 2 | AF25: 2 | AG25: 1 | AH25: 2 | AI25: 2 | AJ25: 2 | AK25: 2 | AL25: 1 | AM25: 2 | AN25: 3 | AO25: 3 | AP25: 2 | AQ25: 2 | AR25: 2 | AS25: 2 | AT25: 2 | AU25: 2 | AV25: 2 | AW25: 2 | AX25: 1 | AY25: 2 | AZ25: 2 | BA25: 2 | BB25: 3 | BC25: 3 | BD25: 3 | BE25: 2 | BF25: 3 | BI25: 24 | BJ25: 1 | BK25: 1 | BL25: 2 | BM25: 2 | BN25: 3 | BO25: 3 | BP25: 2 | BQ25: 2 | BR25: 2 | BS25: 2 | BT25: 2 | BU25: 2 | BV25: 2 | BW25: 2 | BX25: 1 | BY25: 1 | BZ25: 3 | CA25: 3 | CB25: 2 | CC25: 3 | CD25: 3 | CE25: 2 | CF25: 3 | CG25: 2 | CH25: 2 | CI25: 2 | CJ25: 2 | CK25: 3 | CL25: 2 | CM25: 2 | CN25: 2 | CO25: 2 | CP25: 2 | CQ25: 3 | CR25: 2 | CS25: 2 | CT25: 2 | CU25: 2 | CV25: 2 | CW25: 3 | CX25: 2 | CY25: 2 | CZ25: 2 | DA25: 2 | DB25: 3 | DC25: 3 | DD25: 3 | DE25: 2 | DF25: 2 | DG25: 2 | DJ25: 24 | DK25: 3 | DL25: 2 | DM25: 2 | DN25: 2 | DO25: 2 | DP25: 2 | DQ25: 2 | DR25: 2 | DS25: 3 | DT25: 2 | DU25: 3 | DV25: 3 | DW25: 3 | DX25: 2 | DY25: 2 | DZ25: 2 | EA25: 2 | EB25: 3 | EC25: 3 | ED25: 2 | EE25: 2 | EF25: 2 | EG25: 3 | EH25: 3 | EI25: 3 | EJ25: 3 | EK25: 3 | EL25: 3 | EM25: 2 | EN25: 2 | EO25: 3 | EP25: 2 | EQ25: 1 | ER25: 3 | ES25: 2 | ET25: 2 | EU25: 2 | EV25: 3 | EW25: 3 | EX25: 2 | EY25: 2 | EZ25: 2 | FA25: 1 | FB25: 2 | FC25: 2 | FD25: 2 | FE25: 3 | FF25: 3 | FG25: 3 | FH25: 3 | FQ25: 24 | FR25: 1 | FS25: =MATCH(RAND(),INDEX(Q_,FR25,0)) -> 1 | FT25: =MATCH(RAND(),INDEX(Q_,FS25,0)) -> 1 | FU25: =MATCH(RAND(),INDEX(Q_,FT25,0)) -> 2 | FV25: =MATCH(RAND(),INDEX(Q_,FU25,0)) -> 2 | FW25: =MATCH(RAND(),INDEX(Q_,FV25,0)) -> 2 | FX25: =MATCH(RAND(),INDEX(Q_,FW25,0)) -> 2 | FY25: =MATCH(RAND(),INDEX(Q_,FX25,0)) -> 2 | FZ25: =MATCH(RAND(),INDEX(Q_,FY25,0)) -> 2 | ... HP25: =MATCH(RAND(),INDEX(Q_,HO25,0)) -> 2 | HQ25: =IF(ISNUMBER(MATCH(3,FS25:HP25,0)),MATCH(3,FS25:HP25,0),51) -> 9 | HS25: 24 | HT25: 3 | HU25: =MATCH(RAND(),INDEX(Q_,HT25,0)) -> 2 | HV25: =MATCH(RAND(),INDEX(Q_,HU25,0)) -> 2 | HW25: =MATCH(RAND(),INDEX(Q_,HV25,0)) -> 2 | HX25: =MATCH(RAND(),INDEX(Q_,HW25,0)) -> 2 | HY25: =MATCH(RAND(),INDEX(Q_,HX25,0)) -> 2 | HZ25: =MATCH(RAND(),INDEX(Q_,HY25,0)) -> 2 | IA25: =MATCH(RAND(),INDEX(Q_,HZ25,0)) -> 2 | IB25: =MATCH(RAND(),INDEX(Q_,IA25,0)) -> 2 | ... JR25: =MATCH(RAND(),INDEX(Q_,JQ25,0)) -> 2 | JS25: =IF(ISNUMBER(MATCH(1,HU25:JR25,0)),MATCH(1,HU25:JR25,0),51) -> 51
H26: 25 | I26: 3 | J26: 2 | K26: 2 | L26: 3 | M26: 3 | N26: 2 | O26: 2 | P26: 3 | Q26: 3 | R26: 3 | S26: 3 | T26: 2 | U26: 2 | V26: 2 | W26: 2 | X26: 2 | Y26: 2 | Z26: 2 | AA26: 2 | AB26: 2 | AC26: 2 | AD26: 1 | AE26: 1 | AF26: 2 | AG26: 2 | AH26: 2 | AI26: 2 | AJ26: 2 | AK26: 2 | AL26: 3 | AM26: 3 | AN26: 2 | AO26: 3 | AP26: 3 | AQ26: 2 | AR26: 3 | AS26: 2 | AT26: 3 | AU26: 2 | AV26: 2 | AW26: 1 | AX26: 2 | AY26: 2 | AZ26: 3 | BA26: 2 | BB26: 3 | BC26: 3 | BD26: 3 | BE26: 3 | BF26: 3 | BI26: 25 | BJ26: 1 | BK26: 1 | BL26: 1 | BM26: 3 | BN26: 2 | BO26: 3 | BP26: 3 | BQ26: 2 | BR26: 3 | BS26: 2 | BT26: 2 | BU26: 3 | BV26: 2 | BW26: 2 | BX26: 3 | BY26: 3 | BZ26: 3 | CA26: 3 | CB26: 2 | CC26: 3 | CD26: 2 | CE26: 2 | CF26: 2 | CG26: 2 | CH26: 2 | CI26: 2 | CJ26: 2 | CK26: 1 | CL26: 1 | CM26: 3 | CN26: 2 | CO26: 2 | CP26: 3 | CQ26: 2 | CR26: 3 | CS26: 3 | CT26: 3 | CU26: 3 | CV26: 1 | CW26: 2 | CX26: 2 | CY26: 2 | CZ26: 3 | DA26: 2 | DB26: 2 | DC26: 2 | DD26: 2 | DE26: 2 | DF26: 2 | DG26: 2 | DJ26: 25 | DK26: 3 | DL26: 3 | DM26: 2 | DN26: 1 | DO26: 3 | DP26: 3 | DQ26: 3 | DR26: 2 | DS26: 2 | DT26: 2 | DU26: 3 | DV26: 2 | DW26: 2 | DX26: 2 | DY26: 3 | DZ26: 2 | EA26: 2 | EB26: 2 | EC26: 3 | ED26: 3 | EE26: 3 | EF26: 2 | EG26: 3 | EH26: 3 | EI26: 2 | EJ26: 3 | EK26: 2 | EL26: 2 | EM26: 2 | EN26: 3 | EO26: 3 | EP26: 2 | EQ26: 3 | ER26: 2 | ES26: 2 | ET26: 2 | EU26: 3 | EV26: 2 | EW26: 2 | EX26: 3 | EY26: 2 | EZ26: 2 | FA26: 2 | FB26: 3 | FC26: 2 | FD26: 2 | FE26: 2 | FF26: 3 | FG26: 2 | FH26: 2 | FQ26: 25 | FR26: 1 | FS26: =MATCH(RAND(),INDEX(Q_,FR26,0)) -> 2 | FT26: =MATCH(RAND(),INDEX(Q_,FS26,0)) -> 2 | FU26: =MATCH(RAND(),INDEX(Q_,FT26,0)) -> 2 | FV26: =MATCH(RAND(),INDEX(Q_,FU26,0)) -> 2 | FW26: =MATCH(RAND(),INDEX(Q_,FV26,0)) -> 2 | FX26: =MATCH(RAND(),INDEX(Q_,FW26,0)) -> 3 | FY26: =MATCH(RAND(),INDEX(Q_,FX26,0)) -> 2 | FZ26: =MATCH(RAND(),INDEX(Q_,FY26,0)) -> 2 | ... HP26: =MATCH(RAND(),INDEX(Q_,HO26,0)) -> 3 | HQ26: =IF(ISNUMBER(MATCH(3,FS26:HP26,0)),MATCH(3,FS26:HP26,0),51) -> 6 | HS26: 25 | HT26: 3 | HU26: =MATCH(RAND(),INDEX(Q_,HT26,0)) -> 2 | HV26: =MATCH(RAND(),INDEX(Q_,HU26,0)) -> 2 | HW26: =MATCH(RAND(),INDEX(Q_,HV26,0)) -> 3 | HX26: =MATCH(RAND(),INDEX(Q_,HW26,0)) -> 2 | HY26: =MATCH(RAND(),INDEX(Q_,HX26,0)) -> 2 | HZ26: =MATCH(RAND(),INDEX(Q_,HY26,0)) -> 2 | IA26: =MATCH(RAND(),INDEX(Q_,HZ26,0)) -> 3 | IB26: =MATCH(RAND(),INDEX(Q_,IA26,0)) -> 2 | ... JR26: =MATCH(RAND(),INDEX(Q_,JQ26,0)) -> 2 | JS26: =IF(ISNUMBER(MATCH(1,HU26:JR26,0)),MATCH(1,HU26:JR26,0),51) -> 15
H27: 26 | I27: 1 | J27: 1 | K27: 1 | L27: 2 | M27: 3 | N27: 2 | O27: 2 | P27: 3 | Q27: 3 | R27: 2 | S27: 2 | T27: 2 | U27: 3 | V27: 3 | W27: 2 | X27: 2 | Y27: 2 | Z27: 3 | AA27: 2 | AB27: 2 | AC27: 3 | AD27: 3 | AE27: 3 | AF27: 2 | AG27: 2 | AH27: 2 | AI27: 3 | AJ27: 3 | AK27: 2 | AL27: 2 | AM27: 2 | AN27: 2 | AO27: 3 | AP27: 3 | AQ27: 3 | AR27: 3 | AS27: 3 | AT27: 2 | AU27: 2 | AV27: 2 | AW27: 2 | AX27: 3 | AY27: 3 | AZ27: 3 | BA27: 3 | BB27: 3 | BC27: 3 | BD27: 3 | BE27: 2 | BF27: 2 | BI27: 26 | BJ27: 1 | BK27: 2 | BL27: 2 | BM27: 3 | BN27: 2 | BO27: 2 | BP27: 3 | BQ27: 2 | BR27: 1 | BS27: 1 | BT27: 2 | BU27: 2 | BV27: 2 | BW27: 1 | BX27: 2 | BY27: 2 | BZ27: 3 | CA27: 2 | CB27: 2 | CC27: 2 | CD27: 3 | CE27: 2 | CF27: 2 | CG27: 2 | CH27: 2 | CI27: 2 | CJ27: 2 | CK27: 3 | CL27: 3 | CM27: 3 | CN27: 2 | CO27: 2 | CP27: 2 | CQ27: 2 | CR27: 2 | CS27: 2 | CT27: 2 | CU27: 2 | CV27: 3 | CW27: 3 | CX27: 3 | CY27: 3 | CZ27: 1 | DA27: 1 | DB27: 2 | DC27: 2 | DD27: 2 | DE27: 2 | DF27: 3 | DG27: 3 | DJ27: 26 | DK27: 3 | DL27: 3 | DM27: 3 | DN27: 1 | DO27: 2 | DP27: 2 | DQ27: 2 | DR27: 1 | DS27: 3 | DT27: 2 | DU27: 2 | DV27: 2 | DW27: 3 | DX27: 2 | DY27: 2 | DZ27: 3 | EA27: 3 | EB27: 2 | EC27: 2 | ED27: 2 | EE27: 2 | EF27: 2 | EG27: 2 | EH27: 2 | EI27: 2 | EJ27: 2 | EK27: 2 | EL27: 2 | EM27: 2 | EN27: 2 | EO27: 2 | EP27: 2 | EQ27: 3 | ER27: 3 | ES27: 3 | ET27: 3 | EU27: 3 | EV27: 2 | EW27: 3 | EX27: 2 | EY27: 2 | EZ27: 2 | FA27: 2 | FB27: 2 | FC27: 3 | FD27: 3 | FE27: 2 | FF27: 2 | FG27: 1 | FH27: 2 | FQ27: 26 | FR27: 1 | FS27: =MATCH(RAND(),INDEX(Q_,FR27,0)) -> 2 | FT27: =MATCH(RAND(),INDEX(Q_,FS27,0)) -> 3 | FU27: =MATCH(RAND(),INDEX(Q_,FT27,0)) -> 3 | FV27: =MATCH(RAND(),INDEX(Q_,FU27,0)) -> 3 | FW27: =MATCH(RAND(),INDEX(Q_,FV27,0)) -> 2 | FX27: =MATCH(RAND(),INDEX(Q_,FW27,0)) -> 3 | FY27: =MATCH(RAND(),INDEX(Q_,FX27,0)) -> 3 | FZ27: =MATCH(RAND(),INDEX(Q_,FY27,0)) -> 3 | ... HP27: =MATCH(RAND(),INDEX(Q_,HO27,0)) -> 2 | HQ27: =IF(ISNUMBER(MATCH(3,FS27:HP27,0)),MATCH(3,FS27:HP27,0),51) -> 2 | HS27: 26 | HT27: 3 | HU27: =MATCH(RAND(),INDEX(Q_,HT27,0)) -> 3 | HV27: =MATCH(RAND(),INDEX(Q_,HU27,0)) -> 3 | HW27: =MATCH(RAND(),INDEX(Q_,HV27,0)) -> 2 | HX27: =MATCH(RAND(),INDEX(Q_,HW27,0)) -> 2 | HY27: =MATCH(RAND(),INDEX(Q_,HX27,0)) -> 2 | HZ27: =MATCH(RAND(),INDEX(Q_,HY27,0)) -> 2 | IA27: =MATCH(RAND(),INDEX(Q_,HZ27,0)) -> 3 | IB27: =MATCH(RAND(),INDEX(Q_,IA27,0)) -> 2 | ... JR27: =MATCH(RAND(),INDEX(Q_,JQ27,0)) -> 2 | JS27: =IF(ISNUMBER(MATCH(1,HU27:JR27,0)),MATCH(1,HU27:JR27,0),51) -> 51
H28: 27 | I28: 1 | J28: 3 | K28: 3 | L28: 3 | M28: 2 | N28: 2 | O28: 2 | P28: 3 | Q28: 3 | R28: 2 | S28: 2 | T28: 3 | U28: 3 | V28: 2 | W28: 2 | X28: 2 | Y28: 2 | Z28: 2 | AA28: 2 | AB28: 2 | AC28: 2 | AD28: 3 | AE28: 2 | AF28: 1 | AG28: 1 | AH28: 2 | AI28: 2 | AJ28: 3 | AK28: 3 | AL28: 3 | AM28: 2 | AN28: 2 | AO28: 3 | AP28: 3 | AQ28: 2 | AR28: 2 | AS28: 2 | AT28: 2 | AU28: 3 | AV28: 2 | AW28: 2 | AX28: 2 | AY28: 2 | AZ28: 2 | BA28: 2 | BB28: 2 | BC28: 2 | BD28: 2 | BE28: 2 | BF28: 3 | BI28: 27 | BJ28: 1 | BK28: 1 | BL28: 2 | BM28: 2 | BN28: 2 | BO28: 2 | BP28: 2 | BQ28: 1 | BR28: 1 | BS28: 1 | BT28: 2 | BU28: 2 | BV28: 3 | BW28: 2 | BX28: 2 | BY28: 2 | BZ28: 2 | CA28: 2 | CB28: 2 | CC28: 2 | CD28: 1 | CE28: 2 | CF28: 2 | CG28: 3 | CH28: 3 | CI28: 3 | CJ28: 3 | CK28: 3 | CL28: 2 | CM28: 3 | CN28: 2 | CO28: 2 | CP28: 2 | CQ28: 2 | CR28: 2 | CS28: 3 | CT28: 2 | CU28: 2 | CV28: 2 | CW28: 2 | CX28: 2 | CY28: 3 | CZ28: 3 | DA28: 2 | DB28: 3 | DC28: 2 | DD28: 2 | DE28: 2 | DF28: 2 | DG28: 2 | DJ28: 27 | DK28: 3 | DL28: 3 | DM28: 2 | DN28: 2 | DO28: 3 | DP28: 3 | DQ28: 2 | DR28: 3 | DS28: 3 | DT28: 3 | DU28: 3 | DV28: 3 | DW28: 3 | DX28: 2 | DY28: 3 | DZ28: 2 | EA28: 2 | EB28: 2 | EC28: 2 | ED28: 2 | EE28: 2 | EF28: 1 | EG28: 1 | EH28: 2 | EI28: 2 | EJ28: 3 | EK28: 3 | EL28: 3 | EM28: 3 | EN28: 3 | EO28: 3 | EP28: 3 | EQ28: 2 | ER28: 2 | ES28: 2 | ET28: 2 | EU28: 2 | EV28: 2 | EW28: 2 | EX28: 3 | EY28: 2 | EZ28: 3 | FA28: 3 | FB28: 3 | FC28: 2 | FD28: 2 | FE28: 2 | FF28: 2 | FG28: 3 | FH28: 3 | FQ28: 27 | FR28: 1 | FS28: =MATCH(RAND(),INDEX(Q_,FR28,0)) -> 1 | FT28: =MATCH(RAND(),INDEX(Q_,FS28,0)) -> 2 | FU28: =MATCH(RAND(),INDEX(Q_,FT28,0)) -> 3 | FV28: =MATCH(RAND(),INDEX(Q_,FU28,0)) -> 2 | FW28: =MATCH(RAND(),INDEX(Q_,FV28,0)) -> 3 | FX28: =MATCH(RAND(),INDEX(Q_,FW28,0)) -> 3 | FY28: =MATCH(RAND(),INDEX(Q_,FX28,0)) -> 2 | FZ28: =MATCH(RAND(),INDEX(Q_,FY28,0)) -> 3 | ... HP28: =MATCH(RAND(),INDEX(Q_,HO28,0)) -> 2 | HQ28: =IF(ISNUMBER(MATCH(3,FS28:HP28,0)),MATCH(3,FS28:HP28,0),51) -> 3 | HS28: 27 | HT28: 3 | HU28: =MATCH(RAND(),INDEX(Q_,HT28,0)) -> 3 | HV28: =MATCH(RAND(),INDEX(Q_,HU28,0)) -> 3 | HW28: =MATCH(RAND(),INDEX(Q_,HV28,0)) -> 3 | HX28: =MATCH(RAND(),INDEX(Q_,HW28,0)) -> 2 | HY28: =MATCH(RAND(),INDEX(Q_,HX28,0)) -> 2 | HZ28: =MATCH(RAND(),INDEX(Q_,HY28,0)) -> 3 | IA28: =MATCH(RAND(),INDEX(Q_,HZ28,0)) -> 2 | IB28: =MATCH(RAND(),INDEX(Q_,IA28,0)) -> 1 | ... JR28: =MATCH(RAND(),INDEX(Q_,JQ28,0)) -> 2 | JS28: =IF(ISNUMBER(MATCH(1,HU28:JR28,0)),MATCH(1,HU28:JR28,0),51) -> 8
H29: 28 | I29: 3 | J29: 3 | K29: 2 | L29: 3 | M29: 2 | N29: 2 | O29: 2 | P29: 2 | Q29: 2 | R29: 2 | S29: 3 | T29: 3 | U29: 3 | V29: 2 | W29: 2 | X29: 2 | Y29: 2 | Z29: 3 | AA29: 2 | AB29: 2 | AC29: 2 | AD29: 2 | AE29: 2 | AF29: 2 | AG29: 3 | AH29: 2 | AI29: 2 | AJ29: 3 | AK29: 3 | AL29: 3 | AM29: 3 | AN29: 3 | AO29: 2 | AP29: 2 | AQ29: 2 | AR29: 2 | AS29: 2 | AT29: 3 | AU29: 3 | AV29: 2 | AW29: 2 | AX29: 2 | AY29: 3 | AZ29: 3 | BA29: 3 | BB29: 2 | BC29: 2 | BD29: 2 | BE29: 3 | BF29: 2 | BI29: 28 | BJ29: 1 | BK29: 1 | BL29: 1 | BM29: 2 | BN29: 3 | BO29: 2 | BP29: 2 | BQ29: 1 | BR29: 2 | BS29: 3 | BT29: 2 | BU29: 3 | BV29: 2 | BW29: 2 | BX29: 2 | BY29: 3 | BZ29: 3 | CA29: 2 | CB29: 3 | CC29: 3 | CD29: 3 | CE29: 2 | CF29: 2 | CG29: 2 | CH29: 3 | CI29: 3 | CJ29: 3 | CK29: 2 | CL29: 3 | CM29: 2 | CN29: 3 | CO29: 2 | CP29: 2 | CQ29: 2 | CR29: 2 | CS29: 2 | CT29: 2 | CU29: 3 | CV29: 2 | CW29: 2 | CX29: 2 | CY29: 3 | CZ29: 2 | DA29: 2 | DB29: 2 | DC29: 3 | DD29: 2 | DE29: 2 | DF29: 2 | DG29: 1 | DJ29: 28 | DK29: 3 | DL29: 3 | DM29: 2 | DN29: 2 | DO29: 2 | DP29: 2 | DQ29: 2 | DR29: 3 | DS29: 2 | DT29: 2 | DU29: 2 | DV29: 2 | DW29: 2 | DX29: 2 | DY29: 2 | DZ29: 2 | EA29: 2 | EB29: 2 | EC29: 3 | ED29: 3 | EE29: 3 | EF29: 2 | EG29: 2 | EH29: 3 | EI29: 2 | EJ29: 2 | EK29: 1 | EL29: 2 | EM29: 2 | EN29: 2 | EO29: 2 | EP29: 2 | EQ29: 2 | ER29: 2 | ES29: 2 | ET29: 2 | EU29: 2 | EV29: 3 | EW29: 3 | EX29: 3 | EY29: 2 | EZ29: 2 | FA29: 3 | FB29: 2 | FC29: 2 | FD29: 1 | FE29: 1 | FF29: 1 | FG29: 2 | FH29: 3 | FQ29: 28 | FR29: 1 | FS29: =MATCH(RAND(),INDEX(Q_,FR29,0)) -> 2 | FT29: =MATCH(RAND(),INDEX(Q_,FS29,0)) -> 2 | FU29: =MATCH(RAND(),INDEX(Q_,FT29,0)) -> 3 | FV29: =MATCH(RAND(),INDEX(Q_,FU29,0)) -> 3 | FW29: =MATCH(RAND(),INDEX(Q_,FV29,0)) -> 2 | FX29: =MATCH(RAND(),INDEX(Q_,FW29,0)) -> 2 | FY29: =MATCH(RAND(),INDEX(Q_,FX29,0)) -> 2 | FZ29: =MATCH(RAND(),INDEX(Q_,FY29,0)) -> 2 | ... HP29: =MATCH(RAND(),INDEX(Q_,HO29,0)) -> 2 | HQ29: =IF(ISNUMBER(MATCH(3,FS29:HP29,0)),MATCH(3,FS29:HP29,0),51) -> 3 | HS29: 28 | HT29: 3 | HU29: =MATCH(RAND(),INDEX(Q_,HT29,0)) -> 3 | HV29: =MATCH(RAND(),INDEX(Q_,HU29,0)) -> 3 | HW29: =MATCH(RAND(),INDEX(Q_,HV29,0)) -> 2 | HX29: =MATCH(RAND(),INDEX(Q_,HW29,0)) -> 2 | HY29: =MATCH(RAND(),INDEX(Q_,HX29,0)) -> 2 | HZ29: =MATCH(RAND(),INDEX(Q_,HY29,0)) -> 3 | IA29: =MATCH(RAND(),INDEX(Q_,HZ29,0)) -> 3 | IB29: =MATCH(RAND(),INDEX(Q_,IA29,0)) -> 3 | ... JR29: =MATCH(RAND(),INDEX(Q_,JQ29,0)) -> 3 | JS29: =IF(ISNUMBER(MATCH(1,HU29:JR29,0)),MATCH(1,HU29:JR29,0),51) -> 16
H30: 29 | I30: 1 | J30: 2 | K30: 3 | L30: 3 | M30: 3 | N30: 3 | O30: 3 | P30: 2 | Q30: 2 | R30: 2 | S30: 2 | T30: 2 | U30: 3 | V30: 3 | W30: 2 | X30: 2 | Y30: 2 | Z30: 2 | AA30: 2 | AB30: 2 | AC30: 2 | AD30: 2 | AE30: 2 | AF30: 1 | AG30: 1 | AH30: 3 | AI30: 2 | AJ30: 1 | AK30: 3 | AL30: 3 | AM30: 2 | AN30: 2 | AO30: 2 | AP30: 2 | AQ30: 3 | AR30: 2 | AS30: 2 | AT30: 2 | AU30: 2 | AV30: 2 | AW30: 3 | AX30: 3 | AY30: 3 | AZ30: 3 | BA30: 2 | BB30: 2 | BC30: 2 | BD30: 2 | BE30: 2 | BF30: 3 | BI30: 29 | BJ30: 1 | BK30: 2 | BL30: 2 | BM30: 2 | BN30: 3 | BO30: 2 | BP30: 2 | BQ30: 3 | BR30: 2 | BS30: 3 | BT30: 2 | BU30: 2 | BV30: 3 | BW30: 2 | BX30: 2 | BY30: 2 | BZ30: 2 | CA30: 1 | CB30: 1 | CC30: 2 | CD30: 2 | CE30: 3 | CF30: 2 | CG30: 2 | CH30: 2 | CI30: 2 | CJ30: 3 | CK30: 2 | CL30: 2 | CM30: 2 | CN30: 2 | CO30: 2 | CP30: 2 | CQ30: 2 | CR30: 2 | CS30: 2 | CT30: 3 | CU30: 2 | CV30: 2 | CW30: 2 | CX30: 2 | CY30: 2 | CZ30: 2 | DA30: 2 | DB30: 2 | DC30: 3 | DD30: 3 | DE30: 3 | DF30: 2 | DG30: 2 | DJ30: 29 | DK30: 3 | DL30: 1 | DM30: 1 | DN30: 1 | DO30: 1 | DP30: 2 | DQ30: 2 | DR30: 3 | DS30: 3 | DT30: 2 | DU30: 2 | DV30: 2 | DW30: 3 | DX30: 3 | DY30: 2 | DZ30: 2 | EA30: 2 | EB30: 2 | EC30: 2 | ED30: 2 | EE30: 2 | EF30: 3 | EG30: 2 | EH30: 2 | EI30: 3 | EJ30: 3 | EK30: 3 | EL30: 3 | EM30: 3 | EN30: 2 | EO30: 2 | EP30: 2 | EQ30: 2 | ER30: 2 | ES30: 2 | ET30: 2 | EU30: 2 | EV30: 2 | EW30: 2 | EX30: 2 | EY30: 2 | EZ30: 2 | FA30: 2 | FB30: 3 | FC30: 3 | FD30: 2 | FE30: 2 | FF30: 3 | FG30: 3 | FH30: 3 | FQ30: 29 | FR30: 1 | FS30: =MATCH(RAND(),INDEX(Q_,FR30,0)) -> 1 | FT30: =MATCH(RAND(),INDEX(Q_,FS30,0)) -> 1 | FU30: =MATCH(RAND(),INDEX(Q_,FT30,0)) -> 1 | FV30: =MATCH(RAND(),INDEX(Q_,FU30,0)) -> 2 | FW30: =MATCH(RAND(),INDEX(Q_,FV30,0)) -> 2 | FX30: =MATCH(RAND(),INDEX(Q_,FW30,0)) -> 2 | FY30: =MATCH(RAND(),INDEX(Q_,FX30,0)) -> 2 | FZ30: =MATCH(RAND(),INDEX(Q_,FY30,0)) -> 3 | ... HP30: =MATCH(RAND(),INDEX(Q_,HO30,0)) -> 2 | HQ30: =IF(ISNUMBER(MATCH(3,FS30:HP30,0)),MATCH(3,FS30:HP30,0),51) -> 8 | HS30: 29 | HT30: 3 | HU30: =MATCH(RAND(),INDEX(Q_,HT30,0)) -> 2 | HV30: =MATCH(RAND(),INDEX(Q_,HU30,0)) -> 2 | HW30: =MATCH(RAND(),INDEX(Q_,HV30,0)) -> 2 | HX30: =MATCH(RAND(),INDEX(Q_,HW30,0)) -> 2 | HY30: =MATCH(RAND(),INDEX(Q_,HX30,0)) -> 2 | HZ30: =MATCH(RAND(),INDEX(Q_,HY30,0)) -> 2 | IA30: =MATCH(RAND(),INDEX(Q_,HZ30,0)) -> 2 | IB30: =MATCH(RAND(),INDEX(Q_,IA30,0)) -> 3 | ... JR30: =MATCH(RAND(),INDEX(Q_,JQ30,0)) -> 3 | JS30: =IF(ISNUMBER(MATCH(1,HU30:JR30,0)),MATCH(1,HU30:JR30,0),51) -> 12
H31: 30 | I31: 1 | J31: 2 | K31: 3 | L31: 3 | M31: 2 | N31: 2 | O31: 3 | P31: 3 | Q31: 2 | R31: 3 | S31: 3 | T31: 2 | U31: 2 | V31: 2 | W31: 2 | X31: 1 | Y31: 1 | Z31: 3 | AA31: 2 | AB31: 2 | AC31: 2 | AD31: 2 | AE31: 2 | AF31: 2 | AG31: 2 | AH31: 1 | AI31: 2 | AJ31: 3 | AK31: 3 | AL31: 2 | AM31: 3 | AN31: 3 | AO31: 2 | AP31: 2 | AQ31: 2 | AR31: 3 | AS31: 3 | AT31: 2 | AU31: 2 | AV31: 2 | AW31: 2 | AX31: 1 | AY31: 2 | AZ31: 3 | BA31: 2 | BB31: 2 | BC31: 2 | BD31: 2 | BE31: 2 | BF31: 3 | BI31: 30 | BJ31: 1 | BK31: 2 | BL31: 2 | BM31: 2 | BN31: 2 | BO31: 2 | BP31: 2 | BQ31: 3 | BR31: 3 | BS31: 3 | BT31: 3 | BU31: 2 | BV31: 2 | BW31: 3 | BX31: 2 | BY31: 2 | BZ31: 2 | CA31: 3 | CB31: 3 | CC31: 3 | CD31: 3 | CE31: 3 | CF31: 2 | CG31: 2 | CH31: 2 | CI31: 1 | CJ31: 2 | CK31: 2 | CL31: 3 | CM31: 3 | CN31: 1 | CO31: 1 | CP31: 2 | CQ31: 2 | CR31: 2 | CS31: 2 | CT31: 2 | CU31: 2 | CV31: 2 | CW31: 1 | CX31: 2 | CY31: 2 | CZ31: 2 | DA31: 2 | DB31: 3 | DC31: 2 | DD31: 3 | DE31: 2 | DF31: 3 | DG31: 3 | DJ31: 30 | DK31: 3 | DL31: 2 | DM31: 2 | DN31: 2 | DO31: 2 | DP31: 2 | DQ31: 2 | DR31: 2 | DS31: 3 | DT31: 2 | DU31: 2 | DV31: 3 | DW31: 2 | DX31: 2 | DY31: 3 | DZ31: 3 | EA31: 2 | EB31: 2 | EC31: 2 | ED31: 2 | EE31: 2 | EF31: 2 | EG31: 2 | EH31: 2 | EI31: 2 | EJ31: 2 | EK31: 2 | EL31: 3 | EM31: 2 | EN31: 2 | EO31: 3 | EP31: 3 | EQ31: 3 | ER31: 2 | ES31: 2 | ET31: 2 | EU31: 2 | EV31: 2 | EW31: 2 | EX31: 2 | EY31: 2 | EZ31: 2 | FA31: 3 | FB31: 2 | FC31: 2 | FD31: 2 | FE31: 2 | FF31: 3 | FG31: 2 | FH31: 2 | FQ31: 30 | FR31: 1 | FS31: =MATCH(RAND(),INDEX(Q_,FR31,0)) -> 1 | FT31: =MATCH(RAND(),INDEX(Q_,FS31,0)) -> 2 | FU31: =MATCH(RAND(),INDEX(Q_,FT31,0)) -> 2 | FV31: =MATCH(RAND(),INDEX(Q_,FU31,0)) -> 2 | FW31: =MATCH(RAND(),INDEX(Q_,FV31,0)) -> 2 | FX31: =MATCH(RAND(),INDEX(Q_,FW31,0)) -> 2 | FY31: =MATCH(RAND(),INDEX(Q_,FX31,0)) -> 2 | FZ31: =MATCH(RAND(),INDEX(Q_,FY31,0)) -> 2 | ... HP31: =MATCH(RAND(),INDEX(Q_,HO31,0)) -> 2 | HQ31: =IF(ISNUMBER(MATCH(3,FS31:HP31,0)),MATCH(3,FS31:HP31,0),51) -> 9 | HS31: 30 | HT31: 3 | HU31: =MATCH(RAND(),INDEX(Q_,HT31,0)) -> 1 | HV31: =MATCH(RAND(),INDEX(Q_,HU31,0)) -> 2 | HW31: =MATCH(RAND(),INDEX(Q_,HV31,0)) -> 2 | HX31: =MATCH(RAND(),INDEX(Q_,HW31,0)) -> 2 | HY31: =MATCH(RAND(),INDEX(Q_,HX31,0)) -> 2 | HZ31: =MATCH(RAND(),INDEX(Q_,HY31,0)) -> 2 | IA31: =MATCH(RAND(),INDEX(Q_,HZ31,0)) -> 1 | IB31: =MATCH(RAND(),INDEX(Q_,IA31,0)) -> 1 | ... JR31: =MATCH(RAND(),INDEX(Q_,JQ31,0)) -> 2 | JS31: =IF(ISNUMBER(MATCH(1,HU31:JR31,0)),MATCH(1,HU31:JR31,0),51) -> 1
H32: 31 | I32: 3 | J32: 3 | K32: 3 | L32: 2 | M32: 3 | N32: 2 | O32: 1 | P32: 1 | Q32: 1 | R32: 1 | S32: 1 | T32: 2 | U32: 3 | V32: 2 | W32: 2 | X32: 2 | Y32: 2 | Z32: 2 | AA32: 2 | AB32: 2 | AC32: 2 | AD32: 2 | AE32: 2 | AF32: 2 | AG32: 3 | AH32: 3 | AI32: 2 | AJ32: 2 | AK32: 3 | AL32: 3 | AM32: 3 | AN32: 2 | AO32: 2 | AP32: 2 | AQ32: 2 | AR32: 1 | AS32: 1 | AT32: 2 | AU32: 3 | AV32: 2 | AW32: 2 | AX32: 3 | AY32: 2 | AZ32: 2 | BA32: 2 | BB32: 2 | BC32: 2 | BD32: 2 | BE32: 3 | BF32: 3 | BI32: 31 | BJ32: 1 | BK32: 2 | BL32: 3 | BM32: 3 | BN32: 2 | BO32: 2 | BP32: 2 | BQ32: 3 | BR32: 2 | BS32: 2 | BT32: 3 | BU32: 3 | BV32: 3 | BW32: 3 | BX32: 3 | BY32: 2 | BZ32: 2 | CA32: 2 | CB32: 3 | CC32: 3 | CD32: 2 | CE32: 2 | CF32: 2 | CG32: 3 | CH32: 2 | CI32: 2 | CJ32: 2 | CK32: 2 | CL32: 2 | CM32: 2 | CN32: 2 | CO32: 3 | CP32: 3 | CQ32: 3 | CR32: 3 | CS32: 3 | CT32: 3 | CU32: 2 | CV32: 2 | CW32: 2 | CX32: 3 | CY32: 3 | CZ32: 2 | DA32: 2 | DB32: 2 | DC32: 2 | DD32: 2 | DE32: 2 | DF32: 2 | DG32: 2 | DJ32: 31 | DK32: 3 | DL32: 3 | DM32: 3 | DN32: 2 | DO32: 2 | DP32: 2 | DQ32: 2 | DR32: 2 | DS32: 2 | DT32: 3 | DU32: 2 | DV32: 2 | DW32: 2 | DX32: 3 | DY32: 3 | DZ32: 2 | EA32: 2 | EB32: 2 | EC32: 2 | ED32: 2 | EE32: 2 | EF32: 2 | EG32: 2 | EH32: 1 | EI32: 1 | EJ32: 2 | EK32: 3 | EL32: 2 | EM32: 2 | EN32: 2 | EO32: 2 | EP32: 2 | EQ32: 1 | ER32: 1 | ES32: 1 | ET32: 3 | EU32: 3 | EV32: 2 | EW32: 2 | EX32: 2 | EY32: 2 | EZ32: 2 | FA32: 3 | FB32: 3 | FC32: 2 | FD32: 2 | FE32: 2 | FF32: 2 | FG32: 2 | FH32: 3 | FQ32: 31 | FR32: 1 | FS32: =MATCH(RAND(),INDEX(Q_,FR32,0)) -> 1 | FT32: =MATCH(RAND(),INDEX(Q_,FS32,0)) -> 2 | FU32: =MATCH(RAND(),INDEX(Q_,FT32,0)) -> 2 | FV32: =MATCH(RAND(),INDEX(Q_,FU32,0)) -> 1 | FW32: =MATCH(RAND(),INDEX(Q_,FV32,0)) -> 2 | FX32: =MATCH(RAND(),INDEX(Q_,FW32,0)) -> 2 | FY32: =MATCH(RAND(),INDEX(Q_,FX32,0)) -> 2 | FZ32: =MATCH(RAND(),INDEX(Q_,FY32,0)) -> 3 | ... HP32: =MATCH(RAND(),INDEX(Q_,HO32,0)) -> 2 | HQ32: =IF(ISNUMBER(MATCH(3,FS32:HP32,0)),MATCH(3,FS32:HP32,0),51) -> 8 | HS32: 31 | HT32: 3 | HU32: =MATCH(RAND(),INDEX(Q_,HT32,0)) -> 2 | HV32: =MATCH(RAND(),INDEX(Q_,HU32,0)) -> 1 | HW32: =MATCH(RAND(),INDEX(Q_,HV32,0)) -> 2 | HX32: =MATCH(RAND(),INDEX(Q_,HW32,0)) -> 3 | HY32: =MATCH(RAND(),INDEX(Q_,HX32,0)) -> 2 | HZ32: =MATCH(RAND(),INDEX(Q_,HY32,0)) -> 2 | IA32: =MATCH(RAND(),INDEX(Q_,HZ32,0)) -> 3 | IB32: =MATCH(RAND(),INDEX(Q_,IA32,0)) -> 2 | ... JR32: =MATCH(RAND(),INDEX(Q_,JQ32,0)) -> 2 | JS32: =IF(ISNUMBER(MATCH(1,HU32:JR32,0)),MATCH(1,HU32:JR32,0),51) -> 2
H33: 32 | I33: 3 | J33: 3 | K33: 2 | L33: 2 | M33: 2 | N33: 2 | O33: 2 | P33: 1 | Q33: 2 | R33: 3 | S33: 2 | T33: 2 | U33: 2 | V33: 2 | W33: 3 | X33: 3 | Y33: 3 | Z33: 2 | AA33: 2 | AB33: 2 | AC33: 2 | AD33: 2 | AE33: 3 | AF33: 2 | AG33: 2 | AH33: 2 | AI33: 3 | AJ33: 2 | AK33: 1 | AL33: 1 | AM33: 1 | AN33: 1 | AO33: 1 | AP33: 1 | AQ33: 1 | AR33: 1 | AS33: 2 | AT33: 2 | AU33: 2 | AV33: 2 | AW33: 2 | AX33: 3 | AY33: 2 | AZ33: 2 | BA33: 2 | BB33: 3 | BC33: 3 | BD33: 3 | BE33: 2 | BF33: 2 | BI33: 32 | BJ33: 1 | BK33: 1 | BL33: 1 | BM33: 2 | BN33: 2 | BO33: 3 | BP33: 3 | BQ33: 3 | BR33: 3 | BS33: 3 | BT33: 3 | BU33: 3 | BV33: 3 | BW33: 2 | BX33: 3 | BY33: 2 | BZ33: 3 | CA33: 2 | CB33: 2 | CC33: 3 | CD33: 3 | CE33: 3 | CF33: 3 | CG33: 2 | CH33: 2 | CI33: 2 | CJ33: 3 | CK33: 2 | CL33: 3 | CM33: 3 | CN33: 2 | CO33: 2 | CP33: 2 | CQ33: 2 | CR33: 2 | CS33: 3 | CT33: 3 | CU33: 3 | CV33: 2 | CW33: 2 | CX33: 2 | CY33: 1 | CZ33: 2 | DA33: 1 | DB33: 2 | DC33: 2 | DD33: 3 | DE33: 2 | DF33: 3 | DG33: 2 | DJ33: 32 | DK33: 3 | DL33: 3 | DM33: 3 | DN33: 2 | DO33: 2 | DP33: 3 | DQ33: 2 | DR33: 2 | DS33: 2 | DT33: 2 | DU33: 2 | DV33: 2 | DW33: 2 | DX33: 2 | DY33: 3 | DZ33: 3 | EA33: 3 | EB33: 2 | EC33: 2 | ED33: 2 | EE33: 2 | EF33: 2 | EG33: 3 | EH33: 3 | EI33: 2 | EJ33: 3 | EK33: 3 | EL33: 3 | EM33: 3 | EN33: 3 | EO33: 2 | EP33: 2 | EQ33: 3 | ER33: 3 | ES33: 3 | ET33: 2 | EU33: 3 | EV33: 3 | EW33: 2 | EX33: 1 | EY33: 1 | EZ33: 2 | FA33: 3 | FB33: 3 | FC33: 3 | FD33: 1 | FE33: 1 | FF33: 2 | FG33: 2 | FH33: 2 | FQ33: 32 | FR33: 1 | FS33: =MATCH(RAND(),INDEX(Q_,FR33,0)) -> 2 | FT33: =MATCH(RAND(),INDEX(Q_,FS33,0)) -> 2 | FU33: =MATCH(RAND(),INDEX(Q_,FT33,0)) -> 3 | FV33: =MATCH(RAND(),INDEX(Q_,FU33,0)) -> 3 | FW33: =MATCH(RAND(),INDEX(Q_,FV33,0)) -> 2 | FX33: =MATCH(RAND(),INDEX(Q_,FW33,0)) -> 2 | FY33: =MATCH(RAND(),INDEX(Q_,FX33,0)) -> 3 | FZ33: =MATCH(RAND(),INDEX(Q_,FY33,0)) -> 2 | ... HP33: =MATCH(RAND(),INDEX(Q_,HO33,0)) -> 2 | HQ33: =IF(ISNUMBER(MATCH(3,FS33:HP33,0)),MATCH(3,FS33:HP33,0),51) -> 3 | HS33: 32 | HT33: 3 | HU33: =MATCH(RAND(),INDEX(Q_,HT33,0)) -> 3 | HV33: =MATCH(RAND(),INDEX(Q_,HU33,0)) -> 2 | HW33: =MATCH(RAND(),INDEX(Q_,HV33,0)) -> 2 | HX33: =MATCH(RAND(),INDEX(Q_,HW33,0)) -> 2 | HY33: =MATCH(RAND(),INDEX(Q_,HX33,0)) -> 2 | HZ33: =MATCH(RAND(),INDEX(Q_,HY33,0)) -> 2 | IA33: =MATCH(RAND(),INDEX(Q_,HZ33,0)) -> 2 | IB33: =MATCH(RAND(),INDEX(Q_,IA33,0)) -> 3 | ... JR33: =MATCH(RAND(),INDEX(Q_,JQ33,0)) -> 1 | JS33: =IF(ISNUMBER(MATCH(1,HU33:JR33,0)),MATCH(1,HU33:JR33,0),51) -> 10 | JV33: So as generations develop, the probability of being in upper class is the same no matter their starting social status
H34: 33 | I34: 1 | J34: 1 | K34: 2 | L34: 3 | M34: 2 | N34: 2 | O34: 2 | P34: 2 | Q34: 1 | R34: 1 | S34: 1 | T34: 3 | U34: 3 | V34: 3 | W34: 2 | X34: 2 | Y34: 3 | Z34: 2 | AA34: 3 | AB34: 3 | AC34: 3 | AD34: 3 | AE34: 3 | AF34: 3 | AG34: 2 | AH34: 1 | AI34: 1 | AJ34: 1 | AK34: 1 | AL34: 3 | AM34: 2 | AN34: 2 | AO34: 2 | AP34: 1 | AQ34: 1 | AR34: 2 | AS34: 2 | AT34: 3 | AU34: 3 | AV34: 3 | AW34: 2 | AX34: 2 | AY34: 2 | AZ34: 2 | BA34: 2 | BB34: 2 | BC34: 2 | BD34: 2 | BE34: 2 | BF34: 2 | BI34: 33 | BJ34: 1 | BK34: 1 | BL34: 1 | BM34: 2 | BN34: 2 | BO34: 2 | BP34: 3 | BQ34: 3 | BR34: 2 | BS34: 2 | BT34: 3 | BU34: 3 | BV34: 2 | BW34: 2 | BX34: 2 | BY34: 2 | BZ34: 3 | CA34: 3 | CB34: 3 | CC34: 2 | CD34: 2 | CE34: 2 | CF34: 2 | CG34: 2 | CH34: 2 | CI34: 3 | CJ34: 2 | CK34: 2 | CL34: 2 | CM34: 2 | CN34: 2 | CO34: 2 | CP34: 3 | CQ34: 3 | CR34: 3 | CS34: 2 | CT34: 3 | CU34: 2 | CV34: 2 | CW34: 3 | CX34: 2 | CY34: 2 | CZ34: 3 | DA34: 2 | DB34: 2 | DC34: 2 | DD34: 3 | DE34: 2 | DF34: 2 | DG34: 2 | DJ34: 33 | DK34: 3 | DL34: 1 | DM34: 1 | DN34: 2 | DO34: 3 | DP34: 2 | DQ34: 2 | DR34: 3 | DS34: 2 | DT34: 2 | DU34: 2 | DV34: 2 | DW34: 2 | DX34: 2 | DY34: 2 | DZ34: 1 | EA34: 3 | EB34: 3 | EC34: 2 | ED34: 2 | EE34: 2 | EF34: 3 | EG34: 2 | EH34: 2 | EI34: 2 | EJ34: 2 | EK34: 2 | EL34: 3 | EM34: 2 | EN34: 3 | EO34: 3 | EP34: 3 | EQ34: 2 | ER34: 2 | ES34: 3 | ET34: 3 | EU34: 2 | EV34: 2 | EW34: 2 | EX34: 3 | EY34: 2 | EZ34: 2 | FA34: 3 | FB34: 2 | FC34: 2 | FD34: 3 | FE34: 3 | FF34: 2 | FG34: 2 | FH34: 3 | FQ34: 33 | FR34: 1 | FS34: =MATCH(RAND(),INDEX(Q_,FR34,0)) -> 1 | FT34: =MATCH(RAND(),INDEX(Q_,FS34,0)) -> 2 | FU34: =MATCH(RAND(),INDEX(Q_,FT34,0)) -> 2 | FV34: =MATCH(RAND(),INDEX(Q_,FU34,0)) -> 2 | FW34: =MATCH(RAND(),INDEX(Q_,FV34,0)) -> 2 | FX34: =MATCH(RAND(),INDEX(Q_,FW34,0)) -> 3 | FY34: =MATCH(RAND(),INDEX(Q_,FX34,0)) -> 2 | FZ34: =MATCH(RAND(),INDEX(Q_,FY34,0)) -> 2 | ... HP34: =MATCH(RAND(),INDEX(Q_,HO34,0)) -> 1 | HQ34: =IF(ISNUMBER(MATCH(3,FS34:HP34,0)),MATCH(3,FS34:HP34,0),51) -> 6 | HS34: 33 | HT34: 3 | HU34: =MATCH(RAND(),INDEX(Q_,HT34,0)) -> 2 | HV34: =MATCH(RAND(),INDEX(Q_,HU34,0)) -> 2 | HW34: =MATCH(RAND(),INDEX(Q_,HV34,0)) -> 1 | HX34: =MATCH(RAND(),INDEX(Q_,HW34,0)) -> 2 | HY34: =MATCH(RAND(),INDEX(Q_,HX34,0)) -> 3 | HZ34: =MATCH(RAND(),INDEX(Q_,HY34,0)) -> 2 | IA34: =MATCH(RAND(),INDEX(Q_,HZ34,0)) -> 2 | IB34: =MATCH(RAND(),INDEX(Q_,IA34,0)) -> 3 | ... JR34: =MATCH(RAND(),INDEX(Q_,JQ34,0)) -> 2 | JS34: =IF(ISNUMBER(MATCH(1,HU34:JR34,0)),MATCH(1,HU34:JR34,0),51) -> 3
H35: 34 | I35: 3 | J35: 2 | K35: 2 | L35: 2 | M35: 2 | N35: 3 | O35: 3 | P35: 3 | Q35: 2 | R35: 2 | S35: 3 | T35: 2 | U35: 2 | V35: 2 | W35: 2 | X35: 2 | Y35: 2 | Z35: 2 | AA35: 3 | AB35: 3 | AC35: 2 | AD35: 2 | AE35: 2 | AF35: 3 | AG35: 3 | AH35: 3 | AI35: 2 | AJ35: 3 | AK35: 2 | AL35: 2 | AM35: 2 | AN35: 3 | AO35: 3 | AP35: 3 | AQ35: 3 | AR35: 3 | AS35: 3 | AT35: 3 | AU35: 3 | AV35: 3 | AW35: 3 | AX35: 3 | AY35: 2 | AZ35: 3 | BA35: 2 | BB35: 2 | BC35: 2 | BD35: 2 | BE35: 2 | BF35: 1 | BI35: 34 | BJ35: 1 | BK35: 1 | BL35: 2 | BM35: 2 | BN35: 2 | BO35: 2 | BP35: 3 | BQ35: 2 | BR35: 3 | BS35: 3 | BT35: 3 | BU35: 2 | BV35: 3 | BW35: 3 | BX35: 2 | BY35: 3 | BZ35: 2 | CA35: 1 | CB35: 1 | CC35: 1 | CD35: 1 | CE35: 2 | CF35: 2 | CG35: 2 | CH35: 2 | CI35: 3 | CJ35: 3 | CK35: 2 | CL35: 3 | CM35: 2 | CN35: 2 | CO35: 3 | CP35: 3 | CQ35: 2 | CR35: 2 | CS35: 2 | CT35: 2 | CU35: 2 | CV35: 1 | CW35: 2 | CX35: 2 | CY35: 3 | CZ35: 3 | DA35: 3 | DB35: 2 | DC35: 2 | DD35: 2 | DE35: 3 | DF35: 3 | DG35: 3 | DJ35: 34 | DK35: 3 | DL35: 3 | DM35: 3 | DN35: 3 | DO35: 2 | DP35: 2 | DQ35: 2 | DR35: 2 | DS35: 3 | DT35: 2 | DU35: 2 | DV35: 2 | DW35: 2 | DX35: 2 | DY35: 2 | DZ35: 2 | EA35: 2 | EB35: 2 | EC35: 2 | ED35: 3 | EE35: 3 | EF35: 2 | EG35: 2 | EH35: 3 | EI35: 2 | EJ35: 2 | EK35: 2 | EL35: 3 | EM35: 3 | EN35: 2 | EO35: 2 | EP35: 2 | EQ35: 2 | ER35: 2 | ES35: 3 | ET35: 3 | EU35: 3 | EV35: 2 | EW35: 2 | EX35: 3 | EY35: 2 | EZ35: 1 | FA35: 1 | FB35: 1 | FC35: 1 | FD35: 2 | FE35: 3 | FF35: 2 | FG35: 2 | FH35: 2 | FQ35: 34 | FR35: 1 | FS35: =MATCH(RAND(),INDEX(Q_,FR35,0)) -> 2 | FT35: =MATCH(RAND(),INDEX(Q_,FS35,0)) -> 2 | FU35: =MATCH(RAND(),INDEX(Q_,FT35,0)) -> 2 | FV35: =MATCH(RAND(),INDEX(Q_,FU35,0)) -> 2 | FW35: =MATCH(RAND(),INDEX(Q_,FV35,0)) -> 3 | FX35: =MATCH(RAND(),INDEX(Q_,FW35,0)) -> 3 | FY35: =MATCH(RAND(),INDEX(Q_,FX35,0)) -> 3 | FZ35: =MATCH(RAND(),INDEX(Q_,FY35,0)) -> 3 | ... HP35: =MATCH(RAND(),INDEX(Q_,HO35,0)) -> 2 | HQ35: =IF(ISNUMBER(MATCH(3,FS35:HP35,0)),MATCH(3,FS35:HP35,0),51) -> 5 | HS35: 34 | HT35: 3 | HU35: =MATCH(RAND(),INDEX(Q_,HT35,0)) -> 2 | HV35: =MATCH(RAND(),INDEX(Q_,HU35,0)) -> 3 | HW35: =MATCH(RAND(),INDEX(Q_,HV35,0)) -> 3 | HX35: =MATCH(RAND(),INDEX(Q_,HW35,0)) -> 2 | HY35: =MATCH(RAND(),INDEX(Q_,HX35,0)) -> 3 | HZ35: =MATCH(RAND(),INDEX(Q_,HY35,0)) -> 2 | IA35: =MATCH(RAND(),INDEX(Q_,HZ35,0)) -> 2 | IB35: =MATCH(RAND(),INDEX(Q_,IA35,0)) -> 2 | ... JR35: =MATCH(RAND(),INDEX(Q_,JQ35,0)) -> 2 | JS35: =IF(ISNUMBER(MATCH(1,HU35:JR35,0)),MATCH(1,HU35:JR35,0),51) -> 19
H36: 35 | I36: 1 | J36: 3 | K36: 3 | L36: 3 | M36: 2 | N36: 2 | O36: 2 | P36: 3 | Q36: 2 | R36: 2 | S36: 2 | T36: 2 | U36: 2 | V36: 2 | W36: 3 | X36: 2 | Y36: 2 | Z36: 2 | AA36: 2 | AB36: 1 | AC36: 1 | AD36: 2 | AE36: 2 | AF36: 2 | AG36: 2 | AH36: 3 | AI36: 3 | AJ36: 2 | AK36: 3 | AL36: 3 | AM36: 3 | AN36: 2 | AO36: 3 | AP36: 3 | AQ36: 2 | AR36: 2 | AS36: 2 | AT36: 1 | AU36: 2 | AV36: 2 | AW36: 3 | AX36: 2 | AY36: 2 | AZ36: 2 | BA36: 2 | BB36: 2 | BC36: 3 | BD36: 3 | BE36: 3 | BF36: 3 | BI36: 35 | BJ36: 1 | BK36: 2 | BL36: 2 | BM36: 2 | BN36: 2 | BO36: 2 | BP36: 3 | BQ36: 3 | BR36: 3 | BS36: 3 | BT36: 3 | BU36: 2 | BV36: 2 | BW36: 2 | BX36: 2 | BY36: 2 | BZ36: 3 | CA36: 3 | CB36: 3 | CC36: 2 | CD36: 3 | CE36: 3 | CF36: 3 | CG36: 2 | CH36: 2 | CI36: 2 | CJ36: 2 | CK36: 2 | CL36: 2 | CM36: 2 | CN36: 2 | CO36: 2 | CP36: 3 | CQ36: 3 | CR36: 3 | CS36: 2 | CT36: 2 | CU36: 2 | CV36: 2 | CW36: 3 | CX36: 3 | CY36: 3 | CZ36: 2 | DA36: 3 | DB36: 3 | DC36: 2 | DD36: 3 | DE36: 2 | DF36: 2 | DG36: 2 | DJ36: 35 | DK36: 3 | DL36: 2 | DM36: 3 | DN36: 2 | DO36: 2 | DP36: 1 | DQ36: 2 | DR36: 2 | DS36: 2 | DT36: 2 | DU36: 2 | DV36: 2 | DW36: 2 | DX36: 2 | DY36: 3 | DZ36: 3 | EA36: 2 | EB36: 3 | EC36: 3 | ED36: 3 | EE36: 3 | EF36: 3 | EG36: 3 | EH36: 2 | EI36: 2 | EJ36: 2 | EK36: 2 | EL36: 3 | EM36: 2 | EN36: 2 | EO36: 3 | EP36: 2 | EQ36: 2 | ER36: 2 | ES36: 3 | ET36: 3 | EU36: 3 | EV36: 2 | EW36: 2 | EX36: 2 | EY36: 2 | EZ36: 2 | FA36: 2 | FB36: 1 | FC36: 2 | FD36: 2 | FE36: 2 | FF36: 3 | FG36: 3 | FH36: 3 | FQ36: 35 | FR36: 1 | FS36: =MATCH(RAND(),INDEX(Q_,FR36,0)) -> 2 | FT36: =MATCH(RAND(),INDEX(Q_,FS36,0)) -> 3 | FU36: =MATCH(RAND(),INDEX(Q_,FT36,0)) -> 3 | FV36: =MATCH(RAND(),INDEX(Q_,FU36,0)) -> 3 | FW36: =MATCH(RAND(),INDEX(Q_,FV36,0)) -> 3 | FX36: =MATCH(RAND(),INDEX(Q_,FW36,0)) -> 3 | FY36: =MATCH(RAND(),INDEX(Q_,FX36,0)) -> 2 | FZ36: =MATCH(RAND(),INDEX(Q_,FY36,0)) -> 2 | ... HP36: =MATCH(RAND(),INDEX(Q_,HO36,0)) -> 2 | HQ36: =IF(ISNUMBER(MATCH(3,FS36:HP36,0)),MATCH(3,FS36:HP36,0),51) -> 2 | HS36: 35 | HT36: 3 | HU36: =MATCH(RAND(),INDEX(Q_,HT36,0)) -> 3 | HV36: =MATCH(RAND(),INDEX(Q_,HU36,0)) -> 3 | HW36: =MATCH(RAND(),INDEX(Q_,HV36,0)) -> 3 | HX36: =MATCH(RAND(),INDEX(Q_,HW36,0)) -> 3 | HY36: =MATCH(RAND(),INDEX(Q_,HX36,0)) -> 3 | HZ36: =MATCH(RAND(),INDEX(Q_,HY36,0)) -> 2 | IA36: =MATCH(RAND(),INDEX(Q_,HZ36,0)) -> 3 | IB36: =MATCH(RAND(),INDEX(Q_,IA36,0)) -> 3 | ... JR36: =MATCH(RAND(),INDEX(Q_,JQ36,0)) -> 2 | JS36: =IF(ISNUMBER(MATCH(1,HU36:JR36,0)),MATCH(1,HU36:JR36,0),51) -> 18
H37: 36 | I37: 3 | J37: 2 | K37: 2 | L37: 2 | M37: 3 | N37: 3 | O37: 3 | P37: 2 | Q37: 2 | R37: 2 | S37: 3 | T37: 3 | U37: 2 | V37: 3 | W37: 3 | X37: 2 | Y37: 2 | Z37: 2 | AA37: 1 | AB37: 2 | AC37: 2 | AD37: 2 | AE37: 2 | AF37: 2 | AG37: 2 | AH37: 2 | AI37: 2 | AJ37: 2 | AK37: 2 | AL37: 2 | AM37: 1 | AN37: 1 | AO37: 2 | AP37: 3 | AQ37: 2 | AR37: 2 | AS37: 2 | AT37: 2 | AU37: 3 | AV37: 2 | AW37: 2 | AX37: 2 | AY37: 2 | AZ37: 2 | BA37: 1 | BB37: 1 | BC37: 1 | BD37: 2 | BE37: 2 | BF37: 2 | BI37: 36 | BJ37: 1 | BK37: 2 | BL37: 3 | BM37: 2 | BN37: 3 | BO37: 3 | BP37: 2 | BQ37: 2 | BR37: 2 | BS37: 3 | BT37: 3 | BU37: 2 | BV37: 3 | BW37: 2 | BX37: 3 | BY37: 3 | BZ37: 2 | CA37: 3 | CB37: 3 | CC37: 2 | CD37: 1 | CE37: 2 | CF37: 2 | CG37: 3 | CH37: 2 | CI37: 3 | CJ37: 3 | CK37: 2 | CL37: 2 | CM37: 2 | CN37: 2 | CO37: 2 | CP37: 2 | CQ37: 2 | CR37: 1 | CS37: 2 | CT37: 3 | CU37: 3 | CV37: 2 | CW37: 3 | CX37: 3 | CY37: 2 | CZ37: 2 | DA37: 2 | DB37: 2 | DC37: 2 | DD37: 2 | DE37: 2 | DF37: 2 | DG37: 3 | DJ37: 36 | DK37: 3 | DL37: 3 | DM37: 3 | DN37: 2 | DO37: 2 | DP37: 2 | DQ37: 2 | DR37: 2 | DS37: 3 | DT37: 2 | DU37: 2 | DV37: 2 | DW37: 2 | DX37: 3 | DY37: 3 | DZ37: 2 | EA37: 2 | EB37: 1 | EC37: 2 | ED37: 2 | EE37: 3 | EF37: 3 | EG37: 2 | EH37: 2 | EI37: 2 | EJ37: 3 | EK37: 3 | EL37: 2 | EM37: 2 | EN37: 2 | EO37: 2 | EP37: 2 | EQ37: 2 | ER37: 2 | ES37: 3 | ET37: 3 | EU37: 2 | EV37: 2 | EW37: 2 | EX37: 2 | EY37: 2 | EZ37: 2 | FA37: 2 | FB37: 2 | FC37: 2 | FD37: 2 | FE37: 3 | FF37: 3 | FG37: 3 | FH37: 3 | FQ37: 36 | FR37: 1 | FS37: =MATCH(RAND(),INDEX(Q_,FR37,0)) -> 1 | FT37: =MATCH(RAND(),INDEX(Q_,FS37,0)) -> 2 | FU37: =MATCH(RAND(),INDEX(Q_,FT37,0)) -> 3 | FV37: =MATCH(RAND(),INDEX(Q_,FU37,0)) -> 2 | FW37: =MATCH(RAND(),INDEX(Q_,FV37,0)) -> 2 | FX37: =MATCH(RAND(),INDEX(Q_,FW37,0)) -> 3 | FY37: =MATCH(RAND(),INDEX(Q_,FX37,0)) -> 3 | FZ37: =MATCH(RAND(),INDEX(Q_,FY37,0)) -> 2 | ... HP37: =MATCH(RAND(),INDEX(Q_,HO37,0)) -> 3 | HQ37: =IF(ISNUMBER(MATCH(3,FS37:HP37,0)),MATCH(3,FS37:HP37,0),51) -> 3 | HS37: 36 | HT37: 3 | HU37: =MATCH(RAND(),INDEX(Q_,HT37,0)) -> 2 | HV37: =MATCH(RAND(),INDEX(Q_,HU37,0)) -> 3 | HW37: =MATCH(RAND(),INDEX(Q_,HV37,0)) -> 3 | HX37: =MATCH(RAND(),INDEX(Q_,HW37,0)) -> 3 | HY37: =MATCH(RAND(),INDEX(Q_,HX37,0)) -> 2 | HZ37: =MATCH(RAND(),INDEX(Q_,HY37,0)) -> 1 | IA37: =MATCH(RAND(),INDEX(Q_,HZ37,0)) -> 1 | IB37: =MATCH(RAND(),INDEX(Q_,IA37,0)) -> 1 | ... JR37: =MATCH(RAND(),INDEX(Q_,JQ37,0)) -> 2 | JS37: =IF(ISNUMBER(MATCH(1,HU37:JR37,0)),MATCH(1,HU37:JR37,0),51) -> 6
H38: 37 | I38: 3 | J38: 3 | K38: 3 | L38: 3 | M38: 2 | N38: 2 | O38: 2 | P38: 2 | Q38: 3 | R38: 2 | S38: 3 | T38: 3 | U38: 2 | V38: 2 | W38: 3 | X38: 2 | Y38: 2 | Z38: 2 | AA38: 2 | AB38: 3 | AC38: 2 | AD38: 2 | AE38: 3 | AF38: 3 | AG38: 2 | AH38: 2 | AI38: 3 | AJ38: 2 | AK38: 2 | AL38: 2 | AM38: 3 | AN38: 2 | AO38: 2 | AP38: 2 | AQ38: 2 | AR38: 3 | AS38: 2 | AT38: 2 | AU38: 2 | AV38: 2 | AW38: 2 | AX38: 2 | AY38: 2 | AZ38: 2 | BA38: 3 | BB38: 3 | BC38: 3 | BD38: 2 | BE38: 1 | BF38: 2 | BI38: 37 | BJ38: 1 | BK38: 1 | BL38: 1 | BM38: 1 | BN38: 1 | BO38: 2 | BP38: 2 | BQ38: 2 | BR38: 3 | BS38: 2 | BT38: 3 | BU38: 3 | BV38: 3 | BW38: 3 | BX38: 3 | BY38: 3 | BZ38: 2 | CA38: 2 | CB38: 3 | CC38: 2 | CD38: 2 | CE38: 2 | CF38: 2 | CG38: 3 | CH38: 3 | CI38: 3 | CJ38: 2 | CK38: 2 | CL38: 1 | CM38: 1 | CN38: 2 | CO38: 2 | CP38: 2 | CQ38: 3 | CR38: 2 | CS38: 2 | CT38: 2 | CU38: 3 | CV38: 2 | CW38: 2 | CX38: 3 | CY38: 2 | CZ38: 3 | DA38: 3 | DB38: 2 | DC38: 2 | DD38: 2 | DE38: 2 | DF38: 2 | DG38: 2 | DJ38: 37 | DK38: 3 | DL38: 2 | DM38: 2 | DN38: 1 | DO38: 2 | DP38: 2 | DQ38: 2 | DR38: 2 | DS38: 2 | DT38: 2 | DU38: 2 | DV38: 2 | DW38: 2 | DX38: 3 | DY38: 3 | DZ38: 2 | EA38: 2 | EB38: 1 | EC38: 2 | ED38: 2 | EE38: 2 | EF38: 2 | EG38: 2 | EH38: 3 | EI38: 3 | EJ38: 3 | EK38: 3 | EL38: 3 | EM38: 2 | EN38: 2 | EO38: 2 | EP38: 2 | EQ38: 3 | ER38: 2 | ES38: 2 | ET38: 3 | EU38: 3 | EV38: 3 | EW38: 3 | EX38: 2 | EY38: 2 | EZ38: 2 | FA38: 2 | FB38: 3 | FC38: 2 | FD38: 2 | FE38: 2 | FF38: 2 | FG38: 2 | FH38: 2 | FQ38: 37 | FR38: 1 | FS38: =MATCH(RAND(),INDEX(Q_,FR38,0)) -> 3 | FT38: =MATCH(RAND(),INDEX(Q_,FS38,0)) -> 3 | FU38: =MATCH(RAND(),INDEX(Q_,FT38,0)) -> 3 | FV38: =MATCH(RAND(),INDEX(Q_,FU38,0)) -> 3 | FW38: =MATCH(RAND(),INDEX(Q_,FV38,0)) -> 2 | FX38: =MATCH(RAND(),INDEX(Q_,FW38,0)) -> 2 | FY38: =MATCH(RAND(),INDEX(Q_,FX38,0)) -> 3 | FZ38: =MATCH(RAND(),INDEX(Q_,FY38,0)) -> 3 | ... HP38: =MATCH(RAND(),INDEX(Q_,HO38,0)) -> 3 | HQ38: =IF(ISNUMBER(MATCH(3,FS38:HP38,0)),MATCH(3,FS38:HP38,0),51) -> 1 | HS38: 37 | HT38: 3 | HU38: =MATCH(RAND(),INDEX(Q_,HT38,0)) -> 2 | HV38: =MATCH(RAND(),INDEX(Q_,HU38,0)) -> 2 | HW38: =MATCH(RAND(),INDEX(Q_,HV38,0)) -> 2 | HX38: =MATCH(RAND(),INDEX(Q_,HW38,0)) -> 2 | HY38: =MATCH(RAND(),INDEX(Q_,HX38,0)) -> 2 | HZ38: =MATCH(RAND(),INDEX(Q_,HY38,0)) -> 2 | IA38: =MATCH(RAND(),INDEX(Q_,HZ38,0)) -> 3 | IB38: =MATCH(RAND(),INDEX(Q_,IA38,0)) -> 3 | ... JR38: =MATCH(RAND(),INDEX(Q_,JQ38,0)) -> 2 | JS38: =IF(ISNUMBER(MATCH(1,HU38:JR38,0)),MATCH(1,HU38:JR38,0),51) -> 23
H39: 38 | I39: 1 | J39: 1 | K39: 2 | L39: 2 | M39: 2 | N39: 2 | O39: 2 | P39: 2 | Q39: 2 | R39: 2 | S39: 3 | T39: 3 | U39: 3 | V39: 2 | W39: 2 | X39: 2 | Y39: 2 | Z39: 3 | AA39: 3 | AB39: 3 | AC39: 2 | AD39: 2 | AE39: 2 | AF39: 2 | AG39: 2 | AH39: 3 | AI39: 3 | AJ39: 2 | AK39: 2 | AL39: 3 | AM39: 3 | AN39: 2 | AO39: 2 | AP39: 3 | AQ39: 2 | AR39: 2 | AS39: 2 | AT39: 2 | AU39: 2 | AV39: 2 | AW39: 2 | AX39: 2 | AY39: 2 | AZ39: 3 | BA39: 2 | BB39: 2 | BC39: 3 | BD39: 2 | BE39: 2 | BF39: 2 | BI39: 38 | BJ39: 1 | BK39: 2 | BL39: 3 | BM39: 3 | BN39: 2 | BO39: 3 | BP39: 3 | BQ39: 2 | BR39: 2 | BS39: 2 | BT39: 2 | BU39: 2 | BV39: 2 | BW39: 3 | BX39: 3 | BY39: 3 | BZ39: 2 | CA39: 3 | CB39: 3 | CC39: 2 | CD39: 2 | CE39: 1 | CF39: 1 | CG39: 1 | CH39: 1 | CI39: 2 | CJ39: 2 | CK39: 2 | CL39: 2 | CM39: 3 | CN39: 3 | CO39: 2 | CP39: 2 | CQ39: 2 | CR39: 2 | CS39: 2 | CT39: 2 | CU39: 2 | CV39: 2 | CW39: 2 | CX39: 3 | CY39: 2 | CZ39: 2 | DA39: 2 | DB39: 3 | DC39: 3 | DD39: 2 | DE39: 2 | DF39: 1 | DG39: 2 | DJ39: 38 | DK39: 3 | DL39: 2 | DM39: 2 | DN39: 2 | DO39: 2 | DP39: 2 | DQ39: 2 | DR39: 3 | DS39: 2 | DT39: 1 | DU39: 1 | DV39: 2 | DW39: 3 | DX39: 2 | DY39: 2 | DZ39: 3 | EA39: 3 | EB39: 2 | EC39: 3 | ED39: 3 | EE39: 3 | EF39: 3 | EG39: 2 | EH39: 3 | EI39: 3 | EJ39: 2 | EK39: 2 | EL39: 2 | EM39: 3 | EN39: 3 | EO39: 3 | EP39: 2 | EQ39: 2 | ER39: 2 | ES39: 2 | ET39: 2 | EU39: 2 | EV39: 2 | EW39: 2 | EX39: 3 | EY39: 2 | EZ39: 2 | FA39: 1 | FB39: 3 | FC39: 3 | FD39: 3 | FE39: 3 | FF39: 2 | FG39: 2 | FH39: 2 | FK39: When f0=[0,0,1] | FQ39: 38 | FR39: 1 | FS39: =MATCH(RAND(),INDEX(Q_,FR39,0)) -> 1 | FT39: =MATCH(RAND(),INDEX(Q_,FS39,0)) -> 2 | FU39: =MATCH(RAND(),INDEX(Q_,FT39,0)) -> 1 | FV39: =MATCH(RAND(),INDEX(Q_,FU39,0)) -> 1 | FW39: =MATCH(RAND(),INDEX(Q_,FV39,0)) -> 2 | FX39: =MATCH(RAND(),INDEX(Q_,FW39,0)) -> 2 | FY39: =MATCH(RAND(),INDEX(Q_,FX39,0)) -> 2 | FZ39: =MATCH(RAND(),INDEX(Q_,FY39,0)) -> 2 | ... HP39: =MATCH(RAND(),INDEX(Q_,HO39,0)) -> 2 | HQ39: =IF(ISNUMBER(MATCH(3,FS39:HP39,0)),MATCH(3,FS39:HP39,0),51) -> 9 | HS39: 38 | HT39: 3 | HU39: =MATCH(RAND(),INDEX(Q_,HT39,0)) -> 2 | HV39: =MATCH(RAND(),INDEX(Q_,HU39,0)) -> 3 | HW39: =MATCH(RAND(),INDEX(Q_,HV39,0)) -> 2 | HX39: =MATCH(RAND(),INDEX(Q_,HW39,0)) -> 2 | HY39: =MATCH(RAND(),INDEX(Q_,HX39,0)) -> 3 | HZ39: =MATCH(RAND(),INDEX(Q_,HY39,0)) -> 3 | IA39: =MATCH(RAND(),INDEX(Q_,HZ39,0)) -> 2 | IB39: =MATCH(RAND(),INDEX(Q_,IA39,0)) -> 2 | ... JR39: =MATCH(RAND(),INDEX(Q_,JQ39,0)) -> 1 | JS39: =IF(ISNUMBER(MATCH(1,HU39:JR39,0)),MATCH(1,HU39:JR39,0),51) -> 10
H40: 39 | I40: 3 | J40: 2 | K40: 2 | L40: 2 | M40: 3 | N40: 2 | O40: 3 | P40: 3 | Q40: 3 | R40: 2 | S40: 2 | T40: 2 | U40: 2 | V40: 2 | W40: 2 | X40: 2 | Y40: 2 | Z40: 1 | AA40: 1 | AB40: 2 | AC40: 2 | AD40: 2 | AE40: 2 | AF40: 2 | AG40: 2 | AH40: 2 | AI40: 3 | AJ40: 2 | AK40: 3 | AL40: 2 | AM40: 3 | AN40: 2 | AO40: 2 | AP40: 2 | AQ40: 2 | AR40: 2 | AS40: 1 | AT40: 2 | AU40: 2 | AV40: 2 | AW40: 3 | AX40: 3 | AY40: 2 | AZ40: 2 | BA40: 3 | BB40: 2 | BC40: 3 | BD40: 2 | BE40: 3 | BF40: 3 | BI40: 39 | BJ40: 1 | BK40: 3 | BL40: 2 | BM40: 2 | BN40: 2 | BO40: 3 | BP40: 2 | BQ40: 3 | BR40: 2 | BS40: 2 | BT40: 2 | BU40: 2 | BV40: 3 | BW40: 3 | BX40: 3 | BY40: 3 | BZ40: 2 | CA40: 2 | CB40: 2 | CC40: 3 | CD40: 3 | CE40: 3 | CF40: 3 | CG40: 2 | CH40: 2 | CI40: 3 | CJ40: 3 | CK40: 3 | CL40: 3 | CM40: 3 | CN40: 1 | CO40: 1 | CP40: 2 | CQ40: 2 | CR40: 3 | CS40: 2 | CT40: 2 | CU40: 2 | CV40: 3 | CW40: 2 | CX40: 3 | CY40: 3 | CZ40: 1 | DA40: 1 | DB40: 2 | DC40: 2 | DD40: 3 | DE40: 3 | DF40: 2 | DG40: 2 | DJ40: 39 | DK40: 3 | DL40: 3 | DM40: 2 | DN40: 2 | DO40: 3 | DP40: 3 | DQ40: 2 | DR40: 3 | DS40: 3 | DT40: 2 | DU40: 2 | DV40: 2 | DW40: 2 | DX40: 2 | DY40: 1 | DZ40: 2 | EA40: 3 | EB40: 3 | EC40: 3 | ED40: 2 | EE40: 2 | EF40: 2 | EG40: 3 | EH40: 2 | EI40: 2 | EJ40: 1 | EK40: 2 | EL40: 3 | EM40: 3 | EN40: 3 | EO40: 2 | EP40: 2 | EQ40: 3 | ER40: 2 | ES40: 2 | ET40: 2 | EU40: 2 | EV40: 3 | EW40: 2 | EX40: 2 | EY40: 2 | EZ40: 2 | FA40: 2 | FB40: 2 | FC40: 2 | FD40: 2 | FE40: 2 | FF40: 3 | FG40: 2 | FH40: 2 | FK40: OUTPUT | FL40: class | FM40: frequency | FQ40: 39 | FR40: 1 | FS40: =MATCH(RAND(),INDEX(Q_,FR40,0)) -> 2 | FT40: =MATCH(RAND(),INDEX(Q_,FS40,0)) -> 2 | FU40: =MATCH(RAND(),INDEX(Q_,FT40,0)) -> 2 | FV40: =MATCH(RAND(),INDEX(Q_,FU40,0)) -> 2 | FW40: =MATCH(RAND(),INDEX(Q_,FV40,0)) -> 2 | FX40: =MATCH(RAND(),INDEX(Q_,FW40,0)) -> 3 | FY40: =MATCH(RAND(),INDEX(Q_,FX40,0)) -> 3 | FZ40: =MATCH(RAND(),INDEX(Q_,FY40,0)) -> 2 | ... HP40: =MATCH(RAND(),INDEX(Q_,HO40,0)) -> 3 | HQ40: =IF(ISNUMBER(MATCH(3,FS40:HP40,0)),MATCH(3,FS40:HP40,0),51) -> 6 | HS40: 39 | HT40: 3 | HU40: =MATCH(RAND(),INDEX(Q_,HT40,0)) -> 3 | HV40: =MATCH(RAND(),INDEX(Q_,HU40,0)) -> 2 | HW40: =MATCH(RAND(),INDEX(Q_,HV40,0)) -> 2 | HX40: =MATCH(RAND(),INDEX(Q_,HW40,0)) -> 2 | HY40: =MATCH(RAND(),INDEX(Q_,HX40,0)) -> 2 | HZ40: =MATCH(RAND(),INDEX(Q_,HY40,0)) -> 2 | IA40: =MATCH(RAND(),INDEX(Q_,HZ40,0)) -> 2 | IB40: =MATCH(RAND(),INDEX(Q_,IA40,0)) -> 2 | ... JR40: =MATCH(RAND(),INDEX(Q_,JQ40,0)) -> 3 | JS40: =IF(ISNUMBER(MATCH(1,HU40:JR40,0)),MATCH(1,HU40:JR40,0),51) -> 9
H41: 40 | I41: 1 | J41: 1 | K41: 2 | L41: 2 | M41: 2 | N41: 3 | O41: 3 | P41: 2 | Q41: 2 | R41: 2 | S41: 2 | T41: 2 | U41: 1 | V41: 2 | W41: 2 | X41: 1 | Y41: 2 | Z41: 1 | AA41: 2 | AB41: 2 | AC41: 2 | AD41: 3 | AE41: 2 | AF41: 2 | AG41: 2 | AH41: 2 | AI41: 2 | AJ41: 2 | AK41: 2 | AL41: 2 | AM41: 1 | AN41: 2 | AO41: 3 | AP41: 2 | AQ41: 2 | AR41: 2 | AS41: 3 | AT41: 2 | AU41: 2 | AV41: 2 | AW41: 3 | AX41: 3 | AY41: 2 | AZ41: 3 | BA41: 2 | BB41: 2 | BC41: 2 | BD41: 2 | BE41: 2 | BF41: 3 | BI41: 40 | BJ41: 1 | BK41: 1 | BL41: 2 | BM41: 2 | BN41: 2 | BO41: 3 | BP41: 2 | BQ41: 2 | BR41: 2 | BS41: 2 | BT41: 2 | BU41: 2 | BV41: 3 | BW41: 3 | BX41: 2 | BY41: 2 | BZ41: 2 | CA41: 2 | CB41: 2 | CC41: 2 | CD41: 2 | CE41: 2 | CF41: 2 | CG41: 3 | CH41: 3 | CI41: 2 | CJ41: 2 | CK41: 2 | CL41: 2 | CM41: 2 | CN41: 3 | CO41: 2 | CP41: 1 | CQ41: 2 | CR41: 2 | CS41: 2 | CT41: 2 | CU41: 2 | CV41: 3 | CW41: 3 | CX41: 3 | CY41: 2 | CZ41: 2 | DA41: 2 | DB41: 2 | DC41: 3 | DD41: 2 | DE41: 2 | DF41: 2 | DG41: 1 | DJ41: 40 | DK41: 3 | DL41: 2 | DM41: 1 | DN41: 2 | DO41: 3 | DP41: 2 | DQ41: 2 | DR41: 2 | DS41: 3 | DT41: 3 | DU41: 3 | DV41: 2 | DW41: 2 | DX41: 3 | DY41: 2 | DZ41: 3 | EA41: 2 | EB41: 3 | EC41: 2 | ED41: 2 | EE41: 2 | EF41: 3 | EG41: 2 | EH41: 3 | EI41: 2 | EJ41: 3 | EK41: 2 | EL41: 3 | EM41: 3 | EN41: 1 | EO41: 3 | EP41: 2 | EQ41: 3 | ER41: 2 | ES41: 2 | ET41: 3 | EU41: 3 | EV41: 2 | EW41: 2 | EX41: 2 | EY41: 2 | EZ41: 2 | FA41: 2 | FB41: 2 | FC41: 2 | FD41: 2 | FE41: 3 | FF41: 3 | FG41: 2 | FH41: 3 | FL41: 1 | FM41: =COUNTIF(FH2:FH1001,"=1")/N2_ -> 0.055 | FQ41: 40 | FR41: 1 | FS41: =MATCH(RAND(),INDEX(Q_,FR41,0)) -> 1 | FT41: =MATCH(RAND(),INDEX(Q_,FS41,0)) -> 2 | FU41: =MATCH(RAND(),INDEX(Q_,FT41,0)) -> 2 | FV41: =MATCH(RAND(),INDEX(Q_,FU41,0)) -> 2 | FW41: =MATCH(RAND(),INDEX(Q_,FV41,0)) -> 2 | FX41: =MATCH(RAND(),INDEX(Q_,FW41,0)) -> 3 | FY41: =MATCH(RAND(),INDEX(Q_,FX41,0)) -> 2 | FZ41: =MATCH(RAND(),INDEX(Q_,FY41,0)) -> 3 | ... HP41: =MATCH(RAND(),INDEX(Q_,HO41,0)) -> 3 | HQ41: =IF(ISNUMBER(MATCH(3,FS41:HP41,0)),MATCH(3,FS41:HP41,0),51) -> 6 | HS41: 40 | HT41: 3 | HU41: =MATCH(RAND(),INDEX(Q_,HT41,0)) -> 2 | HV41: =MATCH(RAND(),INDEX(Q_,HU41,0)) -> 1 | HW41: =MATCH(RAND(),INDEX(Q_,HV41,0)) -> 1 | HX41: =MATCH(RAND(),INDEX(Q_,HW41,0)) -> 1 | HY41: =MATCH(RAND(),INDEX(Q_,HX41,0)) -> 1 | HZ41: =MATCH(RAND(),INDEX(Q_,HY41,0)) -> 2 | IA41: =MATCH(RAND(),INDEX(Q_,HZ41,0)) -> 2 | IB41: =MATCH(RAND(),INDEX(Q_,IA41,0)) -> 3 | ... JR41: =MATCH(RAND(),INDEX(Q_,JQ41,0)) -> 2 | JS41: =IF(ISNUMBER(MATCH(1,HU41:JR41,0)),MATCH(1,HU41:JR41,0),51) -> 2
H42: 41 | I42: 3 | J42: 2 | K42: 2 | L42: 3 | M42: 2 | N42: 2 | O42: 2 | P42: 3 | Q42: 3 | R42: 3 | S42: 3 | T42: 3 | U42: 3 | V42: 2 | W42: 2 | X42: 2 | Y42: 2 | Z42: 1 | AA42: 2 | AB42: 2 | AC42: 2 | AD42: 3 | AE42: 3 | AF42: 3 | AG42: 3 | AH42: 2 | AI42: 2 | AJ42: 3 | AK42: 2 | AL42: 2 | AM42: 2 | AN42: 2 | AO42: 3 | AP42: 3 | AQ42: 2 | AR42: 2 | AS42: 2 | AT42: 2 | AU42: 2 | AV42: 2 | AW42: 1 | AX42: 2 | AY42: 2 | AZ42: 2 | BA42: 3 | BB42: 3 | BC42: 3 | BD42: 2 | BE42: 2 | BF42: 3 | BI42: 41 | BJ42: 1 | BK42: 2 | BL42: 2 | BM42: 2 | BN42: 2 | BO42: 2 | BP42: 3 | BQ42: 2 | BR42: 2 | BS42: 2 | BT42: 2 | BU42: 2 | BV42: 3 | BW42: 3 | BX42: 3 | BY42: 3 | BZ42: 2 | CA42: 2 | CB42: 2 | CC42: 2 | CD42: 3 | CE42: 3 | CF42: 3 | CG42: 2 | CH42: 2 | CI42: 2 | CJ42: 2 | CK42: 2 | CL42: 2 | CM42: 2 | CN42: 2 | CO42: 3 | CP42: 3 | CQ42: 3 | CR42: 3 | CS42: 2 | CT42: 2 | CU42: 2 | CV42: 2 | CW42: 3 | CX42: 2 | CY42: 2 | CZ42: 2 | DA42: 2 | DB42: 2 | DC42: 2 | DD42: 3 | DE42: 2 | DF42: 2 | DG42: 3 | DJ42: 41 | DK42: 3 | DL42: 2 | DM42: 2 | DN42: 3 | DO42: 2 | DP42: 3 | DQ42: 2 | DR42: 3 | DS42: 2 | DT42: 2 | DU42: 2 | DV42: 2 | DW42: 2 | DX42: 2 | DY42: 2 | DZ42: 2 | EA42: 2 | EB42: 2 | EC42: 2 | ED42: 3 | EE42: 3 | EF42: 3 | EG42: 2 | EH42: 2 | EI42: 3 | EJ42: 3 | EK42: 2 | EL42: 2 | EM42: 2 | EN42: 2 | EO42: 3 | EP42: 3 | EQ42: 2 | ER42: 2 | ES42: 3 | ET42: 2 | EU42: 3 | EV42: 3 | EW42: 2 | EX42: 2 | EY42: 2 | EZ42: 2 | FA42: 2 | FB42: 2 | FC42: 2 | FD42: 3 | FE42: 3 | FF42: 3 | FG42: 2 | FH42: 2 | FL42: 2 | FM42: =COUNTIF(FH2:FH1001,"=2")/N2_ -> 0.627 | FQ42: 41 | FR42: 1 | FS42: =MATCH(RAND(),INDEX(Q_,FR42,0)) -> 1 | FT42: =MATCH(RAND(),INDEX(Q_,FS42,0)) -> 2 | FU42: =MATCH(RAND(),INDEX(Q_,FT42,0)) -> 3 | FV42: =MATCH(RAND(),INDEX(Q_,FU42,0)) -> 3 | FW42: =MATCH(RAND(),INDEX(Q_,FV42,0)) -> 2 | FX42: =MATCH(RAND(),INDEX(Q_,FW42,0)) -> 2 | FY42: =MATCH(RAND(),INDEX(Q_,FX42,0)) -> 3 | FZ42: =MATCH(RAND(),INDEX(Q_,FY42,0)) -> 2 | ... HP42: =MATCH(RAND(),INDEX(Q_,HO42,0)) -> 3 | HQ42: =IF(ISNUMBER(MATCH(3,FS42:HP42,0)),MATCH(3,FS42:HP42,0),51) -> 3 | HS42: 41 | HT42: 3 | HU42: =MATCH(RAND(),INDEX(Q_,HT42,0)) -> 3 | HV42: =MATCH(RAND(),INDEX(Q_,HU42,0)) -> 3 | HW42: =MATCH(RAND(),INDEX(Q_,HV42,0)) -> 3 | HX42: =MATCH(RAND(),INDEX(Q_,HW42,0)) -> 2 | HY42: =MATCH(RAND(),INDEX(Q_,HX42,0)) -> 3 | HZ42: =MATCH(RAND(),INDEX(Q_,HY42,0)) -> 2 | IA42: =MATCH(RAND(),INDEX(Q_,HZ42,0)) -> 2 | IB42: =MATCH(RAND(),INDEX(Q_,IA42,0)) -> 2 | ... JR42: =MATCH(RAND(),INDEX(Q_,JQ42,0)) -> 3 | JS42: =IF(ISNUMBER(MATCH(1,HU42:JR42,0)),MATCH(1,HU42:JR42,0),51) -> 51
H43: 42 | I43: 1 | J43: 2 | K43: 1 | L43: 1 | M43: 2 | N43: 2 | O43: 2 | P43: 3 | Q43: 3 | R43: 2 | S43: 2 | T43: 2 | U43: 2 | V43: 2 | W43: 2 | X43: 3 | Y43: 2 | Z43: 2 | AA43: 2 | AB43: 2 | AC43: 2 | AD43: 2 | AE43: 2 | AF43: 2 | AG43: 3 | AH43: 2 | AI43: 2 | AJ43: 3 | AK43: 2 | AL43: 2 | AM43: 2 | AN43: 2 | AO43: 1 | AP43: 2 | AQ43: 3 | AR43: 3 | AS43: 3 | AT43: 3 | AU43: 3 | AV43: 3 | AW43: 2 | AX43: 3 | AY43: 3 | AZ43: 2 | BA43: 3 | BB43: 3 | BC43: 3 | BD43: 3 | BE43: 3 | BF43: 3 | BI43: 42 | BJ43: 1 | BK43: 2 | BL43: 3 | BM43: 2 | BN43: 3 | BO43: 3 | BP43: 3 | BQ43: 2 | BR43: 3 | BS43: 3 | BT43: 2 | BU43: 2 | BV43: 2 | BW43: 1 | BX43: 1 | BY43: 1 | BZ43: 2 | CA43: 2 | CB43: 2 | CC43: 2 | CD43: 2 | CE43: 3 | CF43: 2 | CG43: 2 | CH43: 3 | CI43: 2 | CJ43: 2 | CK43: 2 | CL43: 2 | CM43: 2 | CN43: 2 | CO43: 1 | CP43: 2 | CQ43: 2 | CR43: 3 | CS43: 2 | CT43: 2 | CU43: 1 | CV43: 1 | CW43: 1 | CX43: 2 | CY43: 3 | CZ43: 2 | DA43: 2 | DB43: 2 | DC43: 2 | DD43: 3 | DE43: 3 | DF43: 2 | DG43: 2 | DJ43: 42 | DK43: 3 | DL43: 2 | DM43: 3 | DN43: 3 | DO43: 3 | DP43: 3 | DQ43: 2 | DR43: 2 | DS43: 3 | DT43: 3 | DU43: 2 | DV43: 2 | DW43: 2 | DX43: 2 | DY43: 3 | DZ43: 2 | EA43: 3 | EB43: 2 | EC43: 1 | ED43: 2 | EE43: 3 | EF43: 3 | EG43: 3 | EH43: 2 | EI43: 3 | EJ43: 2 | EK43: 2 | EL43: 2 | EM43: 2 | EN43: 2 | EO43: 2 | EP43: 2 | EQ43: 3 | ER43: 3 | ES43: 2 | ET43: 2 | EU43: 3 | EV43: 3 | EW43: 2 | EX43: 2 | EY43: 2 | EZ43: 2 | FA43: 2 | FB43: 3 | FC43: 3 | FD43: 3 | FE43: 3 | FF43: 3 | FG43: 3 | FH43: 2 | FL43: 3 | FM43: =COUNTIF(FH2:FH1001,"=3")/N2_ -> 0.318 | FQ43: 42 | FR43: 1 | FS43: =MATCH(RAND(),INDEX(Q_,FR43,0)) -> 1 | FT43: =MATCH(RAND(),INDEX(Q_,FS43,0)) -> 1 | FU43: =MATCH(RAND(),INDEX(Q_,FT43,0)) -> 3 | FV43: =MATCH(RAND(),INDEX(Q_,FU43,0)) -> 2 | FW43: =MATCH(RAND(),INDEX(Q_,FV43,0)) -> 1 | FX43: =MATCH(RAND(),INDEX(Q_,FW43,0)) -> 2 | FY43: =MATCH(RAND(),INDEX(Q_,FX43,0)) -> 2 | FZ43: =MATCH(RAND(),INDEX(Q_,FY43,0)) -> 2 | ... HP43: =MATCH(RAND(),INDEX(Q_,HO43,0)) -> 3 | HQ43: =IF(ISNUMBER(MATCH(3,FS43:HP43,0)),MATCH(3,FS43:HP43,0),51) -> 3 | HS43: 42 | HT43: 3 | HU43: =MATCH(RAND(),INDEX(Q_,HT43,0)) -> 2 | HV43: =MATCH(RAND(),INDEX(Q_,HU43,0)) -> 2 | HW43: =MATCH(RAND(),INDEX(Q_,HV43,0)) -> 2 | HX43: =MATCH(RAND(),INDEX(Q_,HW43,0)) -> 2 | HY43: =MATCH(RAND(),INDEX(Q_,HX43,0)) -> 2 | HZ43: =MATCH(RAND(),INDEX(Q_,HY43,0)) -> 2 | IA43: =MATCH(RAND(),INDEX(Q_,HZ43,0)) -> 3 | IB43: =MATCH(RAND(),INDEX(Q_,IA43,0)) -> 3 | ... JR43: =MATCH(RAND(),INDEX(Q_,JQ43,0)) -> 2 | JS43: =IF(ISNUMBER(MATCH(1,HU43:JR43,0)),MATCH(1,HU43:JR43,0),51) -> 51
H44: 43 | I44: 1 | J44: 2 | K44: 2 | L44: 2 | M44: 2 | N44: 3 | O44: 3 | P44: 3 | Q44: 3 | R44: 3 | S44: 3 | T44: 3 | U44: 2 | V44: 2 | W44: 2 | X44: 3 | Y44: 3 | Z44: 3 | AA44: 2 | AB44: 2 | AC44: 2 | AD44: 2 | AE44: 2 | AF44: 2 | AG44: 2 | AH44: 3 | AI44: 3 | AJ44: 3 | AK44: 3 | AL44: 3 | AM44: 3 | AN44: 3 | AO44: 3 | AP44: 3 | AQ44: 2 | AR44: 2 | AS44: 2 | AT44: 3 | AU44: 3 | AV44: 2 | AW44: 3 | AX44: 3 | AY44: 3 | AZ44: 3 | BA44: 3 | BB44: 2 | BC44: 2 | BD44: 2 | BE44: 3 | BF44: 2 | BI44: 43 | BJ44: 1 | BK44: 2 | BL44: 2 | BM44: 3 | BN44: 2 | BO44: 2 | BP44: 1 | BQ44: 2 | BR44: 2 | BS44: 2 | BT44: 2 | BU44: 2 | BV44: 3 | BW44: 3 | BX44: 3 | BY44: 3 | BZ44: 3 | CA44: 2 | CB44: 3 | CC44: 2 | CD44: 2 | CE44: 2 | CF44: 2 | CG44: 3 | CH44: 2 | CI44: 2 | CJ44: 3 | CK44: 2 | CL44: 2 | CM44: 2 | CN44: 3 | CO44: 3 | CP44: 2 | CQ44: 2 | CR44: 2 | CS44: 3 | CT44: 3 | CU44: 3 | CV44: 3 | CW44: 2 | CX44: 2 | CY44: 3 | CZ44: 2 | DA44: 2 | DB44: 2 | DC44: 2 | DD44: 2 | DE44: 2 | DF44: 1 | DG44: 2 | DJ44: 43 | DK44: 3 | DL44: 2 | DM44: 2 | DN44: 3 | DO44: 3 | DP44: 3 | DQ44: 3 | DR44: 2 | DS44: 2 | DT44: 3 | DU44: 2 | DV44: 3 | DW44: 2 | DX44: 2 | DY44: 3 | DZ44: 3 | EA44: 2 | EB44: 3 | EC44: 3 | ED44: 3 | EE44: 3 | EF44: 2 | EG44: 2 | EH44: 2 | EI44: 2 | EJ44: 3 | EK44: 3 | EL44: 3 | EM44: 2 | EN44: 3 | EO44: 2 | EP44: 2 | EQ44: 3 | ER44: 3 | ES44: 3 | ET44: 2 | EU44: 2 | EV44: 3 | EW44: 3 | EX44: 2 | EY44: 2 | EZ44: 1 | FA44: 3 | FB44: 3 | FC44: 2 | FD44: 2 | FE44: 3 | FF44: 3 | FG44: 3 | FH44: 2 | FQ44: 43 | FR44: 1 | FS44: =MATCH(RAND(),INDEX(Q_,FR44,0)) -> 2 | FT44: =MATCH(RAND(),INDEX(Q_,FS44,0)) -> 2 | FU44: =MATCH(RAND(),INDEX(Q_,FT44,0)) -> 2 | FV44: =MATCH(RAND(),INDEX(Q_,FU44,0)) -> 2 | FW44: =MATCH(RAND(),INDEX(Q_,FV44,0)) -> 2 | FX44: =MATCH(RAND(),INDEX(Q_,FW44,0)) -> 3 | FY44: =MATCH(RAND(),INDEX(Q_,FX44,0)) -> 2 | FZ44: =MATCH(RAND(),INDEX(Q_,FY44,0)) -> 2 | ... HP44: =MATCH(RAND(),INDEX(Q_,HO44,0)) -> 3 | HQ44: =IF(ISNUMBER(MATCH(3,FS44:HP44,0)),MATCH(3,FS44:HP44,0),51) -> 6 | HS44: 43 | HT44: 3 | HU44: =MATCH(RAND(),INDEX(Q_,HT44,0)) -> 2 | HV44: =MATCH(RAND(),INDEX(Q_,HU44,0)) -> 2 | HW44: =MATCH(RAND(),INDEX(Q_,HV44,0)) -> 3 | HX44: =MATCH(RAND(),INDEX(Q_,HW44,0)) -> 2 | HY44: =MATCH(RAND(),INDEX(Q_,HX44,0)) -> 2 | HZ44: =MATCH(RAND(),INDEX(Q_,HY44,0)) -> 2 | IA44: =MATCH(RAND(),INDEX(Q_,HZ44,0)) -> 2 | IB44: =MATCH(RAND(),INDEX(Q_,IA44,0)) -> 2 | ... JR44: =MATCH(RAND(),INDEX(Q_,JQ44,0)) -> 2 | JS44: =IF(ISNUMBER(MATCH(1,HU44:JR44,0)),MATCH(1,HU44:JR44,0),51) -> 51
H45: 44 | I45: 1 | J45: 2 | K45: 2 | L45: 2 | M45: 2 | N45: 2 | O45: 1 | P45: 2 | Q45: 2 | R45: 2 | S45: 2 | T45: 2 | U45: 3 | V45: 3 | W45: 3 | X45: 2 | Y45: 3 | Z45: 2 | AA45: 2 | AB45: 2 | AC45: 3 | AD45: 2 | AE45: 2 | AF45: 3 | AG45: 3 | AH45: 2 | AI45: 2 | AJ45: 2 | AK45: 2 | AL45: 2 | AM45: 3 | AN45: 3 | AO45: 3 | AP45: 2 | AQ45: 3 | AR45: 2 | AS45: 2 | AT45: 2 | AU45: 2 | AV45: 1 | AW45: 2 | AX45: 3 | AY45: 3 | AZ45: 3 | BA45: 3 | BB45: 2 | BC45: 2 | BD45: 2 | BE45: 3 | BF45: 3 | BI45: 44 | BJ45: 1 | BK45: 1 | BL45: 2 | BM45: 3 | BN45: 3 | BO45: 3 | BP45: 2 | BQ45: 2 | BR45: 3 | BS45: 2 | BT45: 3 | BU45: 3 | BV45: 2 | BW45: 2 | BX45: 2 | BY45: 3 | BZ45: 3 | CA45: 3 | CB45: 2 | CC45: 2 | CD45: 2 | CE45: 2 | CF45: 2 | CG45: 2 | CH45: 2 | CI45: 2 | CJ45: 2 | CK45: 3 | CL45: 2 | CM45: 3 | CN45: 3 | CO45: 3 | CP45: 2 | CQ45: 2 | CR45: 2 | CS45: 1 | CT45: 2 | CU45: 3 | CV45: 3 | CW45: 3 | CX45: 3 | CY45: 2 | CZ45: 2 | DA45: 2 | DB45: 3 | DC45: 3 | DD45: 3 | DE45: 2 | DF45: 2 | DG45: 2 | DJ45: 44 | DK45: 3 | DL45: 2 | DM45: 3 | DN45: 2 | DO45: 2 | DP45: 3 | DQ45: 3 | DR45: 3 | DS45: 3 | DT45: 2 | DU45: 2 | DV45: 2 | DW45: 2 | DX45: 3 | DY45: 2 | DZ45: 2 | EA45: 2 | EB45: 2 | EC45: 2 | ED45: 2 | EE45: 2 | EF45: 2 | EG45: 2 | EH45: 2 | EI45: 3 | EJ45: 2 | EK45: 1 | EL45: 2 | EM45: 2 | EN45: 3 | EO45: 2 | EP45: 2 | EQ45: 2 | ER45: 3 | ES45: 3 | ET45: 3 | EU45: 2 | EV45: 3 | EW45: 3 | EX45: 3 | EY45: 3 | EZ45: 2 | FA45: 2 | FB45: 3 | FC45: 3 | FD45: 3 | FE45: 2 | FF45: 2 | FG45: 2 | FH45: 2 | FQ45: 44 | FR45: 1 | FS45: =MATCH(RAND(),INDEX(Q_,FR45,0)) -> 3 | FT45: =MATCH(RAND(),INDEX(Q_,FS45,0)) -> 2 | FU45: =MATCH(RAND(),INDEX(Q_,FT45,0)) -> 2 | FV45: =MATCH(RAND(),INDEX(Q_,FU45,0)) -> 2 | FW45: =MATCH(RAND(),INDEX(Q_,FV45,0)) -> 2 | FX45: =MATCH(RAND(),INDEX(Q_,FW45,0)) -> 2 | FY45: =MATCH(RAND(),INDEX(Q_,FX45,0)) -> 2 | FZ45: =MATCH(RAND(),INDEX(Q_,FY45,0)) -> 3 | ... HP45: =MATCH(RAND(),INDEX(Q_,HO45,0)) -> 2 | HQ45: =IF(ISNUMBER(MATCH(3,FS45:HP45,0)),MATCH(3,FS45:HP45,0),51) -> 1 | HS45: 44 | HT45: 3 | HU45: =MATCH(RAND(),INDEX(Q_,HT45,0)) -> 2 | HV45: =MATCH(RAND(),INDEX(Q_,HU45,0)) -> 2 | HW45: =MATCH(RAND(),INDEX(Q_,HV45,0)) -> 2 | HX45: =MATCH(RAND(),INDEX(Q_,HW45,0)) -> 3 | HY45: =MATCH(RAND(),INDEX(Q_,HX45,0)) -> 2 | HZ45: =MATCH(RAND(),INDEX(Q_,HY45,0)) -> 1 | IA45: =MATCH(RAND(),INDEX(Q_,HZ45,0)) -> 3 | IB45: =MATCH(RAND(),INDEX(Q_,IA45,0)) -> 3 | ... JR45: =MATCH(RAND(),INDEX(Q_,JQ45,0)) -> 2 | JS45: =IF(ISNUMBER(MATCH(1,HU45:JR45,0)),MATCH(1,HU45:JR45,0),51) -> 6
H46: 45 | I46: 3 | J46: 3 | K46: 3 | L46: 3 | M46: 2 | N46: 3 | O46: 3 | P46: 2 | Q46: 2 | R46: 2 | S46: 2 | T46: 2 | U46: 2 | V46: 3 | W46: 3 | X46: 3 | Y46: 2 | Z46: 1 | AA46: 2 | AB46: 2 | AC46: 3 | AD46: 2 | AE46: 3 | AF46: 3 | AG46: 3 | AH46: 2 | AI46: 2 | AJ46: 1 | AK46: 3 | AL46: 2 | AM46: 2 | AN46: 2 | AO46: 2 | AP46: 2 | AQ46: 2 | AR46: 2 | AS46: 2 | AT46: 3 | AU46: 2 | AV46: 2 | AW46: 2 | AX46: 2 | AY46: 2 | AZ46: 2 | BA46: 2 | BB46: 2 | BC46: 2 | BD46: 2 | BE46: 2 | BF46: 2 | BI46: 45 | BJ46: 1 | BK46: 1 | BL46: 1 | BM46: 2 | BN46: 2 | BO46: 2 | BP46: 2 | BQ46: 3 | BR46: 3 | BS46: 3 | BT46: 3 | BU46: 2 | BV46: 1 | BW46: 1 | BX46: 2 | BY46: 2 | BZ46: 2 | CA46: 2 | CB46: 3 | CC46: 2 | CD46: 2 | CE46: 2 | CF46: 2 | CG46: 2 | CH46: 3 | CI46: 2 | CJ46: 2 | CK46: 3 | CL46: 3 | CM46: 2 | CN46: 2 | CO46: 3 | CP46: 2 | CQ46: 2 | CR46: 3 | CS46: 3 | CT46: 3 | CU46: 2 | CV46: 1 | CW46: 2 | CX46: 2 | CY46: 2 | CZ46: 2 | DA46: 3 | DB46: 3 | DC46: 2 | DD46: 1 | DE46: 2 | DF46: 2 | DG46: 1 | DJ46: 45 | DK46: 3 | DL46: 3 | DM46: 3 | DN46: 3 | DO46: 3 | DP46: 2 | DQ46: 2 | DR46: 2 | DS46: 2 | DT46: 2 | DU46: 3 | DV46: 3 | DW46: 2 | DX46: 2 | DY46: 2 | DZ46: 3 | EA46: 2 | EB46: 2 | EC46: 2 | ED46: 2 | EE46: 2 | EF46: 2 | EG46: 3 | EH46: 2 | EI46: 2 | EJ46: 2 | EK46: 3 | EL46: 2 | EM46: 2 | EN46: 2 | EO46: 2 | EP46: 2 | EQ46: 3 | ER46: 2 | ES46: 2 | ET46: 2 | EU46: 2 | EV46: 3 | EW46: 3 | EX46: 3 | EY46: 3 | EZ46: 2 | FA46: 3 | FB46: 2 | FC46: 3 | FD46: 3 | FE46: 2 | FF46: 2 | FG46: 2 | FH46: 1 | FQ46: 45 | FR46: 1 | FS46: =MATCH(RAND(),INDEX(Q_,FR46,0)) -> 1 | FT46: =MATCH(RAND(),INDEX(Q_,FS46,0)) -> 1 | FU46: =MATCH(RAND(),INDEX(Q_,FT46,0)) -> 1 | FV46: =MATCH(RAND(),INDEX(Q_,FU46,0)) -> 1 | FW46: =MATCH(RAND(),INDEX(Q_,FV46,0)) -> 2 | FX46: =MATCH(RAND(),INDEX(Q_,FW46,0)) -> 3 | FY46: =MATCH(RAND(),INDEX(Q_,FX46,0)) -> 2 | FZ46: =MATCH(RAND(),INDEX(Q_,FY46,0)) -> 2 | ... HP46: =MATCH(RAND(),INDEX(Q_,HO46,0)) -> 2 | HQ46: =IF(ISNUMBER(MATCH(3,FS46:HP46,0)),MATCH(3,FS46:HP46,0),51) -> 6 | HS46: 45 | HT46: 3 | HU46: =MATCH(RAND(),INDEX(Q_,HT46,0)) -> 3 | HV46: =MATCH(RAND(),INDEX(Q_,HU46,0)) -> 2 | HW46: =MATCH(RAND(),INDEX(Q_,HV46,0)) -> 3 | HX46: =MATCH(RAND(),INDEX(Q_,HW46,0)) -> 2 | HY46: =MATCH(RAND(),INDEX(Q_,HX46,0)) -> 3 | HZ46: =MATCH(RAND(),INDEX(Q_,HY46,0)) -> 3 | IA46: =MATCH(RAND(),INDEX(Q_,HZ46,0)) -> 1 | IB46: =MATCH(RAND(),INDEX(Q_,IA46,0)) -> 2 | ... JR46: =MATCH(RAND(),INDEX(Q_,JQ46,0)) -> 2 | JS46: =IF(ISNUMBER(MATCH(1,HU46:JR46,0)),MATCH(1,HU46:JR46,0),51) -> 7
H47: 46 | I47: 3 | J47: 3 | K47: 2 | L47: 2 | M47: 3 | N47: 2 | O47: 1 | P47: 1 | Q47: 2 | R47: 2 | S47: 2 | T47: 2 | U47: 2 | V47: 2 | W47: 2 | X47: 2 | Y47: 2 | Z47: 2 | AA47: 2 | AB47: 2 | AC47: 2 | AD47: 3 | AE47: 3 | AF47: 3 | AG47: 3 | AH47: 3 | AI47: 3 | AJ47: 2 | AK47: 2 | AL47: 2 | AM47: 2 | AN47: 2 | AO47: 2 | AP47: 2 | AQ47: 2 | AR47: 3 | AS47: 2 | AT47: 2 | AU47: 3 | AV47: 2 | AW47: 2 | AX47: 2 | AY47: 2 | AZ47: 2 | BA47: 2 | BB47: 2 | BC47: 3 | BD47: 3 | BE47: 3 | BF47: 2 | BI47: 46 | BJ47: 1 | BK47: 2 | BL47: 3 | BM47: 3 | BN47: 3 | BO47: 2 | BP47: 1 | BQ47: 2 | BR47: 2 | BS47: 2 | BT47: 2 | BU47: 2 | BV47: 2 | BW47: 2 | BX47: 3 | BY47: 2 | BZ47: 2 | CA47: 2 | CB47: 3 | CC47: 2 | CD47: 2 | CE47: 2 | CF47: 2 | CG47: 1 | CH47: 3 | CI47: 2 | CJ47: 2 | CK47: 3 | CL47: 3 | CM47: 2 | CN47: 2 | CO47: 2 | CP47: 2 | CQ47: 2 | CR47: 3 | CS47: 3 | CT47: 3 | CU47: 3 | CV47: 2 | CW47: 2 | CX47: 2 | CY47: 1 | CZ47: 1 | DA47: 3 | DB47: 2 | DC47: 2 | DD47: 2 | DE47: 3 | DF47: 2 | DG47: 2 | DJ47: 46 | DK47: 3 | DL47: 2 | DM47: 3 | DN47: 2 | DO47: 3 | DP47: 2 | DQ47: 2 | DR47: 2 | DS47: 2 | DT47: 3 | DU47: 2 | DV47: 1 | DW47: 2 | DX47: 3 | DY47: 2 | DZ47: 1 | EA47: 1 | EB47: 2 | EC47: 2 | ED47: 2 | EE47: 3 | EF47: 3 | EG47: 3 | EH47: 2 | EI47: 2 | EJ47: 2 | EK47: 2 | EL47: 1 | EM47: 2 | EN47: 3 | EO47: 2 | EP47: 3 | EQ47: 2 | ER47: 2 | ES47: 2 | ET47: 2 | EU47: 2 | EV47: 2 | EW47: 2 | EX47: 3 | EY47: 2 | EZ47: 2 | FA47: 2 | FB47: 2 | FC47: 2 | FD47: 3 | FE47: 2 | FF47: 3 | FG47: 3 | FH47: 2 | FQ47: 46 | FR47: 1 | FS47: =MATCH(RAND(),INDEX(Q_,FR47,0)) -> 2 | FT47: =MATCH(RAND(),INDEX(Q_,FS47,0)) -> 2 | FU47: =MATCH(RAND(),INDEX(Q_,FT47,0)) -> 1 | FV47: =MATCH(RAND(),INDEX(Q_,FU47,0)) -> 3 | FW47: =MATCH(RAND(),INDEX(Q_,FV47,0)) -> 2 | FX47: =MATCH(RAND(),INDEX(Q_,FW47,0)) -> 2 | FY47: =MATCH(RAND(),INDEX(Q_,FX47,0)) -> 2 | FZ47: =MATCH(RAND(),INDEX(Q_,FY47,0)) -> 3 | ... HP47: =MATCH(RAND(),INDEX(Q_,HO47,0)) -> 2 | HQ47: =IF(ISNUMBER(MATCH(3,FS47:HP47,0)),MATCH(3,FS47:HP47,0),51) -> 4 | HS47: 46 | HT47: 3 | HU47: =MATCH(RAND(),INDEX(Q_,HT47,0)) -> 3 | HV47: =MATCH(RAND(),INDEX(Q_,HU47,0)) -> 2 | HW47: =MATCH(RAND(),INDEX(Q_,HV47,0)) -> 2 | HX47: =MATCH(RAND(),INDEX(Q_,HW47,0)) -> 2 | HY47: =MATCH(RAND(),INDEX(Q_,HX47,0)) -> 2 | HZ47: =MATCH(RAND(),INDEX(Q_,HY47,0)) -> 2 | IA47: =MATCH(RAND(),INDEX(Q_,HZ47,0)) -> 2 | IB47: =MATCH(RAND(),INDEX(Q_,IA47,0)) -> 1 | ... JR47: =MATCH(RAND(),INDEX(Q_,JQ47,0)) -> 2 | JS47: =IF(ISNUMBER(MATCH(1,HU47:JR47,0)),MATCH(1,HU47:JR47,0),51) -> 8
H48: 47 | I48: 1 | J48: 1 | K48: 2 | L48: 2 | M48: 3 | N48: 2 | O48: 2 | P48: 2 | Q48: 2 | R48: 2 | S48: 2 | T48: 2 | U48: 2 | V48: 3 | W48: 2 | X48: 2 | Y48: 1 | Z48: 2 | AA48: 2 | AB48: 3 | AC48: 3 | AD48: 3 | AE48: 3 | AF48: 2 | AG48: 3 | AH48: 3 | AI48: 3 | AJ48: 3 | AK48: 3 | AL48: 3 | AM48: 2 | AN48: 3 | AO48: 3 | AP48: 3 | AQ48: 2 | AR48: 2 | AS48: 2 | AT48: 2 | AU48: 2 | AV48: 3 | AW48: 2 | AX48: 3 | AY48: 2 | AZ48: 2 | BA48: 3 | BB48: 2 | BC48: 2 | BD48: 2 | BE48: 2 | BF48: 2 | BI48: 47 | BJ48: 1 | BK48: 1 | BL48: 1 | BM48: 2 | BN48: 2 | BO48: 2 | BP48: 3 | BQ48: 2 | BR48: 2 | BS48: 2 | BT48: 2 | BU48: 3 | BV48: 2 | BW48: 2 | BX48: 3 | BY48: 3 | BZ48: 3 | CA48: 2 | CB48: 3 | CC48: 2 | CD48: 2 | CE48: 1 | CF48: 1 | CG48: 1 | CH48: 2 | CI48: 2 | CJ48: 3 | CK48: 2 | CL48: 2 | CM48: 2 | CN48: 2 | CO48: 2 | CP48: 2 | CQ48: 2 | CR48: 2 | CS48: 2 | CT48: 2 | CU48: 2 | CV48: 2 | CW48: 2 | CX48: 3 | CY48: 2 | CZ48: 3 | DA48: 3 | DB48: 3 | DC48: 3 | DD48: 3 | DE48: 3 | DF48: 2 | DG48: 2 | DJ48: 47 | DK48: 3 | DL48: 3 | DM48: 3 | DN48: 2 | DO48: 2 | DP48: 2 | DQ48: 3 | DR48: 3 | DS48: 2 | DT48: 2 | DU48: 2 | DV48: 2 | DW48: 3 | DX48: 2 | DY48: 2 | DZ48: 2 | EA48: 2 | EB48: 3 | EC48: 3 | ED48: 3 | EE48: 3 | EF48: 3 | EG48: 3 | EH48: 2 | EI48: 2 | EJ48: 3 | EK48: 2 | EL48: 2 | EM48: 3 | EN48: 2 | EO48: 2 | EP48: 2 | EQ48: 2 | ER48: 2 | ES48: 3 | ET48: 2 | EU48: 2 | EV48: 3 | EW48: 1 | EX48: 1 | EY48: 1 | EZ48: 2 | FA48: 2 | FB48: 2 | FC48: 2 | FD48: 3 | FE48: 2 | FF48: 2 | FG48: 3 | FH48: 2 | FQ48: 47 | FR48: 1 | FS48: =MATCH(RAND(),INDEX(Q_,FR48,0)) -> 2 | FT48: =MATCH(RAND(),INDEX(Q_,FS48,0)) -> 3 | FU48: =MATCH(RAND(),INDEX(Q_,FT48,0)) -> 3 | FV48: =MATCH(RAND(),INDEX(Q_,FU48,0)) -> 3 | FW48: =MATCH(RAND(),INDEX(Q_,FV48,0)) -> 2 | FX48: =MATCH(RAND(),INDEX(Q_,FW48,0)) -> 2 | FY48: =MATCH(RAND(),INDEX(Q_,FX48,0)) -> 3 | FZ48: =MATCH(RAND(),INDEX(Q_,FY48,0)) -> 2 | ... HP48: =MATCH(RAND(),INDEX(Q_,HO48,0)) -> 2 | HQ48: =IF(ISNUMBER(MATCH(3,FS48:HP48,0)),MATCH(3,FS48:HP48,0),51) -> 2 | HS48: 47 | HT48: 3 | HU48: =MATCH(RAND(),INDEX(Q_,HT48,0)) -> 1 | HV48: =MATCH(RAND(),INDEX(Q_,HU48,0)) -> 2 | HW48: =MATCH(RAND(),INDEX(Q_,HV48,0)) -> 2 | HX48: =MATCH(RAND(),INDEX(Q_,HW48,0)) -> 2 | HY48: =MATCH(RAND(),INDEX(Q_,HX48,0)) -> 2 | HZ48: =MATCH(RAND(),INDEX(Q_,HY48,0)) -> 2 | IA48: =MATCH(RAND(),INDEX(Q_,HZ48,0)) -> 2 | IB48: =MATCH(RAND(),INDEX(Q_,IA48,0)) -> 2 | ... JR48: =MATCH(RAND(),INDEX(Q_,JQ48,0)) -> 2 | JS48: =IF(ISNUMBER(MATCH(1,HU48:JR48,0)),MATCH(1,HU48:JR48,0),51) -> 1
H49: 48 | I49: 3 | J49: 3 | K49: 2 | L49: 2 | M49: 3 | N49: 3 | O49: 3 | P49: 3 | Q49: 3 | R49: 2 | S49: 2 | T49: 2 | U49: 2 | V49: 3 | W49: 2 | X49: 2 | Y49: 2 | Z49: 2 | AA49: 2 | AB49: 1 | AC49: 1 | AD49: 2 | AE49: 2 | AF49: 2 | AG49: 2 | AH49: 1 | AI49: 1 | AJ49: 2 | AK49: 3 | AL49: 2 | AM49: 2 | AN49: 2 | AO49: 2 | AP49: 2 | AQ49: 3 | AR49: 2 | AS49: 2 | AT49: 3 | AU49: 2 | AV49: 2 | AW49: 2 | AX49: 2 | AY49: 2 | AZ49: 3 | BA49: 2 | BB49: 2 | BC49: 2 | BD49: 2 | BE49: 2 | BF49: 2 | BI49: 48 | BJ49: 1 | BK49: 1 | BL49: 2 | BM49: 2 | BN49: 2 | BO49: 2 | BP49: 2 | BQ49: 3 | BR49: 2 | BS49: 2 | BT49: 2 | BU49: 2 | BV49: 3 | BW49: 3 | BX49: 3 | BY49: 3 | BZ49: 3 | CA49: 2 | CB49: 3 | CC49: 2 | CD49: 2 | CE49: 1 | CF49: 2 | CG49: 3 | CH49: 3 | CI49: 3 | CJ49: 2 | CK49: 3 | CL49: 3 | CM49: 3 | CN49: 3 | CO49: 3 | CP49: 2 | CQ49: 2 | CR49: 2 | CS49: 3 | CT49: 2 | CU49: 2 | CV49: 2 | CW49: 2 | CX49: 2 | CY49: 3 | CZ49: 2 | DA49: 2 | DB49: 2 | DC49: 2 | DD49: 2 | DE49: 3 | DF49: 3 | DG49: 3 | DJ49: 48 | DK49: 3 | DL49: 2 | DM49: 2 | DN49: 2 | DO49: 3 | DP49: 3 | DQ49: 3 | DR49: 2 | DS49: 3 | DT49: 3 | DU49: 3 | DV49: 2 | DW49: 2 | DX49: 2 | DY49: 3 | DZ49: 2 | EA49: 2 | EB49: 2 | EC49: 2 | ED49: 2 | EE49: 2 | EF49: 2 | EG49: 2 | EH49: 2 | EI49: 2 | EJ49: 2 | EK49: 3 | EL49: 2 | EM49: 2 | EN49: 2 | EO49: 2 | EP49: 3 | EQ49: 2 | ER49: 2 | ES49: 2 | ET49: 3 | EU49: 3 | EV49: 2 | EW49: 3 | EX49: 2 | EY49: 3 | EZ49: 3 | FA49: 3 | FB49: 3 | FC49: 3 | FD49: 3 | FE49: 2 | FF49: 2 | FG49: 2 | FH49: 2 | FQ49: 48 | FR49: 1 | FS49: =MATCH(RAND(),INDEX(Q_,FR49,0)) -> 1 | FT49: =MATCH(RAND(),INDEX(Q_,FS49,0)) -> 2 | FU49: =MATCH(RAND(),INDEX(Q_,FT49,0)) -> 2 | FV49: =MATCH(RAND(),INDEX(Q_,FU49,0)) -> 2 | FW49: =MATCH(RAND(),INDEX(Q_,FV49,0)) -> 2 | FX49: =MATCH(RAND(),INDEX(Q_,FW49,0)) -> 2 | FY49: =MATCH(RAND(),INDEX(Q_,FX49,0)) -> 3 | FZ49: =MATCH(RAND(),INDEX(Q_,FY49,0)) -> 2 | ... HP49: =MATCH(RAND(),INDEX(Q_,HO49,0)) -> 2 | HQ49: =IF(ISNUMBER(MATCH(3,FS49:HP49,0)),MATCH(3,FS49:HP49,0),51) -> 7 | HS49: 48 | HT49: 3 | HU49: =MATCH(RAND(),INDEX(Q_,HT49,0)) -> 2 | HV49: =MATCH(RAND(),INDEX(Q_,HU49,0)) -> 2 | HW49: =MATCH(RAND(),INDEX(Q_,HV49,0)) -> 3 | HX49: =MATCH(RAND(),INDEX(Q_,HW49,0)) -> 3 | HY49: =MATCH(RAND(),INDEX(Q_,HX49,0)) -> 2 | HZ49: =MATCH(RAND(),INDEX(Q_,HY49,0)) -> 2 | IA49: =MATCH(RAND(),INDEX(Q_,HZ49,0)) -> 3 | IB49: =MATCH(RAND(),INDEX(Q_,IA49,0)) -> 3 | ... JR49: =MATCH(RAND(),INDEX(Q_,JQ49,0)) -> 2 | JS49: =IF(ISNUMBER(MATCH(1,HU49:JR49,0)),MATCH(1,HU49:JR49,0),51) -> 19
H50: 49 | I50: 1 | J50: 2 | K50: 3 | L50: 2 | M50: 2 | N50: 2 | O50: 2 | P50: 3 | Q50: 2 | R50: 2 | S50: 2 | T50: 2 | U50: 2 | V50: 2 | W50: 2 | X50: 3 | Y50: 2 | Z50: 1 | AA50: 2 | AB50: 2 | AC50: 2 | AD50: 3 | AE50: 2 | AF50: 2 | AG50: 2 | AH50: 3 | AI50: 3 | AJ50: 2 | AK50: 2 | AL50: 2 | AM50: 3 | AN50: 3 | AO50: 2 | AP50: 3 | AQ50: 3 | AR50: 2 | AS50: 3 | AT50: 3 | AU50: 3 | AV50: 2 | AW50: 2 | AX50: 2 | AY50: 3 | AZ50: 3 | BA50: 3 | BB50: 2 | BC50: 2 | BD50: 3 | BE50: 3 | BF50: 2 | BI50: 49 | BJ50: 1 | BK50: 1 | BL50: 2 | BM50: 3 | BN50: 2 | BO50: 2 | BP50: 2 | BQ50: 3 | BR50: 3 | BS50: 2 | BT50: 2 | BU50: 2 | BV50: 3 | BW50: 2 | BX50: 2 | BY50: 2 | BZ50: 2 | CA50: 2 | CB50: 3 | CC50: 3 | CD50: 3 | CE50: 3 | CF50: 3 | CG50: 3 | CH50: 2 | CI50: 3 | CJ50: 2 | CK50: 2 | CL50: 2 | CM50: 2 | CN50: 2 | CO50: 3 | CP50: 3 | CQ50: 2 | CR50: 1 | CS50: 3 | CT50: 2 | CU50: 2 | CV50: 2 | CW50: 2 | CX50: 2 | CY50: 2 | CZ50: 2 | DA50: 3 | DB50: 2 | DC50: 3 | DD50: 3 | DE50: 3 | DF50: 2 | DG50: 3 | DJ50: 49 | DK50: 3 | DL50: 3 | DM50: 3 | DN50: 2 | DO50: 2 | DP50: 3 | DQ50: 3 | DR50: 3 | DS50: 3 | DT50: 3 | DU50: 3 | DV50: 3 | DW50: 3 | DX50: 3 | DY50: 3 | DZ50: 3 | EA50: 2 | EB50: 2 | EC50: 2 | ED50: 2 | EE50: 3 | EF50: 2 | EG50: 2 | EH50: 2 | EI50: 3 | EJ50: 3 | EK50: 2 | EL50: 2 | EM50: 2 | EN50: 2 | EO50: 3 | EP50: 2 | EQ50: 2 | ER50: 3 | ES50: 2 | ET50: 2 | EU50: 2 | EV50: 3 | EW50: 2 | EX50: 3 | EY50: 3 | EZ50: 2 | FA50: 2 | FB50: 3 | FC50: 2 | FD50: 3 | FE50: 2 | FF50: 3 | FG50: 2 | FH50: 3 | FQ50: 49 | FR50: 1 | FS50: =MATCH(RAND(),INDEX(Q_,FR50,0)) -> 1 | FT50: =MATCH(RAND(),INDEX(Q_,FS50,0)) -> 2 | FU50: =MATCH(RAND(),INDEX(Q_,FT50,0)) -> 2 | FV50: =MATCH(RAND(),INDEX(Q_,FU50,0)) -> 2 | FW50: =MATCH(RAND(),INDEX(Q_,FV50,0)) -> 2 | FX50: =MATCH(RAND(),INDEX(Q_,FW50,0)) -> 3 | FY50: =MATCH(RAND(),INDEX(Q_,FX50,0)) -> 2 | FZ50: =MATCH(RAND(),INDEX(Q_,FY50,0)) -> 3 | ... HP50: =MATCH(RAND(),INDEX(Q_,HO50,0)) -> 2 | HQ50: =IF(ISNUMBER(MATCH(3,FS50:HP50,0)),MATCH(3,FS50:HP50,0),51) -> 6 | HS50: 49 | HT50: 3 | HU50: =MATCH(RAND(),INDEX(Q_,HT50,0)) -> 3 | HV50: =MATCH(RAND(),INDEX(Q_,HU50,0)) -> 2 | HW50: =MATCH(RAND(),INDEX(Q_,HV50,0)) -> 2 | HX50: =MATCH(RAND(),INDEX(Q_,HW50,0)) -> 2 | HY50: =MATCH(RAND(),INDEX(Q_,HX50,0)) -> 2 | HZ50: =MATCH(RAND(),INDEX(Q_,HY50,0)) -> 2 | IA50: =MATCH(RAND(),INDEX(Q_,HZ50,0)) -> 2 | IB50: =MATCH(RAND(),INDEX(Q_,IA50,0)) -> 2 | ... JR50: =MATCH(RAND(),INDEX(Q_,JQ50,0)) -> 3 | JS50: =IF(ISNUMBER(MATCH(1,HU50:JR50,0)),MATCH(1,HU50:JR50,0),51) -> 14
H51: 50 | I51: 1 | J51: 2 | K51: 2 | L51: 2 | M51: 3 | N51: 2 | O51: 1 | P51: 1 | Q51: 2 | R51: 2 | S51: 3 | T51: 3 | U51: 3 | V51: 3 | W51: 2 | X51: 2 | Y51: 2 | Z51: 2 | AA51: 2 | AB51: 2 | AC51: 2 | AD51: 2 | AE51: 2 | AF51: 3 | AG51: 2 | AH51: 2 | AI51: 2 | AJ51: 1 | AK51: 2 | AL51: 3 | AM51: 3 | AN51: 3 | AO51: 3 | AP51: 2 | AQ51: 2 | AR51: 3 | AS51: 3 | AT51: 3 | AU51: 3 | AV51: 2 | AW51: 2 | AX51: 2 | AY51: 2 | AZ51: 3 | BA51: 3 | BB51: 2 | BC51: 3 | BD51: 2 | BE51: 2 | BF51: 2 | BI51: 50 | BJ51: 1 | BK51: 2 | BL51: 2 | BM51: 2 | BN51: 3 | BO51: 3 | BP51: 2 | BQ51: 2 | BR51: 2 | BS51: 1 | BT51: 2 | BU51: 2 | BV51: 1 | BW51: 2 | BX51: 2 | BY51: 2 | BZ51: 3 | CA51: 3 | CB51: 3 | CC51: 2 | CD51: 2 | CE51: 1 | CF51: 2 | CG51: 1 | CH51: 2 | CI51: 2 | CJ51: 1 | CK51: 2 | CL51: 2 | CM51: 3 | CN51: 3 | CO51: 3 | CP51: 3 | CQ51: 3 | CR51: 2 | CS51: 2 | CT51: 2 | CU51: 2 | CV51: 3 | CW51: 3 | CX51: 2 | CY51: 2 | CZ51: 2 | DA51: 2 | DB51: 2 | DC51: 3 | DD51: 3 | DE51: 2 | DF51: 2 | DG51: 2 | DJ51: 50 | DK51: 3 | DL51: 2 | DM51: 2 | DN51: 2 | DO51: 2 | DP51: 3 | DQ51: 2 | DR51: 2 | DS51: 3 | DT51: 2 | DU51: 2 | DV51: 2 | DW51: 2 | DX51: 2 | DY51: 2 | DZ51: 3 | EA51: 3 | EB51: 3 | EC51: 3 | ED51: 3 | EE51: 3 | EF51: 3 | EG51: 2 | EH51: 2 | EI51: 2 | EJ51: 2 | EK51: 2 | EL51: 2 | EM51: 2 | EN51: 2 | EO51: 3 | EP51: 2 | EQ51: 3 | ER51: 3 | ES51: 3 | ET51: 2 | EU51: 2 | EV51: 2 | EW51: 2 | EX51: 2 | EY51: 2 | EZ51: 2 | FA51: 3 | FB51: 2 | FC51: 2 | FD51: 2 | FE51: 2 | FF51: 2 | FG51: 2 | FH51: 2 | FQ51: 50 | FR51: 1 | FS51: =MATCH(RAND(),INDEX(Q_,FR51,0)) -> 2 | FT51: =MATCH(RAND(),INDEX(Q_,FS51,0)) -> 2 | FU51: =MATCH(RAND(),INDEX(Q_,FT51,0)) -> 3 | FV51: =MATCH(RAND(),INDEX(Q_,FU51,0)) -> 3 | FW51: =MATCH(RAND(),INDEX(Q_,FV51,0)) -> 3 | FX51: =MATCH(RAND(),INDEX(Q_,FW51,0)) -> 3 | FY51: =MATCH(RAND(),INDEX(Q_,FX51,0)) -> 2 | FZ51: =MATCH(RAND(),INDEX(Q_,FY51,0)) -> 2 | ... HP51: =MATCH(RAND(),INDEX(Q_,HO51,0)) -> 2 | HQ51: =IF(ISNUMBER(MATCH(3,FS51:HP51,0)),MATCH(3,FS51:HP51,0),51) -> 3 | HS51: 50 | HT51: 3 | HU51: =MATCH(RAND(),INDEX(Q_,HT51,0)) -> 2 | HV51: =MATCH(RAND(),INDEX(Q_,HU51,0)) -> 2 | HW51: =MATCH(RAND(),INDEX(Q_,HV51,0)) -> 3 | HX51: =MATCH(RAND(),INDEX(Q_,HW51,0)) -> 2 | HY51: =MATCH(RAND(),INDEX(Q_,HX51,0)) -> 3 | HZ51: =MATCH(RAND(),INDEX(Q_,HY51,0)) -> 2 | IA51: =MATCH(RAND(),INDEX(Q_,HZ51,0)) -> 2 | IB51: =MATCH(RAND(),INDEX(Q_,IA51,0)) -> 3 | ... JR51: =MATCH(RAND(),INDEX(Q_,JQ51,0)) -> 3 | JS51: =IF(ISNUMBER(MATCH(1,HU51:JR51,0)),MATCH(1,HU51:JR51,0),51) -> 31
H52: 51 | I52: 3 | J52: 2 | K52: 3 | L52: 3 | M52: 2 | N52: 3 | O52: 2 | P52: 3 | Q52: 2 | R52: 2 | S52: 2 | T52: 2 | U52: 3 | V52: 2 | W52: 2 | X52: 3 | Y52: 2 | Z52: 2 | AA52: 3 | AB52: 2 | AC52: 3 | AD52: 3 | AE52: 2 | AF52: 3 | AG52: 3 | AH52: 2 | AI52: 2 | AJ52: 2 | AK52: 3 | AL52: 2 | AM52: 2 | AN52: 2 | AO52: 2 | AP52: 2 | AQ52: 2 | AR52: 2 | AS52: 2 | AT52: 2 | AU52: 2 | AV52: 2 | AW52: 2 | AX52: 2 | AY52: 1 | AZ52: 2 | BA52: 2 | BB52: 2 | BC52: 2 | BD52: 2 | BE52: 2 | BF52: 2 | BI52: 51 | BJ52: 1 | BK52: 2 | BL52: 2 | BM52: 2 | BN52: 1 | BO52: 2 | BP52: 2 | BQ52: 3 | BR52: 3 | BS52: 3 | BT52: 2 | BU52: 2 | BV52: 3 | BW52: 2 | BX52: 3 | BY52: 3 | BZ52: 3 | CA52: 3 | CB52: 3 | CC52: 3 | CD52: 2 | CE52: 3 | CF52: 2 | CG52: 2 | CH52: 3 | CI52: 3 | CJ52: 2 | CK52: 2 | CL52: 2 | CM52: 2 | CN52: 2 | CO52: 2 | CP52: 2 | CQ52: 1 | CR52: 2 | CS52: 2 | CT52: 2 | CU52: 2 | CV52: 2 | CW52: 2 | CX52: 2 | CY52: 1 | CZ52: 2 | DA52: 2 | DB52: 2 | DC52: 3 | DD52: 3 | DE52: 3 | DF52: 2 | DG52: 2 | DJ52: 51 | DK52: 3 | DL52: 3 | DM52: 3 | DN52: 2 | DO52: 2 | DP52: 1 | DQ52: 2 | DR52: 3 | DS52: 3 | DT52: 3 | DU52: 2 | DV52: 1 | DW52: 1 | DX52: 1 | DY52: 1 | DZ52: 1 | EA52: 2 | EB52: 3 | EC52: 3 | ED52: 3 | EE52: 3 | EF52: 2 | EG52: 2 | EH52: 3 | EI52: 2 | EJ52: 2 | EK52: 2 | EL52: 2 | EM52: 2 | EN52: 2 | EO52: 3 | EP52: 3 | EQ52: 3 | ER52: 3 | ES52: 3 | ET52: 2 | EU52: 2 | EV52: 2 | EW52: 1 | EX52: 2 | EY52: 2 | EZ52: 2 | FA52: 3 | FB52: 3 | FC52: 3 | FD52: 2 | FE52: 2 | FF52: 3 | FG52: 2 | FH52: 2 | FQ52: 51 | FR52: 1 | FS52: =MATCH(RAND(),INDEX(Q_,FR52,0)) -> 1 | FT52: =MATCH(RAND(),INDEX(Q_,FS52,0)) -> 1 | FU52: =MATCH(RAND(),INDEX(Q_,FT52,0)) -> 3 | FV52: =MATCH(RAND(),INDEX(Q_,FU52,0)) -> 3 | FW52: =MATCH(RAND(),INDEX(Q_,FV52,0)) -> 3 | FX52: =MATCH(RAND(),INDEX(Q_,FW52,0)) -> 2 | FY52: =MATCH(RAND(),INDEX(Q_,FX52,0)) -> 3 | FZ52: =MATCH(RAND(),INDEX(Q_,FY52,0)) -> 3 | ... HP52: =MATCH(RAND(),INDEX(Q_,HO52,0)) -> 2 | HQ52: =IF(ISNUMBER(MATCH(3,FS52:HP52,0)),MATCH(3,FS52:HP52,0),51) -> 3 | HS52: 51 | HT52: 3 | HU52: =MATCH(RAND(),INDEX(Q_,HT52,0)) -> 3 | HV52: =MATCH(RAND(),INDEX(Q_,HU52,0)) -> 2 | HW52: =MATCH(RAND(),INDEX(Q_,HV52,0)) -> 2 | HX52: =MATCH(RAND(),INDEX(Q_,HW52,0)) -> 1 | HY52: =MATCH(RAND(),INDEX(Q_,HX52,0)) -> 3 | HZ52: =MATCH(RAND(),INDEX(Q_,HY52,0)) -> 2 | IA52: =MATCH(RAND(),INDEX(Q_,HZ52,0)) -> 2 | IB52: =MATCH(RAND(),INDEX(Q_,IA52,0)) -> 1 | ... JR52: =MATCH(RAND(),INDEX(Q_,JQ52,0)) -> 2 | JS52: =IF(ISNUMBER(MATCH(1,HU52:JR52,0)),MATCH(1,HU52:JR52,0),51) -> 4
H53: 52 | I53: 1 | J53: 3 | K53: 2 | L53: 2 | M53: 2 | N53: 3 | O53: 3 | P53: 3 | Q53: 2 | R53: 2 | S53: 2 | T53: 2 | U53: 3 | V53: 3 | W53: 2 | X53: 2 | Y53: 3 | Z53: 2 | AA53: 2 | AB53: 2 | AC53: 2 | AD53: 2 | AE53: 3 | AF53: 2 | AG53: 2 | AH53: 2 | AI53: 3 | AJ53: 3 | AK53: 3 | AL53: 3 | AM53: 3 | AN53: 3 | AO53: 3 | AP53: 2 | AQ53: 3 | AR53: 3 | AS53: 2 | AT53: 3 | AU53: 2 | AV53: 2 | AW53: 2 | AX53: 2 | AY53: 3 | AZ53: 2 | BA53: 2 | BB53: 3 | BC53: 2 | BD53: 2 | BE53: 2 | BF53: 2 | BI53: 52 | BJ53: 1 | BK53: 1 | BL53: 2 | BM53: 2 | BN53: 1 | BO53: 1 | BP53: 2 | BQ53: 2 | BR53: 2 | BS53: 2 | BT53: 3 | BU53: 2 | BV53: 2 | BW53: 2 | BX53: 2 | BY53: 2 | BZ53: 2 | CA53: 2 | CB53: 2 | CC53: 2 | CD53: 2 | CE53: 2 | CF53: 2 | CG53: 3 | CH53: 2 | CI53: 2 | CJ53: 2 | CK53: 3 | CL53: 3 | CM53: 3 | CN53: 2 | CO53: 2 | CP53: 3 | CQ53: 3 | CR53: 3 | CS53: 3 | CT53: 3 | CU53: 3 | CV53: 2 | CW53: 2 | CX53: 3 | CY53: 2 | CZ53: 2 | DA53: 2 | DB53: 2 | DC53: 2 | DD53: 2 | DE53: 1 | DF53: 3 | DG53: 3 | DJ53: 52 | DK53: 3 | DL53: 3 | DM53: 3 | DN53: 2 | DO53: 3 | DP53: 3 | DQ53: 2 | DR53: 3 | DS53: 3 | DT53: 3 | DU53: 3 | DV53: 2 | DW53: 2 | DX53: 3 | DY53: 3 | DZ53: 2 | EA53: 2 | EB53: 2 | EC53: 2 | ED53: 1 | EE53: 1 | EF53: 1 | EG53: 2 | EH53: 2 | EI53: 2 | EJ53: 1 | EK53: 1 | EL53: 1 | EM53: 2 | EN53: 2 | EO53: 3 | EP53: 3 | EQ53: 2 | ER53: 2 | ES53: 2 | ET53: 3 | EU53: 2 | EV53: 1 | EW53: 2 | EX53: 3 | EY53: 3 | EZ53: 3 | FA53: 2 | FB53: 2 | FC53: 2 | FD53: 3 | FE53: 2 | FF53: 3 | FG53: 2 | FH53: 3 | FQ53: 52 | FR53: 1 | FS53: =MATCH(RAND(),INDEX(Q_,FR53,0)) -> 2 | FT53: =MATCH(RAND(),INDEX(Q_,FS53,0)) -> 2 | FU53: =MATCH(RAND(),INDEX(Q_,FT53,0)) -> 2 | FV53: =MATCH(RAND(),INDEX(Q_,FU53,0)) -> 2 | FW53: =MATCH(RAND(),INDEX(Q_,FV53,0)) -> 2 | FX53: =MATCH(RAND(),INDEX(Q_,FW53,0)) -> 2 | FY53: =MATCH(RAND(),INDEX(Q_,FX53,0)) -> 2 | FZ53: =MATCH(RAND(),INDEX(Q_,FY53,0)) -> 3 | ... HP53: =MATCH(RAND(),INDEX(Q_,HO53,0)) -> 2 | HQ53: =IF(ISNUMBER(MATCH(3,FS53:HP53,0)),MATCH(3,FS53:HP53,0),51) -> 8 | HS53: 52 | HT53: 3 | HU53: =MATCH(RAND(),INDEX(Q_,HT53,0)) -> 3 | HV53: =MATCH(RAND(),INDEX(Q_,HU53,0)) -> 2 | HW53: =MATCH(RAND(),INDEX(Q_,HV53,0)) -> 2 | HX53: =MATCH(RAND(),INDEX(Q_,HW53,0)) -> 3 | HY53: =MATCH(RAND(),INDEX(Q_,HX53,0)) -> 3 | HZ53: =MATCH(RAND(),INDEX(Q_,HY53,0)) -> 3 | IA53: =MATCH(RAND(),INDEX(Q_,HZ53,0)) -> 3 | IB53: =MATCH(RAND(),INDEX(Q_,IA53,0)) -> 3 | ... JR53: =MATCH(RAND(),INDEX(Q_,JQ53,0)) -> 2 | JS53: =IF(ISNUMBER(MATCH(1,HU53:JR53,0)),MATCH(1,HU53:JR53,0),51) -> 38
H54: 53 | I54: 3 | J54: 2 | K54: 3 | L54: 2 | M54: 3 | N54: 2 | O54: 2 | P54: 3 | Q54: 2 | R54: 2 | S54: 2 | T54: 3 | U54: 3 | V54: 3 | W54: 2 | X54: 2 | Y54: 2 | Z54: 3 | AA54: 3 | AB54: 3 | AC54: 3 | AD54: 3 | AE54: 3 | AF54: 2 | AG54: 3 | AH54: 2 | AI54: 2 | AJ54: 3 | AK54: 3 | AL54: 3 | AM54: 3 | AN54: 3 | AO54: 2 | AP54: 1 | AQ54: 2 | AR54: 2 | AS54: 1 | AT54: 2 | AU54: 2 | AV54: 3 | AW54: 3 | AX54: 3 | AY54: 2 | AZ54: 2 | BA54: 2 | BB54: 2 | BC54: 3 | BD54: 3 | BE54: 3 | BF54: 3 | BI54: 53 | BJ54: 1 | BK54: 1 | BL54: 2 | BM54: 2 | BN54: 3 | BO54: 2 | BP54: 2 | BQ54: 2 | BR54: 2 | BS54: 3 | BT54: 3 | BU54: 2 | BV54: 2 | BW54: 3 | BX54: 2 | BY54: 2 | BZ54: 3 | CA54: 3 | CB54: 2 | CC54: 2 | CD54: 2 | CE54: 3 | CF54: 2 | CG54: 3 | CH54: 2 | CI54: 3 | CJ54: 2 | CK54: 2 | CL54: 3 | CM54: 2 | CN54: 3 | CO54: 2 | CP54: 3 | CQ54: 2 | CR54: 2 | CS54: 2 | CT54: 2 | CU54: 2 | CV54: 2 | CW54: 2 | CX54: 2 | CY54: 2 | CZ54: 2 | DA54: 3 | DB54: 3 | DC54: 2 | DD54: 2 | DE54: 1 | DF54: 2 | DG54: 2 | DJ54: 53 | DK54: 3 | DL54: 2 | DM54: 2 | DN54: 2 | DO54: 2 | DP54: 2 | DQ54: 2 | DR54: 2 | DS54: 2 | DT54: 2 | DU54: 3 | DV54: 3 | DW54: 3 | DX54: 3 | DY54: 3 | DZ54: 3 | EA54: 3 | EB54: 3 | EC54: 2 | ED54: 2 | EE54: 3 | EF54: 3 | EG54: 3 | EH54: 3 | EI54: 3 | EJ54: 3 | EK54: 2 | EL54: 2 | EM54: 3 | EN54: 3 | EO54: 3 | EP54: 2 | EQ54: 3 | ER54: 3 | ES54: 2 | ET54: 3 | EU54: 3 | EV54: 2 | EW54: 2 | EX54: 3 | EY54: 2 | EZ54: 3 | FA54: 3 | FB54: 3 | FC54: 3 | FD54: 3 | FE54: 2 | FF54: 2 | FG54: 2 | FH54: 2 | FQ54: 53 | FR54: 1 | FS54: =MATCH(RAND(),INDEX(Q_,FR54,0)) -> 2 | FT54: =MATCH(RAND(),INDEX(Q_,FS54,0)) -> 2 | FU54: =MATCH(RAND(),INDEX(Q_,FT54,0)) -> 3 | FV54: =MATCH(RAND(),INDEX(Q_,FU54,0)) -> 3 | FW54: =MATCH(RAND(),INDEX(Q_,FV54,0)) -> 3 | FX54: =MATCH(RAND(),INDEX(Q_,FW54,0)) -> 2 | FY54: =MATCH(RAND(),INDEX(Q_,FX54,0)) -> 3 | FZ54: =MATCH(RAND(),INDEX(Q_,FY54,0)) -> 2 | ... HP54: =MATCH(RAND(),INDEX(Q_,HO54,0)) -> 3 | HQ54: =IF(ISNUMBER(MATCH(3,FS54:HP54,0)),MATCH(3,FS54:HP54,0),51) -> 3 | HS54: 53 | HT54: 3 | HU54: =MATCH(RAND(),INDEX(Q_,HT54,0)) -> 3 | HV54: =MATCH(RAND(),INDEX(Q_,HU54,0)) -> 3 | HW54: =MATCH(RAND(),INDEX(Q_,HV54,0)) -> 2 | HX54: =MATCH(RAND(),INDEX(Q_,HW54,0)) -> 3 | HY54: =MATCH(RAND(),INDEX(Q_,HX54,0)) -> 3 | HZ54: =MATCH(RAND(),INDEX(Q_,HY54,0)) -> 3 | IA54: =MATCH(RAND(),INDEX(Q_,HZ54,0)) -> 3 | IB54: =MATCH(RAND(),INDEX(Q_,IA54,0)) -> 2 | ... JR54: =MATCH(RAND(),INDEX(Q_,JQ54,0)) -> 2 | JS54: =IF(ISNUMBER(MATCH(1,HU54:JR54,0)),MATCH(1,HU54:JR54,0),51) -> 51
H55: 54 | I55: 1 | J55: 1 | K55: 2 | L55: 3 | M55: 3 | N55: 3 | O55: 2 | P55: 1 | Q55: 1 | R55: 1 | S55: 1 | T55: 1 | U55: 2 | V55: 2 | W55: 2 | X55: 2 | Y55: 2 | Z55: 2 | AA55: 2 | AB55: 2 | AC55: 2 | AD55: 2 | AE55: 2 | AF55: 2 | AG55: 2 | AH55: 2 | AI55: 2 | AJ55: 2 | AK55: 2 | AL55: 3 | AM55: 2 | AN55: 1 | AO55: 2 | AP55: 2 | AQ55: 1 | AR55: 1 | AS55: 1 | AT55: 1 | AU55: 1 | AV55: 2 | AW55: 2 | AX55: 2 | AY55: 2 | AZ55: 2 | BA55: 3 | BB55: 3 | BC55: 3 | BD55: 3 | BE55: 3 | BF55: 3 | BI55: 54 | BJ55: 1 | BK55: 2 | BL55: 2 | BM55: 2 | BN55: 2 | BO55: 3 | BP55: 3 | BQ55: 2 | BR55: 2 | BS55: 2 | BT55: 2 | BU55: 3 | BV55: 2 | BW55: 2 | BX55: 2 | BY55: 2 | BZ55: 1 | CA55: 3 | CB55: 2 | CC55: 2 | CD55: 2 | CE55: 2 | CF55: 2 | CG55: 2 | CH55: 2 | CI55: 2 | CJ55: 2 | CK55: 3 | CL55: 3 | CM55: 2 | CN55: 2 | CO55: 2 | CP55: 2 | CQ55: 2 | CR55: 1 | CS55: 2 | CT55: 2 | CU55: 3 | CV55: 2 | CW55: 2 | CX55: 3 | CY55: 3 | CZ55: 2 | DA55: 2 | DB55: 2 | DC55: 3 | DD55: 2 | DE55: 2 | DF55: 2 | DG55: 2 | DJ55: 54 | DK55: 3 | DL55: 3 | DM55: 3 | DN55: 3 | DO55: 3 | DP55: 2 | DQ55: 2 | DR55: 2 | DS55: 2 | DT55: 3 | DU55: 3 | DV55: 3 | DW55: 2 | DX55: 2 | DY55: 2 | DZ55: 2 | EA55: 2 | EB55: 3 | EC55: 2 | ED55: 3 | EE55: 3 | EF55: 3 | EG55: 3 | EH55: 2 | EI55: 2 | EJ55: 3 | EK55: 3 | EL55: 2 | EM55: 2 | EN55: 2 | EO55: 3 | EP55: 2 | EQ55: 2 | ER55: 3 | ES55: 3 | ET55: 3 | EU55: 2 | EV55: 2 | EW55: 2 | EX55: 3 | EY55: 2 | EZ55: 3 | FA55: 3 | FB55: 2 | FC55: 2 | FD55: 2 | FE55: 2 | FF55: 3 | FG55: 2 | FH55: 3 | FQ55: 54 | FR55: 1 | FS55: =MATCH(RAND(),INDEX(Q_,FR55,0)) -> 2 | FT55: =MATCH(RAND(),INDEX(Q_,FS55,0)) -> 2 | FU55: =MATCH(RAND(),INDEX(Q_,FT55,0)) -> 2 | FV55: =MATCH(RAND(),INDEX(Q_,FU55,0)) -> 2 | FW55: =MATCH(RAND(),INDEX(Q_,FV55,0)) -> 2 | FX55: =MATCH(RAND(),INDEX(Q_,FW55,0)) -> 2 | FY55: =MATCH(RAND(),INDEX(Q_,FX55,0)) -> 2 | FZ55: =MATCH(RAND(),INDEX(Q_,FY55,0)) -> 2 | ... HP55: =MATCH(RAND(),INDEX(Q_,HO55,0)) -> 2 | HQ55: =IF(ISNUMBER(MATCH(3,FS55:HP55,0)),MATCH(3,FS55:HP55,0),51) -> 11 | HS55: 54 | HT55: 3 | HU55: =MATCH(RAND(),INDEX(Q_,HT55,0)) -> 2 | HV55: =MATCH(RAND(),INDEX(Q_,HU55,0)) -> 3 | HW55: =MATCH(RAND(),INDEX(Q_,HV55,0)) -> 3 | HX55: =MATCH(RAND(),INDEX(Q_,HW55,0)) -> 2 | HY55: =MATCH(RAND(),INDEX(Q_,HX55,0)) -> 2 | HZ55: =MATCH(RAND(),INDEX(Q_,HY55,0)) -> 2 | IA55: =MATCH(RAND(),INDEX(Q_,HZ55,0)) -> 2 | IB55: =MATCH(RAND(),INDEX(Q_,IA55,0)) -> 3 | ... JR55: =MATCH(RAND(),INDEX(Q_,JQ55,0)) -> 2 | JS55: =IF(ISNUMBER(MATCH(1,HU55:JR55,0)),MATCH(1,HU55:JR55,0),51) -> 33
... H57: 56 | I57: 1 | J57: 2 | K57: 2 | L57: 3 | M57: 2 | N57: 2 | O57: 2 | P57: 2 | Q57: 3 | R57: 2 | S57: 2 | T57: 2 | U57: 2 | V57: 3 | W57: 2 | X57: 3 | Y57: 3 | Z57: 3 | AA57: 2 | AB57: 2 | AC57: 3 | AD57: 2 | AE57: 2 | AF57: 2 | AG57: 2 | AH57: 3 | AI57: 2 | AJ57: 2 | AK57: 2 | AL57: 3 | AM57: 3 | AN57: 3 | AO57: 3 | AP57: 3 | AQ57: 3 | AR57: 2 | AS57: 3 | AT57: 2 | AU57: 2 | AV57: 3 | AW57: 2 | AX57: 3 | AY57: 2 | AZ57: 2 | BA57: 2 | BB57: 2 | BC57: 3 | BD57: 2 | BE57: 2 | BF57: 3 | BI57: 56 | BJ57: 1 | BK57: 2 | BL57: 2 | BM57: 2 | BN57: 2 | BO57: 2 | BP57: 2 | BQ57: 2 | BR57: 2 | BS57: 2 | BT57: 3 | BU57: 2 | BV57: 2 | BW57: 1 | BX57: 1 | BY57: 2 | BZ57: 1 | CA57: 2 | CB57: 2 | CC57: 2 | CD57: 2 | CE57: 3 | CF57: 2 | CG57: 2 | CH57: 2 | CI57: 2 | CJ57: 3 | CK57: 3 | CL57: 2 | CM57: 2 | CN57: 2 | CO57: 2 | CP57: 3 | CQ57: 2 | CR57: 1 | CS57: 1 | CT57: 1 | CU57: 1 | CV57: 2 | CW57: 2 | CX57: 3 | CY57: 2 | CZ57: 2 | DA57: 2 | DB57: 2 | DC57: 3 | DD57: 3 | DE57: 3 | DF57: 3 | DG57: 3 | DJ57: 56 | DK57: 3 | DL57: 2 | DM57: 2 | DN57: 2 | DO57: 2 | DP57: 2 | DQ57: 3 | DR57: 2 | DS57: 2 | DT57: 3 | DU57: 3 | DV57: 2 | DW57: 3 | DX57: 3 | DY57: 3 | DZ57: 3 | EA57: 2 | EB57: 3 | EC57: 3 | ED57: 3 | EE57: 2 | EF57: 2 | EG57: 2 | EH57: 3 | EI57: 2 | EJ57: 2 | EK57: 2 | EL57: 2 | EM57: 2 | EN57: 2 | EO57: 2 | EP57: 2 | EQ57: 2 | ER57: 3 | ES57: 3 | ET57: 2 | EU57: 2 | EV57: 2 | EW57: 2 | EX57: 2 | EY57: 2 | EZ57: 2 | FA57: 2 | FB57: 2 | FC57: 2 | FD57: 3 | FE57: 3 | FF57: 3 | FG57: 2 | FH57: 2 | FQ57: 56 | FR57: 1 | FS57: =MATCH(RAND(),INDEX(Q_,FR57,0)) -> 2 | FT57: =MATCH(RAND(),INDEX(Q_,FS57,0)) -> 3 | FU57: =MATCH(RAND(),INDEX(Q_,FT57,0)) -> 2 | FV57: =MATCH(RAND(),INDEX(Q_,FU57,0)) -> 2 | FW57: =MATCH(RAND(),INDEX(Q_,FV57,0)) -> 3 | FX57: =MATCH(RAND(),INDEX(Q_,FW57,0)) -> 3 | FY57: =MATCH(RAND(),INDEX(Q_,FX57,0)) -> 2 | FZ57: =MATCH(RAND(),INDEX(Q_,FY57,0)) -> 2 | ... HP57: =MATCH(RAND(),INDEX(Q_,HO57,0)) -> 1 | HQ57: =IF(ISNUMBER(MATCH(3,FS57:HP57,0)),MATCH(3,FS57:HP57,0),51) -> 2 | HS57: 56 | HT57: 3 | HU57: =MATCH(RAND(),INDEX(Q_,HT57,0)) -> 3 | HV57: =MATCH(RAND(),INDEX(Q_,HU57,0)) -> 3 | HW57: =MATCH(RAND(),INDEX(Q_,HV57,0)) -> 2 | HX57: =MATCH(RAND(),INDEX(Q_,HW57,0)) -> 2 | HY57: =MATCH(RAND(),INDEX(Q_,HX57,0)) -> 2 | HZ57: =MATCH(RAND(),INDEX(Q_,HY57,0)) -> 3 | IA57: =MATCH(RAND(),INDEX(Q_,HZ57,0)) -> 2 | IB57: =MATCH(RAND(),INDEX(Q_,IA57,0)) -> 1 | ... JR57: =MATCH(RAND(),INDEX(Q_,JQ57,0)) -> 2 | JS57: =IF(ISNUMBER(MATCH(1,HU57:JR57,0)),MATCH(1,HU57:JR57,0),51) -> 8
H58: 57 | I58: 1 | J58: 2 | K58: 2 | L58: 2 | M58: 2 | N58: 3 | O58: 2 | P58: 2 | Q58: 3 | R58: 1 | S58: 2 | T58: 3 | U58: 2 | V58: 2 | W58: 3 | X58: 3 | Y58: 2 | Z58: 3 | AA58: 2 | AB58: 2 | AC58: 2 | AD58: 3 | AE58: 3 | AF58: 2 | AG58: 3 | AH58: 3 | AI58: 2 | AJ58: 2 | AK58: 2 | AL58: 2 | AM58: 2 | AN58: 2 | AO58: 2 | AP58: 1 | AQ58: 1 | AR58: 2 | AS58: 2 | AT58: 3 | AU58: 2 | AV58: 2 | AW58: 3 | AX58: 2 | AY58: 3 | AZ58: 3 | BA58: 3 | BB58: 2 | BC58: 2 | BD58: 3 | BE58: 3 | BF58: 3 | BI58: 57 | BJ58: 1 | BK58: 1 | BL58: 2 | BM58: 2 | BN58: 2 | BO58: 2 | BP58: 2 | BQ58: 2 | BR58: 2 | BS58: 2 | BT58: 1 | BU58: 2 | BV58: 2 | BW58: 2 | BX58: 2 | BY58: 2 | BZ58: 2 | CA58: 1 | CB58: 1 | CC58: 2 | CD58: 2 | CE58: 2 | CF58: 3 | CG58: 2 | CH58: 3 | CI58: 3 | CJ58: 3 | CK58: 3 | CL58: 3 | CM58: 3 | CN58: 3 | CO58: 2 | CP58: 2 | CQ58: 2 | CR58: 2 | CS58: 2 | CT58: 3 | CU58: 2 | CV58: 3 | CW58: 3 | CX58: 2 | CY58: 2 | CZ58: 2 | DA58: 2 | DB58: 1 | DC58: 1 | DD58: 2 | DE58: 2 | DF58: 3 | DG58: 2 | DJ58: 57 | DK58: 3 | DL58: 3 | DM58: 3 | DN58: 2 | DO58: 2 | DP58: 1 | DQ58: 2 | DR58: 3 | DS58: 3 | DT58: 2 | DU58: 2 | DV58: 2 | DW58: 2 | DX58: 2 | DY58: 2 | DZ58: 2 | EA58: 3 | EB58: 2 | EC58: 2 | ED58: 2 | EE58: 2 | EF58: 3 | EG58: 3 | EH58: 2 | EI58: 3 | EJ58: 3 | EK58: 3 | EL58: 3 | EM58: 3 | EN58: 3 | EO58: 2 | EP58: 3 | EQ58: 1 | ER58: 1 | ES58: 2 | ET58: 3 | EU58: 3 | EV58: 2 | EW58: 3 | EX58: 3 | EY58: 2 | EZ58: 2 | FA58: 2 | FB58: 2 | FC58: 2 | FD58: 2 | FE58: 2 | FF58: 2 | FG58: 2 | FH58: 3 | FJ58: So the initial distribution does not matter in the long run | FQ58: 57 | FR58: 1 | FS58: =MATCH(RAND(),INDEX(Q_,FR58,0)) -> 2 | FT58: =MATCH(RAND(),INDEX(Q_,FS58,0)) -> 2 | FU58: =MATCH(RAND(),INDEX(Q_,FT58,0)) -> 3 | FV58: =MATCH(RAND(),INDEX(Q_,FU58,0)) -> 3 | FW58: =MATCH(RAND(),INDEX(Q_,FV58,0)) -> 3 | FX58: =MATCH(RAND(),INDEX(Q_,FW58,0)) -> 3 | FY58: =MATCH(RAND(),INDEX(Q_,FX58,0)) -> 3 | FZ58: =MATCH(RAND(),INDEX(Q_,FY58,0)) -> 2 | ... HP58: =MATCH(RAND(),INDEX(Q_,HO58,0)) -> 2 | HQ58: =IF(ISNUMBER(MATCH(3,FS58:HP58,0)),MATCH(3,FS58:HP58,0),51) -> 3 | HS58: 57 | HT58: 3 | HU58: =MATCH(RAND(),INDEX(Q_,HT58,0)) -> 3 | HV58: =MATCH(RAND(),INDEX(Q_,HU58,0)) -> 3 | HW58: =MATCH(RAND(),INDEX(Q_,HV58,0)) -> 2 | HX58: =MATCH(RAND(),INDEX(Q_,HW58,0)) -> 2 | HY58: =MATCH(RAND(),INDEX(Q_,HX58,0)) -> 2 | HZ58: =MATCH(RAND(),INDEX(Q_,HY58,0)) -> 1 | IA58: =MATCH(RAND(),INDEX(Q_,HZ58,0)) -> 1 | IB58: =MATCH(RAND(),INDEX(Q_,IA58,0)) -> 2 | ... JR58: =MATCH(RAND(),INDEX(Q_,JQ58,0)) -> 2 | JS58: =IF(ISNUMBER(MATCH(1,HU58:JR58,0)),MATCH(1,HU58:JR58,0),51) -> 6
H59: 58 | I59: 3 | J59: 2 | K59: 2 | L59: 2 | M59: 2 | N59: 2 | O59: 2 | P59: 2 | Q59: 3 | R59: 3 | S59: 2 | T59: 3 | U59: 2 | V59: 2 | W59: 2 | X59: 2 | Y59: 3 | Z59: 3 | AA59: 2 | AB59: 3 | AC59: 2 | AD59: 2 | AE59: 2 | AF59: 3 | AG59: 2 | AH59: 2 | AI59: 2 | AJ59: 3 | AK59: 3 | AL59: 2 | AM59: 2 | AN59: 2 | AO59: 2 | AP59: 2 | AQ59: 2 | AR59: 1 | AS59: 2 | AT59: 2 | AU59: 2 | AV59: 2 | AW59: 2 | AX59: 3 | AY59: 2 | AZ59: 2 | BA59: 2 | BB59: 3 | BC59: 3 | BD59: 3 | BE59: 3 | BF59: 2 | BI59: 58 | BJ59: 1 | BK59: 2 | BL59: 2 | BM59: 3 | BN59: 3 | BO59: 3 | BP59: 3 | BQ59: 2 | BR59: 2 | BS59: 2 | BT59: 2 | BU59: 3 | BV59: 2 | BW59: 2 | BX59: 2 | BY59: 3 | BZ59: 2 | CA59: 2 | CB59: 2 | CC59: 2 | CD59: 2 | CE59: 2 | CF59: 3 | CG59: 3 | CH59: 3 | CI59: 2 | CJ59: 2 | CK59: 2 | CL59: 2 | CM59: 2 | CN59: 2 | CO59: 2 | CP59: 2 | CQ59: 2 | CR59: 2 | CS59: 2 | CT59: 2 | CU59: 3 | CV59: 3 | CW59: 2 | CX59: 2 | CY59: 1 | CZ59: 1 | DA59: 1 | DB59: 1 | DC59: 2 | DD59: 2 | DE59: 2 | DF59: 2 | DG59: 2 | DJ59: 58 | DK59: 3 | DL59: 3 | DM59: 2 | DN59: 1 | DO59: 1 | DP59: 2 | DQ59: 2 | DR59: 3 | DS59: 2 | DT59: 2 | DU59: 2 | DV59: 2 | DW59: 3 | DX59: 2 | DY59: 1 | DZ59: 2 | EA59: 2 | EB59: 2 | EC59: 2 | ED59: 2 | EE59: 2 | EF59: 3 | EG59: 2 | EH59: 2 | EI59: 2 | EJ59: 2 | EK59: 3 | EL59: 2 | EM59: 3 | EN59: 3 | EO59: 3 | EP59: 2 | EQ59: 2 | ER59: 2 | ES59: 2 | ET59: 3 | EU59: 2 | EV59: 2 | EW59: 2 | EX59: 2 | EY59: 3 | EZ59: 2 | FA59: 3 | FB59: 2 | FC59: 3 | FD59: 2 | FE59: 1 | FF59: 2 | FG59: 2 | FH59: 3 | FQ59: 58 | FR59: 1 | FS59: =MATCH(RAND(),INDEX(Q_,FR59,0)) -> 1 | FT59: =MATCH(RAND(),INDEX(Q_,FS59,0)) -> 1 | FU59: =MATCH(RAND(),INDEX(Q_,FT59,0)) -> 2 | FV59: =MATCH(RAND(),INDEX(Q_,FU59,0)) -> 1 | FW59: =MATCH(RAND(),INDEX(Q_,FV59,0)) -> 2 | FX59: =MATCH(RAND(),INDEX(Q_,FW59,0)) -> 2 | FY59: =MATCH(RAND(),INDEX(Q_,FX59,0)) -> 2 | FZ59: =MATCH(RAND(),INDEX(Q_,FY59,0)) -> 2 | ... HP59: =MATCH(RAND(),INDEX(Q_,HO59,0)) -> 3 | HQ59: =IF(ISNUMBER(MATCH(3,FS59:HP59,0)),MATCH(3,FS59:HP59,0),51) -> 9 | HS59: 58 | HT59: 3 | HU59: =MATCH(RAND(),INDEX(Q_,HT59,0)) -> 3 | HV59: =MATCH(RAND(),INDEX(Q_,HU59,0)) -> 2 | HW59: =MATCH(RAND(),INDEX(Q_,HV59,0)) -> 2 | HX59: =MATCH(RAND(),INDEX(Q_,HW59,0)) -> 1 | HY59: =MATCH(RAND(),INDEX(Q_,HX59,0)) -> 2 | HZ59: =MATCH(RAND(),INDEX(Q_,HY59,0)) -> 2 | IA59: =MATCH(RAND(),INDEX(Q_,HZ59,0)) -> 2 | IB59: =MATCH(RAND(),INDEX(Q_,IA59,0)) -> 3 | ... JR59: =MATCH(RAND(),INDEX(Q_,JQ59,0)) -> 3 | JS59: =IF(ISNUMBER(MATCH(1,HU59:JR59,0)),MATCH(1,HU59:JR59,0),51) -> 4
H60: 59 | I60: 1 | J60: 2 | K60: 2 | L60: 3 | M60: 3 | N60: 2 | O60: 3 | P60: 2 | Q60: 2 | R60: 3 | S60: 2 | T60: 3 | U60: 2 | V60: 3 | W60: 3 | X60: 1 | Y60: 2 | Z60: 2 | AA60: 2 | AB60: 1 | AC60: 2 | AD60: 2 | AE60: 2 | AF60: 1 | AG60: 2 | AH60: 3 | AI60: 2 | AJ60: 2 | AK60: 2 | AL60: 3 | AM60: 3 | AN60: 3 | AO60: 3 | AP60: 3 | AQ60: 1 | AR60: 3 | AS60: 3 | AT60: 2 | AU60: 2 | AV60: 2 | AW60: 3 | AX60: 3 | AY60: 3 | AZ60: 2 | BA60: 2 | BB60: 2 | BC60: 1 | BD60: 1 | BE60: 2 | BF60: 2 | BI60: 59 | BJ60: 1 | BK60: 3 | BL60: 2 | BM60: 2 | BN60: 2 | BO60: 2 | BP60: 2 | BQ60: 3 | BR60: 2 | BS60: 2 | BT60: 3 | BU60: 2 | BV60: 3 | BW60: 3 | BX60: 3 | BY60: 3 | BZ60: 3 | CA60: 2 | CB60: 3 | CC60: 2 | CD60: 2 | CE60: 2 | CF60: 2 | CG60: 3 | CH60: 3 | CI60: 2 | CJ60: 3 | CK60: 3 | CL60: 3 | CM60: 3 | CN60: 3 | CO60: 3 | CP60: 3 | CQ60: 2 | CR60: 2 | CS60: 2 | CT60: 2 | CU60: 2 | CV60: 2 | CW60: 2 | CX60: 1 | CY60: 1 | CZ60: 2 | DA60: 1 | DB60: 2 | DC60: 3 | DD60: 2 | DE60: 3 | DF60: 2 | DG60: 2 | DJ60: 59 | DK60: 3 | DL60: 2 | DM60: 2 | DN60: 3 | DO60: 3 | DP60: 3 | DQ60: 2 | DR60: 3 | DS60: 2 | DT60: 3 | DU60: 2 | DV60: 2 | DW60: 3 | DX60: 2 | DY60: 1 | DZ60: 3 | EA60: 3 | EB60: 3 | EC60: 2 | ED60: 3 | EE60: 3 | EF60: 2 | EG60: 3 | EH60: 3 | EI60: 3 | EJ60: 3 | EK60: 3 | EL60: 2 | EM60: 2 | EN60: 2 | EO60: 2 | EP60: 2 | EQ60: 2 | ER60: 2 | ES60: 2 | ET60: 2 | EU60: 3 | EV60: 3 | EW60: 3 | EX60: 3 | EY60: 2 | EZ60: 2 | FA60: 2 | FB60: 1 | FC60: 1 | FD60: 2 | FE60: 2 | FF60: 1 | FG60: 1 | FH60: 2 | FQ60: 59 | FR60: 1 | FS60: =MATCH(RAND(),INDEX(Q_,FR60,0)) -> 2 | FT60: =MATCH(RAND(),INDEX(Q_,FS60,0)) -> 3 | FU60: =MATCH(RAND(),INDEX(Q_,FT60,0)) -> 3 | FV60: =MATCH(RAND(),INDEX(Q_,FU60,0)) -> 2 | FW60: =MATCH(RAND(),INDEX(Q_,FV60,0)) -> 2 | FX60: =MATCH(RAND(),INDEX(Q_,FW60,0)) -> 2 | FY60: =MATCH(RAND(),INDEX(Q_,FX60,0)) -> 2 | FZ60: =MATCH(RAND(),INDEX(Q_,FY60,0)) -> 2 | ... HP60: =MATCH(RAND(),INDEX(Q_,HO60,0)) -> 2 | HQ60: =IF(ISNUMBER(MATCH(3,FS60:HP60,0)),MATCH(3,FS60:HP60,0),51) -> 2 | HS60: 59 | HT60: 3 | HU60: =MATCH(RAND(),INDEX(Q_,HT60,0)) -> 2 | HV60: =MATCH(RAND(),INDEX(Q_,HU60,0)) -> 2 | HW60: =MATCH(RAND(),INDEX(Q_,HV60,0)) -> 3 | HX60: =MATCH(RAND(),INDEX(Q_,HW60,0)) -> 3 | HY60: =MATCH(RAND(),INDEX(Q_,HX60,0)) -> 3 | HZ60: =MATCH(RAND(),INDEX(Q_,HY60,0)) -> 3 | IA60: =MATCH(RAND(),INDEX(Q_,HZ60,0)) -> 3 | IB60: =MATCH(RAND(),INDEX(Q_,IA60,0)) -> 2 | ... JR60: =MATCH(RAND(),INDEX(Q_,JQ60,0)) -> 3 | JS60: =IF(ISNUMBER(MATCH(1,HU60:JR60,0)),MATCH(1,HU60:JR60,0),51) -> 51
H61: 60 | I61: 3 | J61: 3 | K61: 1 | L61: 1 | M61: 3 | N61: 2 | O61: 3 | P61: 3 | Q61: 3 | R61: 3 | S61: 3 | T61: 2 | U61: 2 | V61: 3 | W61: 3 | X61: 3 | Y61: 2 | Z61: 2 | AA61: 2 | AB61: 2 | AC61: 2 | AD61: 2 | AE61: 2 | AF61: 2 | AG61: 2 | AH61: 3 | AI61: 2 | AJ61: 3 | AK61: 3 | AL61: 2 | AM61: 2 | AN61: 2 | AO61: 2 | AP61: 2 | AQ61: 2 | AR61: 2 | AS61: 2 | AT61: 2 | AU61: 2 | AV61: 3 | AW61: 3 | AX61: 2 | AY61: 3 | AZ61: 3 | BA61: 2 | BB61: 3 | BC61: 2 | BD61: 2 | BE61: 3 | BF61: 3 | BI61: 60 | BJ61: 1 | BK61: 1 | BL61: 2 | BM61: 2 | BN61: 1 | BO61: 2 | BP61: 2 | BQ61: 2 | BR61: 2 | BS61: 3 | BT61: 3 | BU61: 3 | BV61: 2 | BW61: 2 | BX61: 1 | BY61: 2 | BZ61: 2 | CA61: 3 | CB61: 3 | CC61: 2 | CD61: 2 | CE61: 3 | CF61: 2 | CG61: 3 | CH61: 2 | CI61: 2 | CJ61: 2 | CK61: 2 | CL61: 2 | CM61: 2 | CN61: 2 | CO61: 2 | CP61: 2 | CQ61: 2 | CR61: 2 | CS61: 2 | CT61: 2 | CU61: 3 | CV61: 3 | CW61: 3 | CX61: 2 | CY61: 2 | CZ61: 3 | DA61: 2 | DB61: 1 | DC61: 1 | DD61: 1 | DE61: 2 | DF61: 3 | DG61: 3 | DJ61: 60 | DK61: 3 | DL61: 2 | DM61: 2 | DN61: 2 | DO61: 2 | DP61: 3 | DQ61: 2 | DR61: 2 | DS61: 2 | DT61: 2 | DU61: 2 | DV61: 2 | DW61: 2 | DX61: 3 | DY61: 3 | DZ61: 2 | EA61: 2 | EB61: 2 | EC61: 2 | ED61: 2 | EE61: 3 | EF61: 3 | EG61: 3 | EH61: 2 | EI61: 2 | EJ61: 2 | EK61: 2 | EL61: 2 | EM61: 3 | EN61: 3 | EO61: 2 | EP61: 2 | EQ61: 2 | ER61: 2 | ES61: 3 | ET61: 2 | EU61: 3 | EV61: 3 | EW61: 3 | EX61: 3 | EY61: 3 | EZ61: 3 | FA61: 2 | FB61: 2 | FC61: 3 | FD61: 2 | FE61: 2 | FF61: 2 | FG61: 2 | FH61: 3 | FQ61: 60 | FR61: 1 | FS61: =MATCH(RAND(),INDEX(Q_,FR61,0)) -> 1 | FT61: =MATCH(RAND(),INDEX(Q_,FS61,0)) -> 3 | FU61: =MATCH(RAND(),INDEX(Q_,FT61,0)) -> 2 | FV61: =MATCH(RAND(),INDEX(Q_,FU61,0)) -> 2 | FW61: =MATCH(RAND(),INDEX(Q_,FV61,0)) -> 2 | FX61: =MATCH(RAND(),INDEX(Q_,FW61,0)) -> 3 | FY61: =MATCH(RAND(),INDEX(Q_,FX61,0)) -> 3 | FZ61: =MATCH(RAND(),INDEX(Q_,FY61,0)) -> 3 | ... HP61: =MATCH(RAND(),INDEX(Q_,HO61,0)) -> 2 | HQ61: =IF(ISNUMBER(MATCH(3,FS61:HP61,0)),MATCH(3,FS61:HP61,0),51) -> 2 | HS61: 60 | HT61: 3 | HU61: =MATCH(RAND(),INDEX(Q_,HT61,0)) -> 3 | HV61: =MATCH(RAND(),INDEX(Q_,HU61,0)) -> 3 | HW61: =MATCH(RAND(),INDEX(Q_,HV61,0)) -> 3 | HX61: =MATCH(RAND(),INDEX(Q_,HW61,0)) -> 2 | HY61: =MATCH(RAND(),INDEX(Q_,HX61,0)) -> 2 | HZ61: =MATCH(RAND(),INDEX(Q_,HY61,0)) -> 2 | IA61: =MATCH(RAND(),INDEX(Q_,HZ61,0)) -> 3 | IB61: =MATCH(RAND(),INDEX(Q_,IA61,0)) -> 1 | ... JR61: =MATCH(RAND(),INDEX(Q_,JQ61,0)) -> 2 | JS61: =IF(ISNUMBER(MATCH(1,HU61:JR61,0)),MATCH(1,HU61:JR61,0),51) -> 8
H62: 61 | I62: 3 | J62: 2 | K62: 2 | L62: 2 | M62: 2 | N62: 2 | O62: 3 | P62: 3 | Q62: 2 | R62: 3 | S62: 3 | T62: 3 | U62: 2 | V62: 2 | W62: 2 | X62: 2 | Y62: 2 | Z62: 2 | AA62: 3 | AB62: 2 | AC62: 2 | AD62: 2 | AE62: 2 | AF62: 3 | AG62: 3 | AH62: 3 | AI62: 2 | AJ62: 2 | AK62: 2 | AL62: 1 | AM62: 1 | AN62: 1 | AO62: 2 | AP62: 2 | AQ62: 3 | AR62: 2 | AS62: 2 | AT62: 2 | AU62: 2 | AV62: 2 | AW62: 2 | AX62: 2 | AY62: 3 | AZ62: 2 | BA62: 3 | BB62: 3 | BC62: 2 | BD62: 3 | BE62: 2 | BF62: 2 | BI62: 61 | BJ62: 1 | BK62: 2 | BL62: 2 | BM62: 2 | BN62: 2 | BO62: 2 | BP62: 2 | BQ62: 2 | BR62: 2 | BS62: 2 | BT62: 3 | BU62: 2 | BV62: 3 | BW62: 2 | BX62: 2 | BY62: 2 | BZ62: 3 | CA62: 2 | CB62: 2 | CC62: 3 | CD62: 2 | CE62: 3 | CF62: 3 | CG62: 3 | CH62: 3 | CI62: 2 | CJ62: 2 | CK62: 2 | CL62: 1 | CM62: 1 | CN62: 2 | CO62: 2 | CP62: 2 | CQ62: 2 | CR62: 3 | CS62: 2 | CT62: 3 | CU62: 2 | CV62: 3 | CW62: 2 | CX62: 2 | CY62: 2 | CZ62: 1 | DA62: 1 | DB62: 1 | DC62: 2 | DD62: 2 | DE62: 2 | DF62: 2 | DG62: 2 | DJ62: 61 | DK62: 3 | DL62: 3 | DM62: 3 | DN62: 2 | DO62: 2 | DP62: 2 | DQ62: 1 | DR62: 1 | DS62: 2 | DT62: 3 | DU62: 2 | DV62: 2 | DW62: 2 | DX62: 2 | DY62: 3 | DZ62: 2 | EA62: 3 | EB62: 2 | EC62: 3 | ED62: 2 | EE62: 2 | EF62: 3 | EG62: 3 | EH62: 3 | EI62: 3 | EJ62: 3 | EK62: 3 | EL62: 2 | EM62: 3 | EN62: 2 | EO62: 2 | EP62: 2 | EQ62: 3 | ER62: 3 | ES62: 3 | ET62: 2 | EU62: 2 | EV62: 3 | EW62: 2 | EX62: 2 | EY62: 2 | EZ62: 2 | FA62: 2 | FB62: 2 | FC62: 3 | FD62: 3 | FE62: 3 | FF62: 3 | FG62: 2 | FH62: 3 | FQ62: 61 | FR62: 1 | FS62: =MATCH(RAND(),INDEX(Q_,FR62,0)) -> 1 | FT62: =MATCH(RAND(),INDEX(Q_,FS62,0)) -> 2 | FU62: =MATCH(RAND(),INDEX(Q_,FT62,0)) -> 2 | FV62: =MATCH(RAND(),INDEX(Q_,FU62,0)) -> 2 | FW62: =MATCH(RAND(),INDEX(Q_,FV62,0)) -> 2 | FX62: =MATCH(RAND(),INDEX(Q_,FW62,0)) -> 3 | FY62: =MATCH(RAND(),INDEX(Q_,FX62,0)) -> 3 | FZ62: =MATCH(RAND(),INDEX(Q_,FY62,0)) -> 2 | ... HP62: =MATCH(RAND(),INDEX(Q_,HO62,0)) -> 2 | HQ62: =IF(ISNUMBER(MATCH(3,FS62:HP62,0)),MATCH(3,FS62:HP62,0),51) -> 6 | HS62: 61 | HT62: 3 | HU62: =MATCH(RAND(),INDEX(Q_,HT62,0)) -> 3 | HV62: =MATCH(RAND(),INDEX(Q_,HU62,0)) -> 3 | HW62: =MATCH(RAND(),INDEX(Q_,HV62,0)) -> 2 | HX62: =MATCH(RAND(),INDEX(Q_,HW62,0)) -> 3 | HY62: =MATCH(RAND(),INDEX(Q_,HX62,0)) -> 2 | HZ62: =MATCH(RAND(),INDEX(Q_,HY62,0)) -> 2 | IA62: =MATCH(RAND(),INDEX(Q_,HZ62,0)) -> 2 | IB62: =MATCH(RAND(),INDEX(Q_,IA62,0)) -> 2 | ... JR62: =MATCH(RAND(),INDEX(Q_,JQ62,0)) -> 3 | JS62: =IF(ISNUMBER(MATCH(1,HU62:JR62,0)),MATCH(1,HU62:JR62,0),51) -> 51
H63: 62 | I63: 1 | J63: 1 | K63: 1 | L63: 2 | M63: 2 | N63: 2 | O63: 1 | P63: 2 | Q63: 3 | R63: 3 | S63: 3 | T63: 3 | U63: 3 | V63: 2 | W63: 2 | X63: 2 | Y63: 2 | Z63: 3 | AA63: 3 | AB63: 3 | AC63: 3 | AD63: 3 | AE63: 2 | AF63: 2 | AG63: 3 | AH63: 3 | AI63: 2 | AJ63: 3 | AK63: 3 | AL63: 2 | AM63: 2 | AN63: 2 | AO63: 2 | AP63: 2 | AQ63: 2 | AR63: 2 | AS63: 2 | AT63: 2 | AU63: 2 | AV63: 2 | AW63: 2 | AX63: 2 | AY63: 2 | AZ63: 2 | BA63: 2 | BB63: 2 | BC63: 2 | BD63: 3 | BE63: 2 | BF63: 2 | BI63: 62 | BJ63: 1 | BK63: 2 | BL63: 3 | BM63: 2 | BN63: 2 | BO63: 2 | BP63: 3 | BQ63: 2 | BR63: 3 | BS63: 2 | BT63: 2 | BU63: 2 | BV63: 1 | BW63: 2 | BX63: 2 | BY63: 2 | BZ63: 2 | CA63: 1 | CB63: 1 | CC63: 1 | CD63: 2 | CE63: 2 | CF63: 1 | CG63: 3 | CH63: 3 | CI63: 2 | CJ63: 2 | CK63: 1 | CL63: 1 | CM63: 2 | CN63: 3 | CO63: 2 | CP63: 2 | CQ63: 2 | CR63: 2 | CS63: 2 | CT63: 2 | CU63: 2 | CV63: 3 | CW63: 2 | CX63: 2 | CY63: 2 | CZ63: 2 | DA63: 2 | DB63: 2 | DC63: 2 | DD63: 2 | DE63: 3 | DF63: 3 | DG63: 2 | DJ63: 62 | DK63: 3 | DL63: 3 | DM63: 3 | DN63: 2 | DO63: 2 | DP63: 2 | DQ63: 2 | DR63: 2 | DS63: 2 | DT63: 2 | DU63: 2 | DV63: 2 | DW63: 2 | DX63: 2 | DY63: 2 | DZ63: 2 | EA63: 2 | EB63: 2 | EC63: 3 | ED63: 2 | EE63: 1 | EF63: 1 | EG63: 1 | EH63: 2 | EI63: 2 | EJ63: 2 | EK63: 3 | EL63: 3 | EM63: 2 | EN63: 1 | EO63: 2 | EP63: 2 | EQ63: 2 | ER63: 2 | ES63: 2 | ET63: 2 | EU63: 1 | EV63: 1 | EW63: 1 | EX63: 1 | EY63: 2 | EZ63: 3 | FA63: 2 | FB63: 2 | FC63: 3 | FD63: 2 | FE63: 3 | FF63: 2 | FG63: 1 | FH63: 2 | FQ63: 62 | FR63: 1 | FS63: =MATCH(RAND(),INDEX(Q_,FR63,0)) -> 2 | FT63: =MATCH(RAND(),INDEX(Q_,FS63,0)) -> 2 | FU63: =MATCH(RAND(),INDEX(Q_,FT63,0)) -> 2 | FV63: =MATCH(RAND(),INDEX(Q_,FU63,0)) -> 2 | FW63: =MATCH(RAND(),INDEX(Q_,FV63,0)) -> 2 | FX63: =MATCH(RAND(),INDEX(Q_,FW63,0)) -> 2 | FY63: =MATCH(RAND(),INDEX(Q_,FX63,0)) -> 2 | FZ63: =MATCH(RAND(),INDEX(Q_,FY63,0)) -> 2 | ... HP63: =MATCH(RAND(),INDEX(Q_,HO63,0)) -> 2 | HQ63: =IF(ISNUMBER(MATCH(3,FS63:HP63,0)),MATCH(3,FS63:HP63,0),51) -> 10 | HS63: 62 | HT63: 3 | HU63: =MATCH(RAND(),INDEX(Q_,HT63,0)) -> 3 | HV63: =MATCH(RAND(),INDEX(Q_,HU63,0)) -> 2 | HW63: =MATCH(RAND(),INDEX(Q_,HV63,0)) -> 3 | HX63: =MATCH(RAND(),INDEX(Q_,HW63,0)) -> 2 | HY63: =MATCH(RAND(),INDEX(Q_,HX63,0)) -> 3 | HZ63: =MATCH(RAND(),INDEX(Q_,HY63,0)) -> 3 | IA63: =MATCH(RAND(),INDEX(Q_,HZ63,0)) -> 2 | IB63: =MATCH(RAND(),INDEX(Q_,IA63,0)) -> 2 | ... JR63: =MATCH(RAND(),INDEX(Q_,JQ63,0)) -> 3 | JS63: =IF(ISNUMBER(MATCH(1,HU63:JR63,0)),MATCH(1,HU63:JR63,0),51) -> 13
H64: 63 | I64: 1 | J64: 1 | K64: 1 | L64: 1 | M64: 1 | N64: 3 | O64: 3 | P64: 3 | Q64: 3 | R64: 3 | S64: 2 | T64: 2 | U64: 2 | V64: 3 | W64: 3 | X64: 2 | Y64: 2 | Z64: 2 | AA64: 2 | AB64: 2 | AC64: 2 | AD64: 2 | AE64: 2 | AF64: 2 | AG64: 2 | AH64: 2 | AI64: 2 | AJ64: 2 | AK64: 2 | AL64: 2 | AM64: 2 | AN64: 2 | AO64: 2 | AP64: 3 | AQ64: 3 | AR64: 3 | AS64: 3 | AT64: 2 | AU64: 2 | AV64: 2 | AW64: 2 | AX64: 2 | AY64: 3 | AZ64: 2 | BA64: 3 | BB64: 3 | BC64: 2 | BD64: 3 | BE64: 3 | BF64: 2 | BI64: 63 | BJ64: 1 | BK64: 2 | BL64: 3 | BM64: 3 | BN64: 2 | BO64: 2 | BP64: 2 | BQ64: 2 | BR64: 3 | BS64: 2 | BT64: 2 | BU64: 2 | BV64: 2 | BW64: 2 | BX64: 2 | BY64: 3 | BZ64: 3 | CA64: 3 | CB64: 2 | CC64: 3 | CD64: 2 | CE64: 2 | CF64: 3 | CG64: 3 | CH64: 3 | CI64: 2 | CJ64: 2 | CK64: 3 | CL64: 2 | CM64: 2 | CN64: 2 | CO64: 3 | CP64: 3 | CQ64: 3 | CR64: 2 | CS64: 3 | CT64: 2 | CU64: 2 | CV64: 2 | CW64: 2 | CX64: 2 | CY64: 2 | CZ64: 3 | DA64: 2 | DB64: 2 | DC64: 3 | DD64: 2 | DE64: 2 | DF64: 2 | DG64: 2 | DJ64: 63 | DK64: 3 | DL64: 3 | DM64: 2 | DN64: 2 | DO64: 3 | DP64: 3 | DQ64: 2 | DR64: 2 | DS64: 2 | DT64: 2 | DU64: 2 | DV64: 2 | DW64: 3 | DX64: 3 | DY64: 2 | DZ64: 2 | EA64: 2 | EB64: 2 | EC64: 3 | ED64: 2 | EE64: 2 | EF64: 2 | EG64: 2 | EH64: 3 | EI64: 2 | EJ64: 2 | EK64: 3 | EL64: 2 | EM64: 2 | EN64: 2 | EO64: 3 | EP64: 3 | EQ64: 2 | ER64: 2 | ES64: 1 | ET64: 2 | EU64: 2 | EV64: 2 | EW64: 3 | EX64: 2 | EY64: 2 | EZ64: 2 | FA64: 3 | FB64: 3 | FC64: 3 | FD64: 2 | FE64: 2 | FF64: 2 | FG64: 2 | FH64: 3 | FQ64: 63 | FR64: 1 | FS64: =MATCH(RAND(),INDEX(Q_,FR64,0)) -> 2 | FT64: =MATCH(RAND(),INDEX(Q_,FS64,0)) -> 2 | FU64: =MATCH(RAND(),INDEX(Q_,FT64,0)) -> 2 | FV64: =MATCH(RAND(),INDEX(Q_,FU64,0)) -> 2 | FW64: =MATCH(RAND(),INDEX(Q_,FV64,0)) -> 2 | FX64: =MATCH(RAND(),INDEX(Q_,FW64,0)) -> 2 | FY64: =MATCH(RAND(),INDEX(Q_,FX64,0)) -> 2 | FZ64: =MATCH(RAND(),INDEX(Q_,FY64,0)) -> 2 | ... HP64: =MATCH(RAND(),INDEX(Q_,HO64,0)) -> 3 | HQ64: =IF(ISNUMBER(MATCH(3,FS64:HP64,0)),MATCH(3,FS64:HP64,0),51) -> 12 | HS64: 63 | HT64: 3 | HU64: =MATCH(RAND(),INDEX(Q_,HT64,0)) -> 2 | HV64: =MATCH(RAND(),INDEX(Q_,HU64,0)) -> 2 | HW64: =MATCH(RAND(),INDEX(Q_,HV64,0)) -> 2 | HX64: =MATCH(RAND(),INDEX(Q_,HW64,0)) -> 2 | HY64: =MATCH(RAND(),INDEX(Q_,HX64,0)) -> 2 | HZ64: =MATCH(RAND(),INDEX(Q_,HY64,0)) -> 2 | IA64: =MATCH(RAND(),INDEX(Q_,HZ64,0)) -> 3 | IB64: =MATCH(RAND(),INDEX(Q_,IA64,0)) -> 2 | ... JR64: =MATCH(RAND(),INDEX(Q_,JQ64,0)) -> 2 | JS64: =IF(ISNUMBER(MATCH(1,HU64:JR64,0)),MATCH(1,HU64:JR64,0),51) -> 9
H65: 64 | I65: 3 | J65: 2 | K65: 2 | L65: 2 | M65: 2 | N65: 2 | O65: 2 | P65: 2 | Q65: 2 | R65: 3 | S65: 3 | T65: 3 | U65: 3 | V65: 2 | W65: 2 | X65: 2 | Y65: 2 | Z65: 2 | AA65: 2 | AB65: 3 | AC65: 2 | AD65: 2 | AE65: 2 | AF65: 2 | AG65: 2 | AH65: 3 | AI65: 2 | AJ65: 3 | AK65: 3 | AL65: 3 | AM65: 3 | AN65: 2 | AO65: 3 | AP65: 3 | AQ65: 2 | AR65: 3 | AS65: 3 | AT65: 3 | AU65: 3 | AV65: 2 | AW65: 2 | AX65: 3 | AY65: 2 | AZ65: 2 | BA65: 2 | BB65: 2 | BC65: 2 | BD65: 3 | BE65: 3 | BF65: 2 | BI65: 64 | BJ65: 1 | BK65: 2 | BL65: 2 | BM65: 2 | BN65: 3 | BO65: 2 | BP65: 2 | BQ65: 3 | BR65: 3 | BS65: 2 | BT65: 2 | BU65: 2 | BV65: 2 | BW65: 2 | BX65: 1 | BY65: 2 | BZ65: 3 | CA65: 3 | CB65: 3 | CC65: 2 | CD65: 3 | CE65: 2 | CF65: 1 | CG65: 2 | CH65: 2 | CI65: 3 | CJ65: 2 | CK65: 2 | CL65: 2 | CM65: 3 | CN65: 3 | CO65: 2 | CP65: 2 | CQ65: 2 | CR65: 1 | CS65: 1 | CT65: 2 | CU65: 2 | CV65: 2 | CW65: 1 | CX65: 1 | CY65: 1 | CZ65: 2 | DA65: 1 | DB65: 2 | DC65: 2 | DD65: 2 | DE65: 2 | DF65: 2 | DG65: 1 | DJ65: 64 | DK65: 3 | DL65: 2 | DM65: 2 | DN65: 2 | DO65: 1 | DP65: 1 | DQ65: 1 | DR65: 2 | DS65: 2 | DT65: 3 | DU65: 2 | DV65: 2 | DW65: 2 | DX65: 2 | DY65: 2 | DZ65: 2 | EA65: 2 | EB65: 2 | EC65: 2 | ED65: 2 | EE65: 2 | EF65: 2 | EG65: 2 | EH65: 2 | EI65: 2 | EJ65: 2 | EK65: 2 | EL65: 3 | EM65: 3 | EN65: 2 | EO65: 2 | EP65: 2 | EQ65: 3 | ER65: 3 | ES65: 3 | ET65: 3 | EU65: 2 | EV65: 2 | EW65: 2 | EX65: 2 | EY65: 3 | EZ65: 2 | FA65: 2 | FB65: 3 | FC65: 2 | FD65: 2 | FE65: 2 | FF65: 2 | FG65: 2 | FH65: 2 | FQ65: 64 | FR65: 1 | FS65: =MATCH(RAND(),INDEX(Q_,FR65,0)) -> 1 | FT65: =MATCH(RAND(),INDEX(Q_,FS65,0)) -> 2 | FU65: =MATCH(RAND(),INDEX(Q_,FT65,0)) -> 2 | FV65: =MATCH(RAND(),INDEX(Q_,FU65,0)) -> 2 | FW65: =MATCH(RAND(),INDEX(Q_,FV65,0)) -> 3 | FX65: =MATCH(RAND(),INDEX(Q_,FW65,0)) -> 2 | FY65: =MATCH(RAND(),INDEX(Q_,FX65,0)) -> 2 | FZ65: =MATCH(RAND(),INDEX(Q_,FY65,0)) -> 2 | ... HP65: =MATCH(RAND(),INDEX(Q_,HO65,0)) -> 2 | HQ65: =IF(ISNUMBER(MATCH(3,FS65:HP65,0)),MATCH(3,FS65:HP65,0),51) -> 5 | HS65: 64 | HT65: 3 | HU65: =MATCH(RAND(),INDEX(Q_,HT65,0)) -> 3 | HV65: =MATCH(RAND(),INDEX(Q_,HU65,0)) -> 2 | HW65: =MATCH(RAND(),INDEX(Q_,HV65,0)) -> 3 | HX65: =MATCH(RAND(),INDEX(Q_,HW65,0)) -> 3 | HY65: =MATCH(RAND(),INDEX(Q_,HX65,0)) -> 2 | HZ65: =MATCH(RAND(),INDEX(Q_,HY65,0)) -> 2 | IA65: =MATCH(RAND(),INDEX(Q_,HZ65,0)) -> 2 | IB65: =MATCH(RAND(),INDEX(Q_,IA65,0)) -> 3 | ... JR65: =MATCH(RAND(),INDEX(Q_,JQ65,0)) -> 2 | JS65: =IF(ISNUMBER(MATCH(1,HU65:JR65,0)),MATCH(1,HU65:JR65,0),51) -> 10
H66: 65 | I66: 1 | J66: 1 | K66: 1 | L66: 1 | M66: 2 | N66: 3 | O66: 3 | P66: 2 | Q66: 1 | R66: 1 | S66: 1 | T66: 2 | U66: 2 | V66: 2 | W66: 3 | X66: 2 | Y66: 2 | Z66: 3 | AA66: 3 | AB66: 3 | AC66: 3 | AD66: 2 | AE66: 2 | AF66: 3 | AG66: 2 | AH66: 2 | AI66: 2 | AJ66: 1 | AK66: 1 | AL66: 3 | AM66: 3 | AN66: 2 | AO66: 2 | AP66: 3 | AQ66: 2 | AR66: 2 | AS66: 2 | AT66: 2 | AU66: 3 | AV66: 3 | AW66: 2 | AX66: 3 | AY66: 3 | AZ66: 3 | BA66: 2 | BB66: 1 | BC66: 2 | BD66: 2 | BE66: 2 | BF66: 2 | BI66: 65 | BJ66: 1 | BK66: 2 | BL66: 2 | BM66: 2 | BN66: 2 | BO66: 3 | BP66: 2 | BQ66: 2 | BR66: 2 | BS66: 2 | BT66: 3 | BU66: 2 | BV66: 2 | BW66: 3 | BX66: 3 | BY66: 3 | BZ66: 3 | CA66: 2 | CB66: 2 | CC66: 2 | CD66: 2 | CE66: 3 | CF66: 3 | CG66: 2 | CH66: 2 | CI66: 2 | CJ66: 3 | CK66: 3 | CL66: 2 | CM66: 3 | CN66: 3 | CO66: 2 | CP66: 2 | CQ66: 1 | CR66: 1 | CS66: 1 | CT66: 1 | CU66: 1 | CV66: 1 | CW66: 1 | CX66: 2 | CY66: 2 | CZ66: 2 | DA66: 3 | DB66: 3 | DC66: 2 | DD66: 3 | DE66: 3 | DF66: 3 | DG66: 2 | DJ66: 65 | DK66: 3 | DL66: 3 | DM66: 2 | DN66: 2 | DO66: 2 | DP66: 3 | DQ66: 3 | DR66: 2 | DS66: 2 | DT66: 3 | DU66: 3 | DV66: 3 | DW66: 3 | DX66: 3 | DY66: 3 | DZ66: 3 | EA66: 3 | EB66: 2 | EC66: 2 | ED66: 3 | EE66: 3 | EF66: 3 | EG66: 2 | EH66: 2 | EI66: 3 | EJ66: 2 | EK66: 2 | EL66: 3 | EM66: 3 | EN66: 2 | EO66: 2 | EP66: 2 | EQ66: 2 | ER66: 2 | ES66: 2 | ET66: 3 | EU66: 3 | EV66: 2 | EW66: 2 | EX66: 2 | EY66: 3 | EZ66: 2 | FA66: 2 | FB66: 2 | FC66: 2 | FD66: 3 | FE66: 3 | FF66: 3 | FG66: 2 | FH66: 2 | FQ66: 65 | FR66: 1 | FS66: =MATCH(RAND(),INDEX(Q_,FR66,0)) -> 1 | FT66: =MATCH(RAND(),INDEX(Q_,FS66,0)) -> 2 | FU66: =MATCH(RAND(),INDEX(Q_,FT66,0)) -> 2 | FV66: =MATCH(RAND(),INDEX(Q_,FU66,0)) -> 2 | FW66: =MATCH(RAND(),INDEX(Q_,FV66,0)) -> 2 | FX66: =MATCH(RAND(),INDEX(Q_,FW66,0)) -> 3 | FY66: =MATCH(RAND(),INDEX(Q_,FX66,0)) -> 2 | FZ66: =MATCH(RAND(),INDEX(Q_,FY66,0)) -> 2 | ... HP66: =MATCH(RAND(),INDEX(Q_,HO66,0)) -> 2 | HQ66: =IF(ISNUMBER(MATCH(3,FS66:HP66,0)),MATCH(3,FS66:HP66,0),51) -> 6 | HS66: 65 | HT66: 3 | HU66: =MATCH(RAND(),INDEX(Q_,HT66,0)) -> 2 | HV66: =MATCH(RAND(),INDEX(Q_,HU66,0)) -> 2 | HW66: =MATCH(RAND(),INDEX(Q_,HV66,0)) -> 2 | HX66: =MATCH(RAND(),INDEX(Q_,HW66,0)) -> 3 | HY66: =MATCH(RAND(),INDEX(Q_,HX66,0)) -> 3 | HZ66: =MATCH(RAND(),INDEX(Q_,HY66,0)) -> 3 | IA66: =MATCH(RAND(),INDEX(Q_,HZ66,0)) -> 3 | IB66: =MATCH(RAND(),INDEX(Q_,IA66,0)) -> 2 | ... JR66: =MATCH(RAND(),INDEX(Q_,JQ66,0)) -> 2 | JS66: =IF(ISNUMBER(MATCH(1,HU66:JR66,0)),MATCH(1,HU66:JR66,0),51) -> 18
H67: 66 | I67: 1 | J67: 1 | K67: 2 | L67: 2 | M67: 2 | N67: 2 | O67: 2 | P67: 2 | Q67: 2 | R67: 2 | S67: 2 | T67: 2 | U67: 2 | V67: 2 | W67: 2 | X67: 2 | Y67: 2 | Z67: 3 | AA67: 2 | AB67: 3 | AC67: 3 | AD67: 2 | AE67: 2 | AF67: 2 | AG67: 3 | AH67: 3 | AI67: 3 | AJ67: 2 | AK67: 2 | AL67: 2 | AM67: 3 | AN67: 2 | AO67: 2 | AP67: 2 | AQ67: 2 | AR67: 2 | AS67: 2 | AT67: 3 | AU67: 2 | AV67: 3 | AW67: 2 | AX67: 2 | AY67: 2 | AZ67: 3 | BA67: 3 | BB67: 2 | BC67: 3 | BD67: 2 | BE67: 2 | BF67: 2 | BI67: 66 | BJ67: 1 | BK67: 1 | BL67: 1 | BM67: 1 | BN67: 1 | BO67: 1 | BP67: 1 | BQ67: 2 | BR67: 2 | BS67: 3 | BT67: 2 | BU67: 2 | BV67: 2 | BW67: 2 | BX67: 1 | BY67: 2 | BZ67: 2 | CA67: 2 | CB67: 3 | CC67: 3 | CD67: 3 | CE67: 2 | CF67: 3 | CG67: 2 | CH67: 3 | CI67: 3 | CJ67: 3 | CK67: 3 | CL67: 3 | CM67: 3 | CN67: 2 | CO67: 2 | CP67: 2 | CQ67: 2 | CR67: 2 | CS67: 2 | CT67: 3 | CU67: 3 | CV67: 2 | CW67: 2 | CX67: 2 | CY67: 3 | CZ67: 3 | DA67: 3 | DB67: 3 | DC67: 3 | DD67: 2 | DE67: 2 | DF67: 2 | DG67: 2 | DJ67: 66 | DK67: 3 | DL67: 2 | DM67: 2 | DN67: 2 | DO67: 2 | DP67: 3 | DQ67: 2 | DR67: 3 | DS67: 2 | DT67: 2 | DU67: 3 | DV67: 3 | DW67: 2 | DX67: 2 | DY67: 2 | DZ67: 3 | EA67: 1 | EB67: 2 | EC67: 2 | ED67: 3 | EE67: 3 | EF67: 3 | EG67: 3 | EH67: 3 | EI67: 2 | EJ67: 2 | EK67: 2 | EL67: 2 | EM67: 3 | EN67: 3 | EO67: 3 | EP67: 2 | EQ67: 3 | ER67: 3 | ES67: 2 | ET67: 2 | EU67: 2 | EV67: 3 | EW67: 2 | EX67: 2 | EY67: 1 | EZ67: 1 | FA67: 2 | FB67: 2 | FC67: 2 | FD67: 2 | FE67: 3 | FF67: 3 | FG67: 2 | FH67: 3 | FQ67: 66 | FR67: 1 | FS67: =MATCH(RAND(),INDEX(Q_,FR67,0)) -> 2 | FT67: =MATCH(RAND(),INDEX(Q_,FS67,0)) -> 2 | FU67: =MATCH(RAND(),INDEX(Q_,FT67,0)) -> 2 | FV67: =MATCH(RAND(),INDEX(Q_,FU67,0)) -> 2 | FW67: =MATCH(RAND(),INDEX(Q_,FV67,0)) -> 2 | FX67: =MATCH(RAND(),INDEX(Q_,FW67,0)) -> 2 | FY67: =MATCH(RAND(),INDEX(Q_,FX67,0)) -> 2 | FZ67: =MATCH(RAND(),INDEX(Q_,FY67,0)) -> 2 | ... HP67: =MATCH(RAND(),INDEX(Q_,HO67,0)) -> 3 | HQ67: =IF(ISNUMBER(MATCH(3,FS67:HP67,0)),MATCH(3,FS67:HP67,0),51) -> 11 | HS67: 66 | HT67: 3 | HU67: =MATCH(RAND(),INDEX(Q_,HT67,0)) -> 3 | HV67: =MATCH(RAND(),INDEX(Q_,HU67,0)) -> 2 | HW67: =MATCH(RAND(),INDEX(Q_,HV67,0)) -> 2 | HX67: =MATCH(RAND(),INDEX(Q_,HW67,0)) -> 3 | HY67: =MATCH(RAND(),INDEX(Q_,HX67,0)) -> 3 | HZ67: =MATCH(RAND(),INDEX(Q_,HY67,0)) -> 3 | IA67: =MATCH(RAND(),INDEX(Q_,HZ67,0)) -> 3 | IB67: =MATCH(RAND(),INDEX(Q_,IA67,0)) -> 3 | ... JR67: =MATCH(RAND(),INDEX(Q_,JQ67,0)) -> 1 | JS67: =IF(ISNUMBER(MATCH(1,HU67:JR67,0)),MATCH(1,HU67:JR67,0),51) -> 38
H68: 67 | I68: 1 | J68: 2 | K68: 2 | L68: 2 | M68: 2 | N68: 2 | O68: 2 | P68: 2 | Q68: 2 | R68: 2 | S68: 3 | T68: 2 | U68: 1 | V68: 2 | W68: 1 | X68: 2 | Y68: 2 | Z68: 3 | AA68: 3 | AB68: 2 | AC68: 3 | AD68: 3 | AE68: 2 | AF68: 3 | AG68: 3 | AH68: 3 | AI68: 2 | AJ68: 2 | AK68: 2 | AL68: 2 | AM68: 2 | AN68: 2 | AO68: 2 | AP68: 2 | AQ68: 2 | AR68: 3 | AS68: 2 | AT68: 2 | AU68: 1 | AV68: 1 | AW68: 2 | AX68: 2 | AY68: 2 | AZ68: 2 | BA68: 2 | BB68: 2 | BC68: 2 | BD68: 2 | BE68: 2 | BF68: 2 | BI68: 67 | BJ68: 1 | BK68: 2 | BL68: 2 | BM68: 1 | BN68: 2 | BO68: 2 | BP68: 3 | BQ68: 2 | BR68: 2 | BS68: 2 | BT68: 2 | BU68: 3 | BV68: 2 | BW68: 2 | BX68: 2 | BY68: 2 | BZ68: 3 | CA68: 2 | CB68: 2 | CC68: 2 | CD68: 2 | CE68: 2 | CF68: 2 | CG68: 2 | CH68: 2 | CI68: 2 | CJ68: 2 | CK68: 2 | CL68: 2 | CM68: 2 | CN68: 3 | CO68: 3 | CP68: 3 | CQ68: 2 | CR68: 2 | CS68: 3 | CT68: 2 | CU68: 2 | CV68: 2 | CW68: 2 | CX68: 2 | CY68: 2 | CZ68: 1 | DA68: 2 | DB68: 1 | DC68: 2 | DD68: 2 | DE68: 2 | DF68: 2 | DG68: 2 | DJ68: 67 | DK68: 3 | DL68: 2 | DM68: 2 | DN68: 2 | DO68: 2 | DP68: 2 | DQ68: 3 | DR68: 3 | DS68: 3 | DT68: 3 | DU68: 3 | DV68: 2 | DW68: 3 | DX68: 3 | DY68: 2 | DZ68: 3 | EA68: 3 | EB68: 3 | EC68: 3 | ED68: 3 | EE68: 3 | EF68: 2 | EG68: 2 | EH68: 2 | EI68: 2 | EJ68: 1 | EK68: 1 | EL68: 2 | EM68: 2 | EN68: 2 | EO68: 2 | EP68: 3 | EQ68: 2 | ER68: 2 | ES68: 3 | ET68: 2 | EU68: 2 | EV68: 2 | EW68: 2 | EX68: 3 | EY68: 2 | EZ68: 3 | FA68: 3 | FB68: 2 | FC68: 3 | FD68: 3 | FE68: 3 | FF68: 3 | FG68: 2 | FH68: 2 | FQ68: 67 | FR68: 1 | FS68: =MATCH(RAND(),INDEX(Q_,FR68,0)) -> 1 | FT68: =MATCH(RAND(),INDEX(Q_,FS68,0)) -> 3 | FU68: =MATCH(RAND(),INDEX(Q_,FT68,0)) -> 3 | FV68: =MATCH(RAND(),INDEX(Q_,FU68,0)) -> 2 | FW68: =MATCH(RAND(),INDEX(Q_,FV68,0)) -> 2 | FX68: =MATCH(RAND(),INDEX(Q_,FW68,0)) -> 2 | FY68: =MATCH(RAND(),INDEX(Q_,FX68,0)) -> 2 | FZ68: =MATCH(RAND(),INDEX(Q_,FY68,0)) -> 3 | ... HP68: =MATCH(RAND(),INDEX(Q_,HO68,0)) -> 2 | HQ68: =IF(ISNUMBER(MATCH(3,FS68:HP68,0)),MATCH(3,FS68:HP68,0),51) -> 2 | HS68: 67 | HT68: 3 | HU68: =MATCH(RAND(),INDEX(Q_,HT68,0)) -> 3 | HV68: =MATCH(RAND(),INDEX(Q_,HU68,0)) -> 3 | HW68: =MATCH(RAND(),INDEX(Q_,HV68,0)) -> 2 | HX68: =MATCH(RAND(),INDEX(Q_,HW68,0)) -> 2 | HY68: =MATCH(RAND(),INDEX(Q_,HX68,0)) -> 3 | HZ68: =MATCH(RAND(),INDEX(Q_,HY68,0)) -> 2 | IA68: =MATCH(RAND(),INDEX(Q_,HZ68,0)) -> 2 | IB68: =MATCH(RAND(),INDEX(Q_,IA68,0)) -> 2 | ... JR68: =MATCH(RAND(),INDEX(Q_,JQ68,0)) -> 2 | JS68: =IF(ISNUMBER(MATCH(1,HU68:JR68,0)),MATCH(1,HU68:JR68,0),51) -> 21
H69: 68 | I69: 3 | J69: 2 | K69: 2 | L69: 2 | M69: 2 | N69: 3 | O69: 2 | P69: 2 | Q69: 2 | R69: 2 | S69: 3 | T69: 3 | U69: 2 | V69: 2 | W69: 2 | X69: 2 | Y69: 2 | Z69: 2 | AA69: 2 | AB69: 2 | AC69: 2 | AD69: 2 | AE69: 2 | AF69: 3 | AG69: 3 | AH69: 3 | AI69: 3 | AJ69: 3 | AK69: 3 | AL69: 2 | AM69: 2 | AN69: 2 | AO69: 2 | AP69: 2 | AQ69: 3 | AR69: 2 | AS69: 2 | AT69: 2 | AU69: 3 | AV69: 2 | AW69: 2 | AX69: 2 | AY69: 2 | AZ69: 3 | BA69: 2 | BB69: 2 | BC69: 2 | BD69: 2 | BE69: 2 | BF69: 2 | BI69: 68 | BJ69: 1 | BK69: 1 | BL69: 2 | BM69: 2 | BN69: 3 | BO69: 3 | BP69: 3 | BQ69: 2 | BR69: 2 | BS69: 2 | BT69: 2 | BU69: 2 | BV69: 2 | BW69: 2 | BX69: 3 | BY69: 3 | BZ69: 3 | CA69: 2 | CB69: 3 | CC69: 1 | CD69: 2 | CE69: 2 | CF69: 2 | CG69: 2 | CH69: 2 | CI69: 2 | CJ69: 2 | CK69: 2 | CL69: 2 | CM69: 2 | CN69: 2 | CO69: 3 | CP69: 2 | CQ69: 3 | CR69: 3 | CS69: 3 | CT69: 3 | CU69: 3 | CV69: 3 | CW69: 2 | CX69: 2 | CY69: 2 | CZ69: 2 | DA69: 2 | DB69: 2 | DC69: 2 | DD69: 2 | DE69: 2 | DF69: 2 | DG69: 2 | DJ69: 68 | DK69: 3 | DL69: 3 | DM69: 2 | DN69: 3 | DO69: 3 | DP69: 3 | DQ69: 2 | DR69: 2 | DS69: 2 | DT69: 2 | DU69: 3 | DV69: 3 | DW69: 3 | DX69: 3 | DY69: 2 | DZ69: 2 | EA69: 2 | EB69: 2 | EC69: 2 | ED69: 2 | EE69: 2 | EF69: 3 | EG69: 3 | EH69: 3 | EI69: 3 | EJ69: 3 | EK69: 2 | EL69: 3 | EM69: 3 | EN69: 3 | EO69: 2 | EP69: 2 | EQ69: 3 | ER69: 2 | ES69: 2 | ET69: 3 | EU69: 3 | EV69: 2 | EW69: 3 | EX69: 3 | EY69: 2 | EZ69: 2 | FA69: 2 | FB69: 3 | FC69: 2 | FD69: 2 | FE69: 2 | FF69: 2 | FG69: 3 | FH69: 2 | FQ69: 68 | FR69: 1 | FS69: =MATCH(RAND(),INDEX(Q_,FR69,0)) -> 2 | FT69: =MATCH(RAND(),INDEX(Q_,FS69,0)) -> 2 | FU69: =MATCH(RAND(),INDEX(Q_,FT69,0)) -> 1 | FV69: =MATCH(RAND(),INDEX(Q_,FU69,0)) -> 2 | FW69: =MATCH(RAND(),INDEX(Q_,FV69,0)) -> 2 | FX69: =MATCH(RAND(),INDEX(Q_,FW69,0)) -> 2 | FY69: =MATCH(RAND(),INDEX(Q_,FX69,0)) -> 3 | FZ69: =MATCH(RAND(),INDEX(Q_,FY69,0)) -> 3 | ... HP69: =MATCH(RAND(),INDEX(Q_,HO69,0)) -> 2 | HQ69: =IF(ISNUMBER(MATCH(3,FS69:HP69,0)),MATCH(3,FS69:HP69,0),51) -> 7 | HS69: 68 | HT69: 3 | HU69: =MATCH(RAND(),INDEX(Q_,HT69,0)) -> 3 | HV69: =MATCH(RAND(),INDEX(Q_,HU69,0)) -> 3 | HW69: =MATCH(RAND(),INDEX(Q_,HV69,0)) -> 3 | HX69: =MATCH(RAND(),INDEX(Q_,HW69,0)) -> 2 | HY69: =MATCH(RAND(),INDEX(Q_,HX69,0)) -> 3 | HZ69: =MATCH(RAND(),INDEX(Q_,HY69,0)) -> 3 | IA69: =MATCH(RAND(),INDEX(Q_,HZ69,0)) -> 2 | IB69: =MATCH(RAND(),INDEX(Q_,IA69,0)) -> 2 | ... JR69: =MATCH(RAND(),INDEX(Q_,JQ69,0)) -> 3 | JS69: =IF(ISNUMBER(MATCH(1,HU69:JR69,0)),MATCH(1,HU69:JR69,0),51) -> 42
H70: 69 | I70: 3 | J70: 3 | K70: 3 | L70: 2 | M70: 2 | N70: 2 | O70: 2 | P70: 2 | Q70: 2 | R70: 2 | S70: 2 | T70: 2 | U70: 3 | V70: 1 | W70: 2 | X70: 2 | Y70: 2 | Z70: 3 | AA70: 2 | AB70: 2 | AC70: 2 | AD70: 2 | AE70: 3 | AF70: 3 | AG70: 3 | AH70: 3 | AI70: 2 | AJ70: 2 | AK70: 2 | AL70: 2 | AM70: 2 | AN70: 2 | AO70: 2 | AP70: 1 | AQ70: 2 | AR70: 2 | AS70: 2 | AT70: 3 | AU70: 3 | AV70: 3 | AW70: 2 | AX70: 2 | AY70: 2 | AZ70: 3 | BA70: 3 | BB70: 3 | BC70: 3 | BD70: 3 | BE70: 3 | BF70: 3 | BI70: 69 | BJ70: 1 | BK70: 2 | BL70: 2 | BM70: 2 | BN70: 3 | BO70: 3 | BP70: 3 | BQ70: 2 | BR70: 2 | BS70: 3 | BT70: 3 | BU70: 2 | BV70: 2 | BW70: 1 | BX70: 1 | BY70: 1 | BZ70: 2 | CA70: 2 | CB70: 1 | CC70: 2 | CD70: 2 | CE70: 2 | CF70: 1 | CG70: 2 | CH70: 2 | CI70: 2 | CJ70: 2 | CK70: 3 | CL70: 3 | CM70: 2 | CN70: 3 | CO70: 3 | CP70: 2 | CQ70: 3 | CR70: 3 | CS70: 2 | CT70: 3 | CU70: 2 | CV70: 3 | CW70: 3 | CX70: 3 | CY70: 2 | CZ70: 2 | DA70: 2 | DB70: 2 | DC70: 3 | DD70: 3 | DE70: 3 | DF70: 2 | DG70: 2 | DJ70: 69 | DK70: 3 | DL70: 2 | DM70: 2 | DN70: 2 | DO70: 2 | DP70: 3 | DQ70: 3 | DR70: 2 | DS70: 2 | DT70: 3 | DU70: 2 | DV70: 2 | DW70: 2 | DX70: 2 | DY70: 2 | DZ70: 2 | EA70: 2 | EB70: 3 | EC70: 3 | ED70: 2 | EE70: 2 | EF70: 2 | EG70: 2 | EH70: 2 | EI70: 3 | EJ70: 3 | EK70: 3 | EL70: 3 | EM70: 3 | EN70: 2 | EO70: 2 | EP70: 2 | EQ70: 2 | ER70: 2 | ES70: 2 | ET70: 2 | EU70: 2 | EV70: 2 | EW70: 2 | EX70: 2 | EY70: 3 | EZ70: 3 | FA70: 3 | FB70: 3 | FC70: 3 | FD70: 1 | FE70: 1 | FF70: 2 | FG70: 2 | FH70: 2 | FQ70: 69 | FR70: 1 | FS70: =MATCH(RAND(),INDEX(Q_,FR70,0)) -> 1 | FT70: =MATCH(RAND(),INDEX(Q_,FS70,0)) -> 2 | FU70: =MATCH(RAND(),INDEX(Q_,FT70,0)) -> 2 | FV70: =MATCH(RAND(),INDEX(Q_,FU70,0)) -> 2 | FW70: =MATCH(RAND(),INDEX(Q_,FV70,0)) -> 2 | FX70: =MATCH(RAND(),INDEX(Q_,FW70,0)) -> 3 | FY70: =MATCH(RAND(),INDEX(Q_,FX70,0)) -> 2 | FZ70: =MATCH(RAND(),INDEX(Q_,FY70,0)) -> 2 | ... HP70: =MATCH(RAND(),INDEX(Q_,HO70,0)) -> 3 | HQ70: =IF(ISNUMBER(MATCH(3,FS70:HP70,0)),MATCH(3,FS70:HP70,0),51) -> 6 | HS70: 69 | HT70: 3 | HU70: =MATCH(RAND(),INDEX(Q_,HT70,0)) -> 3 | HV70: =MATCH(RAND(),INDEX(Q_,HU70,0)) -> 2 | HW70: =MATCH(RAND(),INDEX(Q_,HV70,0)) -> 1 | HX70: =MATCH(RAND(),INDEX(Q_,HW70,0)) -> 2 | HY70: =MATCH(RAND(),INDEX(Q_,HX70,0)) -> 2 | HZ70: =MATCH(RAND(),INDEX(Q_,HY70,0)) -> 2 | IA70: =MATCH(RAND(),INDEX(Q_,HZ70,0)) -> 3 | IB70: =MATCH(RAND(),INDEX(Q_,IA70,0)) -> 3 | ... JR70: =MATCH(RAND(),INDEX(Q_,JQ70,0)) -> 2 | JS70: =IF(ISNUMBER(MATCH(1,HU70:JR70,0)),MATCH(1,HU70:JR70,0),51) -> 3
... H1001: 1000 | I1001: 1 | J1001: 1 | K1001: 2 | L1001: 3 | M1001: 2 | N1001: 2 | O1001: 1 | P1001: 2 | Q1001: 2 | R1001: 2 | S1001: 3 | T1001: 3 | U1001: 2 | V1001: 2 | W1001: 3 | X1001: 1 | Y1001: 1 | Z1001: 1 | AA1001: 2 | AB1001: 1 | AC1001: 2 | AD1001: 2 | AE1001: 2 | AF1001: 2 | AG1001: 2 | AH1001: 2 | AI1001: 2 | AJ1001: 3 | AK1001: 2 | AL1001: 3 | AM1001: 2 | AN1001: 2 | AO1001: 2 | AP1001: 2 | AQ1001: 2 | AR1001: 2 | AS1001: 2 | AT1001: 2 | AU1001: 2 | AV1001: 2 | AW1001: 1 | AX1001: 1 | AY1001: 1 | AZ1001: 2 | BA1001: 3 | BB1001: 2 | BC1001: 3 | BD1001: 3 | BE1001: 3 | BF1001: 3 | BI1001: 1000 | BJ1001: 1 | BK1001: 2 | BL1001: 3 | BM1001: 3 | BN1001: 3 | BO1001: 3 | BP1001: 3 | BQ1001: 3 | BR1001: 3 | BS1001: 3 | BT1001: 2 | BU1001: 2 | BV1001: 2 | BW1001: 3 | BX1001: 3 | BY1001: 2 | BZ1001: 2 | CA1001: 2 | CB1001: 2 | CC1001: 3 | CD1001: 3 | CE1001: 2 | CF1001: 2 | CG1001: 2 | CH1001: 1 | CI1001: 2 | CJ1001: 3 | CK1001: 2 | CL1001: 2 | CM1001: 3 | CN1001: 3 | CO1001: 2 | CP1001: 2 | CQ1001: 2 | CR1001: 2 | CS1001: 2 | CT1001: 3 | CU1001: 2 | CV1001: 2 | CW1001: 2 | CX1001: 2 | CY1001: 3 | CZ1001: 3 | DA1001: 2 | DB1001: 3 | DC1001: 2 | DD1001: 2 | DE1001: 2 | DF1001: 2 | DG1001: 2 | DJ1001: 1000 | DK1001: 3 | DL1001: 3 | DM1001: 3 | DN1001: 3 | DO1001: 3 | DP1001: 2 | DQ1001: 2 | DR1001: 2 | DS1001: 2 | DT1001: 2 | DU1001: 2 | DV1001: 3 | DW1001: 3 | DX1001: 2 | DY1001: 2 | DZ1001: 2 | EA1001: 1 | EB1001: 1 | EC1001: 1 | ED1001: 1 | EE1001: 1 | EF1001: 1 | EG1001: 2 | EH1001: 3 | EI1001: 3 | EJ1001: 3 | EK1001: 2 | EL1001: 2 | EM1001: 2 | EN1001: 3 | EO1001: 3 | EP1001: 2 | EQ1001: 2 | ER1001: 2 | ES1001: 2 | ET1001: 3 | EU1001: 2 | EV1001: 3 | EW1001: 2 | EX1001: 2 | EY1001: 2 | EZ1001: 3 | FA1001: 3 | FB1001: 2 | FC1001: 2 | FD1001: 2 | FE1001: 2 | FF1001: 2 | FG1001: 2 | FH1001: 2 | FQ1001: 1000 | FR1001: 1 | FS1001: =MATCH(RAND(),INDEX(Q_,FR1001,0)) -> 2 | FT1001: =MATCH(RAND(),INDEX(Q_,FS1001,0)) -> 2 | FU1001: =MATCH(RAND(),INDEX(Q_,FT1001,0)) -> 3 | FV1001: =MATCH(RAND(),INDEX(Q_,FU1001,0)) -> 3 | FW1001: =MATCH(RAND(),INDEX(Q_,FV1001,0)) -> 2 | FX1001: =MATCH(RAND(),INDEX(Q_,FW1001,0)) -> 2 | FY1001: =MATCH(RAND(),INDEX(Q_,FX1001,0)) -> 2 | FZ1001: =MATCH(RAND(),INDEX(Q_,FY1001,0)) -> 2 | ... HP1001: =MATCH(RAND(),INDEX(Q_,HO1001,0)) -> 3 | HQ1001: =IF(ISNUMBER(MATCH(3,FS1001:HP1001,0)),MATCH(3,FS1001:HP1001,0),51) -> 3 | HS1001: 1000 | HT1001: 3 | HU1001: =MATCH(RAND(),INDEX(Q_,HT1001,0)) -> 2 | HV1001: =MATCH(RAND(),INDEX(Q_,HU1001,0)) -> 2 | HW1001: =MATCH(RAND(),INDEX(Q_,HV1001,0)) -> 3 | HX1001: =MATCH(RAND(),INDEX(Q_,HW1001,0)) -> 2 | HY1001: =MATCH(RAND(),INDEX(Q_,HX1001,0)) -> 2 | HZ1001: =MATCH(RAND(),INDEX(Q_,HY1001,0)) -> 3 | IA1001: =MATCH(RAND(),INDEX(Q_,HZ1001,0)) -> 2 | IB1001: =MATCH(RAND(),INDEX(Q_,IA1001,0)) -> 2 | ... JR1001: =MATCH(RAND(),INDEX(Q_,JQ1001,0)) -> 3 | JS1001: =IF(ISNUMBER(MATCH(1,HU1001:JR1001,0)),MATCH(1,HU1001:JR1001,0),51) -> 51

Sheet 01_Results_Dashboard
A1: Results Dashboard & Interpretation
A3: All numerical results and narrative statements are dynamically linked to the simulation engine.
A5: Q1 — Long-Run Social-Level Distribution
A6: Initial distribution | B6: Upper | C6: Middle | D6: Lower | F6: ="By generation 50, the three starting distributions produce closely aligned class shares. The mixed-start run is "&TEXT(B7,"0.0%")&" Upper, "&TEXT(C7,"0.0%")&" Middle, and "&TEXT(D7,"0.0%")&" Lower. Across all three starts, the largest class-share spread is "&TEXT(MAX(B10:D10),"0.0%")&". This indicates that the long-run distribution is largely insensitive to the initial class composition under the assumed transition matrix." -> By generation 50, the three starting distributions produce closely aligned class shares. The mixed-start run is 6.0% Upper, 64.0% Middle, and 30.0% Lower. Across all three starts, the largest class-share spread is 1.8%. This indicates that the long-run distribution is largely insensitive to the initial class composition under the assumed transition matrix.
A7: [0.5, 0, 0.5] | B7: ='2Social_Mobility'!FM3 -> 0.06 | C7: ='2Social_Mobility'!FM4 -> 0.64 | D7: ='2Social_Mobility'!FM5 -> 0.3
A8: [1, 0, 0] | B8: ='2Social_Mobility'!FM22 -> 0.068 | C8: ='2Social_Mobility'!FM23 -> 0.628 | D8: ='2Social_Mobility'!FM24 -> 0.304
A9: [0, 0, 1] | B9: ='2Social_Mobility'!FM41 -> 0.055 | C9: ='2Social_Mobility'!FM42 -> 0.627 | D9: ='2Social_Mobility'!FM43 -> 0.318
A10: Range across starts | B10: =MAX(B7:B9)-MIN(B7:B9) -> 0.013 | C10: =MAX(C7:C9)-MIN(C7:C9) -> 0.013 | D10: =MAX(D7:D9)-MIN(D7:D9) -> 0.018
F12: Q2 — Upper-Level Probability Path
F13: Generation | G13: Adam | H13: Cooper | I13: ="Adam begins in the upper level and Cooper in the lower level. In generation 1, P(Upper) is "&TEXT(G14,"0.0%")&" for Adam versus "&TEXT(H14,"0.0%")&" for Cooper. By generation 10, the estimates are "&TEXT(G23,"0.0%")&" and "&TEXT(H23,"0.0%")&". The narrowing gap shows how the effect of starting position fades across generations." -> Adam begins in the upper level and Cooper in the lower level. In generation 1, P(Upper) is 43.2% for Adam versus 1.2% for Cooper. By generation 10, the estimates are 6.6% and 5.9%. The narrowing gap shows how the effect of starting position fades across generations.
F14: 1 | G14: ='2Social_Mobility'!JW2 -> 0.432 | H14: ='2Social_Mobility'!JX2 -> 0.012
F15: 2 | G15: ='2Social_Mobility'!JW3 -> 0.209 | H15: ='2Social_Mobility'!JX3 -> 0.037
F16: 3 | G16: ='2Social_Mobility'!JW4 -> 0.135 | H16: ='2Social_Mobility'!JX4 -> 0.037
F17: 4 | G17: ='2Social_Mobility'!JW5 -> 0.081 | H17: ='2Social_Mobility'!JX5 -> 0.062
F18: 5 | G18: ='2Social_Mobility'!JW6 -> 0.064 | H18: ='2Social_Mobility'!JX6 -> 0.063
F19: 6 | G19: ='2Social_Mobility'!JW7 -> 0.055 | H19: ='2Social_Mobility'!JX7 -> 0.065
F20: 7 | G20: ='2Social_Mobility'!JW8 -> 0.061 | H20: ='2Social_Mobility'!JX8 -> 0.071
F21: 8 | G21: ='2Social_Mobility'!JW9 -> 0.049 | H21: ='2Social_Mobility'!JX9 -> 0.069
F22: 9 | G22: ='2Social_Mobility'!JW10 -> 0.064 | H22: ='2Social_Mobility'!JX10 -> 0.069
F23: 10 | G23: ='2Social_Mobility'!JW11 -> 0.066 | H23: ='2Social_Mobility'!JX11 -> 0.059
A27: Q3 — First-Passage Time Across Social Extremes
A28: Direction | B28: Mean generations | C28: 95% CI lower | D28: 95% CI upper
A29: Upper → Lower | B29: ='2Social_Mobility'!KE1 -> 5.346 | C29: ='2Social_Mobility'!KG1 -> 5.0973628 | D29: ='2Social_Mobility'!KI1 -> 5.5946372
A30: Lower → Upper | B30: ='2Social_Mobility'!KE2 -> 24.141 | C30: ='2Social_Mobility'!KG2 -> 23.057415 | D30: ='2Social_Mobility'!KI2 -> 25.224585
A32: ="Upper→Lower first passage averages "&TEXT(B29,"0.00")&" generations (95% CI "&TEXT(C29,"0.00")&"–"&TEXT(D29,"0.00")&"). Lower→Upper first passage averages "&TEXT(B30,"0.00")&" generations (95% CI "&TEXT(C30,"0.00")&"–"&TEXT(D30,"0.00")&"). The much longer lower→upper time indicates asymmetric mobility between the two extremes." -> Upper→Lower first passage averages 5.35 generations (95% CI 5.10–5.59). Lower→Upper first passage averages 24.14 generations (95% CI 23.06–25.22). The much longer lower→upper time indicates asymmetric mobility between the two extremes.
F36: Simulation Convergence — Initial-State Dependence
A37: ="The absolute difference in P(Upper) between Adam and Cooper declines from "&TEXT(I38,"0.0%")&" in generation 1 to "&TEXT(I47,"0.0%")&" in generation 10. Small late-generation reversals are consistent with Monte Carlo sampling noise from N="&TEXT('2Social_Mobility'!C17,"#,##0")&" simulated family lines rather than a failure of the underlying convergence pattern." -> The absolute difference in P(Upper) between Adam and Cooper declines from 42.0% in generation 1 to 0.7% in generation 10. Small late-generation reversals are consistent with Monte Carlo sampling noise from N=1,000 simulated family lines rather than a failure of the underlying convergence pattern. | F37: Generation | G37: Adam P(Upper) | H37: Cooper P(Upper) | I37: Absolute gap
F38: 1 | G38: =G14 -> 0.432 | H38: =H14 -> 0.012 | I38: =ABS(G38-H38) -> 0.42
F39: 2 | G39: =G15 -> 0.209 | H39: =H15 -> 0.037 | I39: =ABS(G39-H39) -> 0.172
F40: 3 | G40: =G16 -> 0.135 | H40: =H16 -> 0.037 | I40: =ABS(G40-H40) -> 0.098
F41: 4 | G41: =G17 -> 0.081 | H41: =H17 -> 0.062 | I41: =ABS(G41-H41) -> 0.019
F42: 5 | G42: =G18 -> 0.064 | H42: =H18 -> 0.063 | I42: =ABS(G42-H42) -> 0.001
A43: Managerial / Analytical Implications | F43: 6 | G43: =G19 -> 0.055 | H43: =H19 -> 0.065 | I43: =ABS(G43-H43) -> 0.01
A44: The simulation separates aggregate stability from individual mobility barriers. The long-run class mix is relatively insensitive to initial population composition, yet families starting at opposite extremes experience very different short-run paths. The first-passage results further show that lower→upper movement is substantially slower than upper→lower movement. For decision analysis, this means a stable aggregate distribution can coexist with persistent barriers for particular starting groups. Education access, tax relief, or welfare support can therefore be discussed as possible levers for reducing transition frictions, while recognizing that this model is descriptive and does not estimate the causal effect of any specific intervention. | F44: 7 | G44: =G20 -> 0.061 | H44: =H20 -> 0.071 | I44: =ABS(G44-H44) -> 0.01
F45: 8 | G45: =G21 -> 0.049 | H45: =H21 -> 0.069 | I45: =ABS(G45-H45) -> 0.02
F46: 9 | G46: =G22 -> 0.064 | H46: =H22 -> 0.069 | I46: =ABS(G46-H46) -> 0.005
F47: 10 | G47: =G23 -> 0.066 | H47: =H23 -> 0.059 | I47: =ABS(G47-H47) -> 0.007
A52: Limitations
A53: 1 | B53: Transition probabilities are assumed constant across generations; structural economic or institutional changes are not modeled.
A54: 2 | B54: The Markov assumption makes the next state depend only on the current social level, not the full family history.
A55: 3 | B55: Three broad states compress socioeconomic status and omit within-class heterogeneity.
A56: 4 | B56: RAND()-based Monte Carlo estimates change when the workbook recalculates; N=1,000 limits but does not eliminate simulation noise.
A57: 5 | B57: First-passage values use the model’s finite 50-generation horizon; paths without a hit are coded as 51 in the calculation engine.
A58: 6 | B58: Policy implications are interpretive. The model does not identify causal effects of education, tax, or welfare interventions.

Sheet 03_Documentation
A1: Model Documentation & Reproducibility
A4: Model Components
A5: Component | B5: Definition | F5: Workbook implementation
A6: States | B6: 1 = Upper; 2 = Middle; 3 = Lower | F6: 2Social_Mobility!C1:C3
A7: P | B7: 3×3 transition matrix P(next state | current state) | F7: 2Social_Mobility!C4:E6
A8: Q | B8: Cumulative transition matrix used for random-state mapping | F8: 2Social_Mobility!C7:F9
A9: f0 / F0 | B9: Three initial distributions and their cumulative forms | F9: 2Social_Mobility!C10:F15
A10: T | B10: Simulation horizon | F10: 50 generations
A11: N2 | B11: Number of simulated family lines | F11: 1,000
A12: Adam | B12: Starts at state 1 (Upper) | F12: x0=1; simulate x1…x50
A13: Cooper | B13: Starts at state 3 (Lower) | F13: x0=3; simulate x1…x50
A15: Simulation Logic
A16: Step | B16: Logic
A17: 1 | B17: Draw a RAND() value in [0,1).
A18: 2 | B18: Select the cumulative-probability row associated with the current social state.
A19: 3 | B19: Use MATCH(RAND(), INDEX(Q_, current_state, 0)) to map the random draw to the next discrete state.
A20: 4 | B20: Repeat recursively through generation 50 for each simulated family line.
A21: 5 | B21: Q1 summarizes generation-50 state frequencies under three initial distributions.
A22: 6 | B22: Q2 calculates the share of Adam / Cooper simulations in state 1 for generations 1–10.
A23: 7 | B23: Q3 uses MATCH() to locate the first target-state occurrence; no hit through x50 is coded as 51.
A25: Named Ranges
A26: Name | B26: Role
A27: upper_level | B27: State code 1
A28: middle_level | B28: State code 2
A29: lower_level | B29: State code 3
A30: p_ | B30: Transition matrix P
A31: Q_ | B31: Cumulative transition matrix Q
A32: f0_ / F0_CDF | B32: Initial distributions / cumulative distributions
A33: T / N2_ | B33: Horizon / number of simulated families
A34: x50_ | B34: Generation-50 states for mixed initial distribution
A35: first_class3 / first_class1 | B35: Adam / Cooper first-passage outputs
A36: Adam_1st_class3 / Cooper_1st_class1 | B36: Mean first-passage statistics
A38: Reproducibility & Interpretation Notes
A39: 1 | B39: Workbook calculations are stochastic because RAND() recalculates. Numerical results may change slightly each time Excel recalculates.
A40: 2 | B40: Dashboard numbers use internal workbook references rather than copied values; narrative interpretations use formula-based TEXT() references so prose updates with the simulation.
A41: 3 | B41: The original calculation formulas and all 20 named ranges are retained. The calculation sheet name remains 2Social_Mobility so existing named-range references remain valid.
A42: 4 | B42: Generation-50 similarity across initial distributions is evidence of simulated long-run convergence under the specified transition matrix, not proof that real-world social mobility follows the same stationary process.
A43: 5 | B43: Confidence intervals summarize Monte Carlo first-passage estimates under the model assumptions; they are not confidence intervals for a separately estimated real-world causal parameter.
